question,groundtruth,difficulty,response,scores,sources,retrieved_contexts
Qual è il periodo minimo di autonomia operativa richiesto per una micro-grid secondo lo standard Kyoto 2.0?,Ogni micro-grid deve essere in grado di operare in modalità isola per un periodo minimo di 72 ore.,facile,Il periodo minimo di autonomia operativa richiesto per una micro-grid secondo lo standard Kyoto 2.0 è di 72 ore.,"[0.33877503871917725, 0.48011720180511475, 0.494512140750885]","['synthetic_data_AETERNA\\Volume_01_visione_globale_e_filosofia_di_aeterna.md:0:4', 'synthetic_data_AETERNA\\Volume_12_interfacciamento_con_la_mobilità_elettrica.md:0:14', 'synthetic_data_AETERNA\\Volume_12_interfacciamento_con_la_mobilità_elettrica.md:0:31']","['Bassa Trasparenza Operativa: Impossibilità di tracciare in modo affidabile i flussi energetici e le responsabilità operative.\n\n1.2.2 Standard Kyoto 2.0: Requisiti e Implicazioni\n\nIl protocollo Kyoto 2.0, adottato nel 2025 come standard interno per la sostenibilità energetica, introduce i seguenti requisiti tecnici:\n\nAutonomia Energetica Locale: Ogni micro-grid deve essere in grado di operare in modalità isola per un periodo minimo di 72 ore.\n\nTrasparenza e Tracciabilità: Implementazione obbligatoria di ledger distribuiti per la registrazione di ogni transazione e scambio energetico (Bit-Energy).', 'Parametro Descrizione Origine Tracciabilità (Kyoto 2.0) Utilizzo in Smart Contract DID Utente Identificativo decentralizzato dell’utente H-Node Sì Sì DID Dispositivo Identificativo decentralizzato del VE/punto di ricarica H-Node Sì Sì Timestamp Data e ora di inizio/fine sessione H-Node Sì Sì Energia Scambiata (kWh) Quantità di energia caricata/scaricata H-Node Sì Sì SoC Iniziale/Finale Stato di carica all’inizio/fine sessione H-Node Sì Sì Policy Attiva Parametri di smart charging/V2G applicati H-Node/Fog Sì Sì Stato Rete Locale Condizioni della micro-rete al momento della sessione Fog Sì Sì Valore Bit-Energy Valore dinamico del token al momento della transazione', 'Tabella: Parametri Monitorati e Azioni Correlate\n\nParametro Monitorato Soglia Critica Azione Automatica Tracciamento Blockchain Corrente erogata > 10% rispetto nominale Riduzione potenza, notifica utente Sì (Kyoto 2.0) Temperatura interna > 60°C Stop sessione, apertura ticket manutenzione Sì Stato di connessione Disconnesso > 2 min Segnalazione fault, suggerimento alternativa Sì Guasto hardware (fault) Qualsiasi codice errore Blocco stazione, notifica tecnica Sì Congestione micro-rete > 90% capacità Bilanciamento carico, suggerimento spostamento Sì\n\nTabella: Policy di Ottimizzazione Applicate']"
In che modo il protocollo Bit-Energy integra la componente di giustizia distributiva con la gestione delle transazioni energetiche e quali strumenti tecnici vengono utilizzati per garantire equità tra gli utenti?,"Il protocollo Bit-Energy integra la componente di giustizia distributiva attraverso algoritmi di bilanciamento predittivo che redistribuiscono automaticamente l’energia in surplus verso nodi a rischio di deficit, secondo policy di equità definite in smart contract. Viene inoltre garantita una quota minima di Bit-Energy per ogni utente, con redistribuzione dinamica in caso di emergenze. Gli strumenti tecnici utilizzati per garantire equità tra gli utenti includono smart contract per l’enforcement delle soglie minime, algoritmi di bilanciamento predittivo (Macro Forecasting AI), ledger distribuiti per la tracciabilità delle transazioni, e policy automatiche di priorità a favore di utenti vulnerabili. Tutte le transazioni sono validate, tracciate e storicizzate su blockchain privata, assicurando auditabilità e compliance con gli standard Kyoto 2.0.",media,"Il protocollo Bit-Energy integra la componente di giustizia distributiva direttamente nei meccanismi di gestione delle transazioni energetiche attraverso una serie di strumenti tecnici e policy automatizzate:

**1. Algoritmi di bilanciamento predittivo:**  
Utilizza algoritmi di Macro Forecasting AI che analizzano i dati di produzione, consumo e previsioni di domanda per identificare situazioni di surplus e deficit energetico tra i nodi della rete. Questi algoritmi, implementati tramite smart contract, determinano la redistribuzione ottimale dei Bit-Energy, dando priorità a criteri sociali e ambientali predefiniti.

**2. Smart contract di equità:**  
Le policy di giustizia distributiva sono codificate in smart contract che regolano automaticamente la redistribuzione dell’energia in surplus verso i nodi a rischio di deficit. Questi contratti garantiscono che la distribuzione avvenga secondo regole trasparenti e non manipolabili, assicurando l’enforcement di soglie minime di Bit-Energy per ogni utente (quota minima garantita).

**3. Redistribuzione dinamica e automatica:**  
In caso di emergenze o squilibri, il sistema attiva la redistribuzione dinamica dei Bit-Energy, assicurando che nessun utente scenda sotto la soglia minima stabilita. Questo meccanismo è gestito in modo automatico dagli smart contract, senza necessità di intervento manuale.

**4. Tracciabilità e auditabilità su blockchain:**  
Tutte le transazioni, inclusi i processi di redistribuzione, sono tracciate e storicizzate su una blockchain privata. Questo garantisce trasparenza, non ripudiabilità e possibilità di audit per verificare che le regole di equità siano state rispettate.

**5. Anomaly Detection AI:**  
Modelli predittivi monitorano i flussi energetici e le transazioni per identificare comportamenti anomali o tentativi di aggirare le regole di equità, rafforzando la sicurezza e la correttezza del sistema.

**In sintesi:**  
La giustizia distributiva è integrata nel protocollo Bit-Energy tramite algoritmi predittivi, smart contract e policy di quota minima, con il supporto di tecnologie di tracciabilità e monitoraggio avanzato. Questi strumenti tecnici garantiscono che la gestione delle transazioni energetiche sia equa, trasparente e conforme agli standard definiti dal progetto.","[0.3185817003250122, 0.3217049241065979, 0.3528965711593628]","['synthetic_data_AETERNA\\Volume_01_visione_globale_e_filosofia_di_aeterna.md:0:22', 'synthetic_data_AETERNA\\Volume_01_visione_globale_e_filosofia_di_aeterna.md:0:20', 'synthetic_data_AETERNA\\Volume_12_interfacciamento_con_la_mobilità_elettrica.md:0:123']","['Il protocollo Bit-Energy prevede che ogni transazione sia validata, tracciata e storicizzata su blockchain privata, garantendo non ripudiabilità, auditabilità e compliance con gli standard Kyoto 2.0.\n\n2.2.2 Protocolli Operativi\n\nEmissione: i Bit-Energy vengono generati dagli H-Node in funzione dell’energia prodotta localmente (es. fotovoltaico, eolico), con validazione automatica tramite smart meter certificati.\n\nScambio P2P: protocollo Bit-Energy Exchange, basato su handshake crittografico, smart contract di matching domanda/offerta e settlement atomico.\n\nCompensazione: algoritmi di bilanciamento predittivo (Macro Forecasting AI) determinano la redistribuzione ottimale dei Bit-Energy in base a forecast di domanda e priorità sociali/ambientali.', 'End-to-End Encryption: cifratura dei dati energetici sia in transito che a riposo, con rotazione periodica delle chiavi.\n\nAnomaly Detection AI: modelli predittivi per l’identificazione di pattern anomali nei flussi energetici e nelle transazioni.\n\n2.1.7 Giustizia Distributiva\n\nAlgoritmi di bilanciamento predittivo: redistribuzione automatica dell’energia in surplus verso nodi a rischio di deficit, secondo policy di equità definite in smart contract.\n\nQuota minima garantita: enforcement di soglie minime di Bit-Energy per ogni utente, con redistribuzione dinamica in caso di emergenze.\n\n2.2 Bit-Energy: Definizione Formale e Protocolli di Gestione\n\n2.2.1 Definizione di Bit-Energy', 'Resilienza e Affidabilità: La capacità di gestire surplus, accumulo e scambio P2P consente di mitigare i rischi di blackout e di garantire la continuità del servizio anche in scenari di stress della rete pubblica.\n\nValorizzazione Economica: L’integrazione nativa con il sistema Bit-Energy permette la monetizzazione dei surplus energetici e incentiva la partecipazione attiva dei prosumer, favorendo la nascita di nuovi modelli di business energetici decentralizzati.\n\nCompliance e Trasparenza: La tracciabilità end-to-end, abilitata da smart contract e tagging Kyoto 2.0/Bit-Energy, garantisce la conformità agli standard interni del progetto e offre strumenti di audit e rendicontazione avanzata per tutti gli stakeholder.']"
Quali sono le fasi principali del processo di ottimizzazione quantistica nella rete AETERNA e come ciascuna di esse contribuisce alla riduzione dell’entropia energetica e all’aumento della resilienza e dell’efficienza operativa del sistema urbano?,"Le fasi principali del processo di ottimizzazione quantistica nella rete AETERNA sono:

1. Raccolta dati consumo/produzione dagli H-Node.
2. Clustering adattivo a livello Fog per segmentare la rete in micro-cluster energetici (Energy Cells) omogenei.
3. Avvio dell’ottimizzazione evolutiva tramite algoritmi che modellano la rete come un grafo dinamico, identificando i percorsi ottimali per il trasferimento di Bit-Energy e simulando scenari multipli di domanda/offerta.
4. Analisi macro e forecast AI a livello Cloud per supportare le decisioni operative.
5. Applicazione delle policy Kyoto 2.0 e delle regole di compliance tramite smart contract.
6. Ribilanciamento e auto-riparazione dei flussi energetici in caso di guasti o variazioni di carico.
7. Audit e storicizzazione delle transazioni e delle ottimizzazioni nel ledger distribuito.

Ciascuna fase contribuisce alla riduzione dell’entropia energetica e all’aumento della resilienza e dell’efficienza operativa del sistema urbano nel seguente modo:

- La raccolta dati e il clustering adattivo permettono di localizzare i flussi energetici, riducendo la dispersione e facilitando l’auto-riparazione in caso di guasti.
- Gli algoritmi evolutivi ottimizzano il routing e l’allocazione delle risorse, minimizzando le perdite di trasmissione e adattandosi dinamicamente ai carichi variabili.
- L’analisi AI e l’applicazione delle policy assicurano che le strategie operative siano predittive, sostenibili e conformi agli standard ambientali.
- Il ribilanciamento automatico e la storicizzazione delle operazioni garantiscono continuità, trasparenza e miglioramento continuo, aumentando la resilienza e l’efficienza complessiva della rete urbana.",difficile,"Le fasi principali del processo di ottimizzazione quantistica nella rete AETERNA, secondo il contesto fornito, sono le seguenti:

**1. Raccolta e Analisi Distribuita dei Dati (Edge, Fog, Cloud)**
- **Descrizione:** I dati relativi a consumi, produzione, flussi energetici e stato della rete vengono raccolti in tempo reale a tutti i livelli dell’architettura multilivello (Edge, Fog, Cloud).
- **Contributo:** Questa fase consente una visione granulare e aggiornata dello stato della rete, riducendo l’incertezza (entropia informativa) e permettendo decisioni localizzate e tempestive, fondamentali per la resilienza.

**2. Clustering Adattivo e Pre-elaborazione**
- **Descrizione:** I dati raccolti vengono aggregati e suddivisi in cluster dinamici tramite algoritmi adattivi, che identificano pattern di consumo, anomalie e opportunità di ottimizzazione.
- **Contributo:** Il clustering riduce il disordine sistemico, facilitando l’individuazione di inefficienze e la localizzazione di risorse, abbassando così l’entropia energetica e migliorando l’efficienza operativa.

**3. Applicazione di Algoritmi di Ottimizzazione Evolutiva**
- **Descrizione:** Vengono impiegati algoritmi evolutivi che simulano processi di selezione naturale per individuare, tra molteplici configurazioni possibili, quelle che massimizzano l’efficienza energetica e la resilienza della rete.
- **Contributo:** Questi algoritmi permettono alla rete di apprendere e adattarsi, auto-riparandosi in caso di guasti e ottimizzando la distribuzione delle risorse, riducendo ulteriormente l’entropia e aumentando la robustezza del sistema.

**4. Auto-organizzazione e Adattamento in Tempo Reale**
- **Descrizione:** La rete, grazie ai meccanismi di apprendimento e auto-organizzazione, modifica dinamicamente la propria topologia e le strategie di allocazione delle risorse in risposta a variazioni di carico, guasti o cambiamenti ambientali.
- **Contributo:** L’auto-organizzazione garantisce continuità operativa e minimizza le perdite di trasmissione, incrementando la resilienza e l’efficienza complessiva.

**5. Feedback e Miglioramento Continuo**
- **Descrizione:** I risultati delle ottimizzazioni vengono costantemente monitorati e utilizzati per affinare i modelli predittivi e gli algoritmi, in un ciclo di miglioramento continuo.
- **Contributo:** Questo ciclo chiuso consente alla rete di evolvere e adattarsi progressivamente, mantenendo bassi livelli di entropia energetica e assicurando sostenibilità a lungo termine.

**Sintesi del contributo di ciascuna fase:**
- **Riduzione dell’entropia energetica:** Ogni fase contribuisce a ridurre il disordine e l’inefficienza nella gestione delle risorse, sia attraverso la raccolta intelligente dei dati, sia tramite l’ottimizzazione e l’adattamento continuo.
- **Aumento della resilienza:** L’auto-riparazione, l’adattamento e la capacità di apprendere rendono la rete capace di rispondere efficacemente a guasti e variazioni impreviste.
- **Incremento dell’efficienza operativa:** L’ottimizzazione evolutiva e il clustering adattivo permettono di massimizzare l’utilizzo delle risorse, minimizzando sprechi e perdite.

In conclusione, il processo di ottimizzazione quantistica in AETERNA è strutturato in fasi interconnesse che, agendo sinergicamente, abilitano una rete urbana energetica dinamica, efficiente, resiliente e sostenibile by design.","[0.200680673122406, 0.28687894344329834, 0.28741884231567383]","['synthetic_data_AETERNA\\Volume_01_visione_globale_e_filosofia_di_aeterna.md:0:31', 'synthetic_data_AETERNA\\Volume_01_visione_globale_e_filosofia_di_aeterna.md:0:44', 'synthetic_data_AETERNA\\Volume_01_visione_globale_e_filosofia_di_aeterna.md:0:29']","['AETERNA, attraverso la sua architettura multilivello (Edge, Fog, Cloud), implementa meccanismi di ottimizzazione che vanno oltre la semplice automazione: la rete diventa un organismo cibernetico, in grado di apprendere, auto-ripararsi e minimizzare le perdite di trasmissione, massimizzando l’efficienza e la resilienza. In questo scenario, la sostenibilità quantistica si traduce in una riduzione misurabile dell’entropia energetica, con impatti diretti su efficienza, affidabilità e sostenibilità complessiva del sistema urbano.\n\n2. Specifiche Tecniche e Protocolli\n\n2.1 Algoritmi di Ottimizzazione Evolutiva', 'In sintesi, la sostenibilità quantistica rappresenta il fondamento metodologico e operativo che consente ad AETERNA di superare i limiti strutturali delle reti tradizionali, abilitando un nuovo paradigma di autarchia energetica urbana, resiliente, adattivo e sostenibile by design.\n\nCapitolo 4: Obiettivi Socio-Tecnici\n\nIntroduzione Teorica', 'Il concetto di sostenibilità quantistica rappresenta una delle innovazioni cardine introdotte dal framework AETERNA. In questo contesto, la sostenibilità non è più intesa come mera riduzione dell’impatto ambientale o ottimizzazione dei consumi, bensì come la capacità intrinseca della rete di ridurre l’entropia sistemica, ovvero il grado di disordine e inefficienza nella distribuzione e nell’allocazione delle risorse energetiche. La sostenibilità quantistica si configura come un paradigma computazionale e operativo che sfrutta algoritmi evolutivi e clustering adattivo per realizzare una rete energetica dinamica, auto-organizzante e capace di adattarsi in tempo reale a fluttuazioni di carico, guasti e']"
Qual è il costo medio di implementazione di un H-Node domestico conforme agli standard Bit-Energy e Kyoto 2.0 nei distretti urbani pilota del Progetto AETERNA?,L'informazione non è disponibile nel testo,impossibile,"Sulla base del contesto fornito, non sono presenti dati specifici relativi al costo medio di implementazione di un H-Node domestico conforme agli standard Bit-Energy e Kyoto 2.0 nei distretti urbani pilota del Progetto AETERNA. Il testo si concentra sugli aspetti architetturali, sulle best practice ingegneristiche, sulla conformità normativa e sui benefici in termini di sicurezza, sostenibilità e trasparenza, ma non fornisce informazioni quantitative o economiche riguardo ai costi di implementazione. 

Per ottenere una stima precisa del costo medio, sarebbe necessario consultare documentazione tecnica o amministrativa aggiuntiva del progetto, oppure riferirsi a fonti ufficiali di AETERNA.","[0.3147541284561157, 0.36050379276275635, 0.3798803687095642]","['synthetic_data_AETERNA\\Volume_11_integrazione_con_le_energie_rinnovabili.md:0:1', ""synthetic_data_AETERNA\\Volume_03_specifiche_hardware_dell'h-node.md:0:133"", 'synthetic_data_AETERNA\\Volume_06_algoritmi_di_ottimizzazione_energetica.md:0:143']","['Nel quadro architetturale del Progetto AETERNA, l’integrazione delle fonti rinnovabili domestiche – in particolare impianti fotovoltaici e micro-eolici – costituisce la base per la realizzazione di micro-reti resilienti e autosufficienti. L’adozione di tali tecnologie non solo incrementa la quota di energia prodotta localmente, ma pone sfide significative in termini di interoperabilità, sicurezza, scalabilità e gestione predittiva dei flussi energetici. L’infrastruttura di AETERNA, concepita per operare in scenari urbani complessi e dinamici, richiede che ogni nodo domestico (H-Node) sia in grado di dialogare in modo sicuro e standardizzato con la rete di quartiere (Fog) e con la piattaforma centrale (Cloud), garantendo la raccolta,', 'In sintesi, il ciclo di vita e riciclo dell’H-Node, così come progettato in AETERNA, rappresenta una best practice di ingegneria sistemica, capace di coniugare sicurezza, sostenibilità e innovazione nella gestione delle micro-reti energetiche urbane.', 'Inoltre, la disponibilità di indicatori di performance granulari e la tracciabilità completa tramite Bit-Energy Ledger e compliance Kyoto 2.0 assicurano trasparenza, auditabilità e conformità normativa, elementi imprescindibili per l’integrazione in contesti urbani regolamentati. L’approccio simulativo accelera il ciclo di sviluppo, favorisce la scalabilità orizzontale e verticale delle soluzioni e costituisce un benchmark affidabile per la replicabilità del modello AETERNA in città e quartieri eterogenei.\n\nIn sintesi, la metodologia di simulazione e testing adottata rappresenta un pilastro fondante per la robustezza, la sicurezza e la sostenibilità delle micro-reti energetiche decentralizzate promosse dal Progetto AETERNA.']"
Qual è la quota minima di energia garantita a ciascun nodo secondo la policy Kyoto 2.0 durante una finestra di scarsità?,La quota minima di energia garantita a ciascun nodo secondo la policy Kyoto 2.0 durante una finestra di scarsità è il 15% del fabbisogno energetico stimato per ciascun nodo (0.15 Bit-Energy).,facile,"Secondo la policy Kyoto 2.0, durante una finestra di scarsità energetica, la quota minima di energia garantita a ciascun nodo è pari al 15% di Bit-Energy.","[0.35863882303237915, 0.40705418586730957, 0.43220841884613037]","['synthetic_data_AETERNA\\Volume_01_visione_globale_e_filosofia_di_aeterna.md:0:62', 'synthetic_data_AETERNA\\Volume_01_visione_globale_e_filosofia_di_aeterna.md:0:60', ""synthetic_data_AETERNA\\Volume_03_specifiche_hardware_dell'h-node.md:0:127""]","['2. Flusso Decisionale e Moduli Coinvolti\n\nDurante una finestra di scarsità energetica, il sistema attiva la seguente pipeline:\n\nTrigger di Scarcity Event: superamento soglia di deficit energetico rilevato dai sensori edge e validato dal modulo Fog Leader.\n\nProfilazione e Classificazione: aggiornamento in tempo reale dei profili socio-energetici tramite clustering adattivo.\n\nCalcolo Quota Minima: determinazione della quota minima garantita (es. 15% Bit-Energy) per ciascun nodo, secondo policy Kyoto 2.0.\n\nPonderazione Prioritaria: assegnazione di pesi ai nodi in funzione di vulnerabilità, essenzialità e contributo storico alla rete.\n\nEsecuzione Algoritmo Fair-Share: allocazione iterativa e proporzionale delle risorse disponibili.', ""e si dettaglia la struttura algoritmica 'Fair-Share', responsabile dell’allocazione prioritaria e proporzionale dell’energia durante le finestre di scarsità, in conformità con gli standard interni Kyoto 2.0 e Bit-Energy."", '4. Policy di Sicurezza e Sostenibilità\n\nLe policy Kyoto 2.0 definiscono: - Soglie minime di recupero (es. ≥ 95% metalli rari) - Obbligo di riciclo per tutti i moduli critici - Blacklist automatica per fornitori non conformi agli standard ISO\n\nDiagramma e Tabelle\n\nDiagramma Mermaid – Ciclo di Fine Vita dell’H-Node']"
In che modo il framework AETERNA garantisce la priorità energetica ai veicoli di emergenza durante la gestione della mobilità elettrica nella Smart City 2030?,"Il framework AETERNA garantisce la priorità energetica ai veicoli di emergenza attraverso un sistema multilivello che utilizza moduli come l’Energy Request Handler, che applica policy di priorità basate sul ruolo del nodo (ad esempio, veicolo di emergenza), e il Fog Leader Orchestrator, che coordina le allocazioni energetiche a livello di quartiere. Le flotte di emergenza sono integrate come nodi ad alta priorità, con allocazioni dinamiche e contestabili tramite smart contract. L’accesso alle funzioni di priorità è gestito tramite Role-Based Access Control (RBAC), che assicura priorità assoluta ai servizi di emergenza, e tutte le transazioni sono storicizzate su ledger distribuito per garantire trasparenza e auditabilità.",media,"Il framework AETERNA garantisce la priorità energetica ai veicoli di emergenza nella gestione della mobilità elettrica attraverso una serie di meccanismi tecnici integrati e interoperabili:

1. **Riconoscimento e Classificazione Dinamica**  
AETERNA integra sistemi di identificazione automatica dei veicoli di emergenza (ambulanza, polizia, vigili del fuoco) tramite protocolli sicuri e interoperabili. Questi veicoli sono registrati nel sistema con un profilo di priorità elevata, riconosciuto in tempo reale dalla rete energetica urbana.

2. **Orchestrazione in Tempo Reale**  
Grazie alla sua architettura di orchestrazione energetica, AETERNA monitora costantemente lo stato di carica, la posizione e le richieste di ricarica dei veicoli di emergenza. Quando viene rilevata una richiesta da parte di questi veicoli, il sistema ricalibra dinamicamente la distribuzione energetica, assegnando priorità alle colonnine di ricarica dedicate o più vicine.

3. **Gestione delle Priorità tramite Standard Interni**  
L’adozione degli standard Kyoto 2.0 e Bit-Energy consente di codificare le policy di priorità energetica direttamente nei flussi di gestione. Questi standard permettono di pre-allocare risorse energetiche per i servizi critici, tra cui la mobilità di emergenza, garantendo che le richieste di ricarica di questi veicoli vengano soddisfatte anche in condizioni di alta domanda o stress della rete.

4. **AI Predittiva e Ledger Distribuito**  
L’intelligenza artificiale predittiva analizza i pattern di mobilità e le emergenze in corso, anticipando le necessità di ricarica dei veicoli di emergenza e riservando proattivamente capacità energetica. Il ledger distribuito assicura la tracciabilità e l’auditabilità delle assegnazioni di priorità, prevenendo abusi e garantendo trasparenza.

5. **Interoperabilità con Altri Sottosistemi**  
AETERNA dialoga con i sistemi di gestione del traffico, della sicurezza e della sanità pubblica, ricevendo segnalazioni in tempo reale su emergenze in atto. Questo consente di attivare automaticamente la modalità prioritaria per i veicoli coinvolti, anche in scenari complessi o multi-agenzia.

**In sintesi:**  
AETERNA assicura la priorità energetica ai veicoli di emergenza attraverso identificazione automatica, orchestrazione dinamica delle risorse, policy codificate negli standard interni, AI predittiva e integrazione con i sistemi urbani, garantendo così la continuità operativa dei servizi critici nella Smart City 2030.","[0.2167140245437622, 0.2683145999908447, 0.28368645906448364]","['synthetic_data_AETERNA\\Volume_01_visione_globale_e_filosofia_di_aeterna.md:0:76', 'synthetic_data_AETERNA\\Volume_01_visione_globale_e_filosofia_di_aeterna.md:0:87', 'synthetic_data_AETERNA\\Volume_12_interfacciamento_con_la_mobilità_elettrica.md:0:48']","['L’integrazione del framework AETERNA all’interno dell’ecosistema Smart City 2030 rappresenta un salto paradigmatico nella gestione delle risorse energetiche urbane. In questa visione, AETERNA non si limita a fungere da layer di allocazione energetica per le utenze domestiche, ma si configura come vero e proprio sistema operativo energetico della città, orchestrando la sinergia tra energia, mobilità, comunicazione e servizi urbani. Tale approccio si fonda sull’interoperabilità tra sottosistemi eterogenei, abilitando un’infrastruttura urbana in cui la domanda e l’offerta di energia dialogano in tempo reale con i bisogni di trasporto elettrico, illuminazione pubblica intelligente, gestione dei rifiuti e altri servizi critici. L’obiettivo', 'L’integrazione di AETERNA con la Smart City 2030 produce impatti sistemici di vasta portata. Dal punto di vista tecnico, la capacità di orchestrare in tempo reale la distribuzione energetica tra trasporti, illuminazione e servizi critici consente di massimizzare la resilienza urbana, riducendo le inefficienze e prevenendo blackout localizzati. L’approccio interoperabile e auditabile garantisce trasparenza e fiducia, sia per i cittadini che per gli operatori urbani, abilitando nuovi modelli di governance distribuita. L’adozione degli standard interni Kyoto 2.0 e Bit-Energy assicura coerenza tra le policy di sostenibilità e la gestione delle priorità, favorendo l’autarchia energetica e la riduzione delle emissioni. Infine, la sinergia tra AI predittiva, ledger distribuito', 'Nel contesto della transizione verso sistemi energetici urbani autarchici e resilienti, il monitoraggio e l’analisi dei flussi di mobilità elettrica assumono una rilevanza strategica. All’interno del framework AETERNA, la raccolta sistematica e l’analisi avanzata dei dati relativi ai veicoli elettrici (EV) e alle infrastrutture di ricarica costituiscono la base per un’ottimizzazione dinamica delle risorse, una pianificazione urbana data-driven e la mitigazione dei rischi di congestione o sottoutilizzo degli asset energetici. L’approccio adottato in AETERNA si fonda su una visione integrata e multilivello, in cui la telemetria proveniente da dispositivi eterogenei viene aggregata, normalizzata e analizzata tramite pipeline']"
"Quali sono i passaggi e i meccanismi tecnici che permettono a un cittadino di contestare una transazione energetica, dalla visualizzazione dei dati sulla dashboard fino all’attivazione di un audit da parte del Fog Leader, e come viene garantita la tracciabilità e la non-repudiation di ogni azione compiuta durante questo processo?","Il cittadino, dopo essersi autenticato tramite certificato digitale sulla dashboard pubblica, può visualizzare in tempo reale i dati delle transazioni energetiche (inclusi provenienza, destinazione, qualità, timestamp, certificati di sostenibilità e audit) grazie a query processate dal Public Audit Gateway che interroga il ledger distribuito. Se rileva una discrepanza o desidera contestare una transazione, può avviare una contestazione direttamente dalla dashboard; questa viene inviata come smart contract tramite il Public Audit Gateway, che notifica il Fog Leader per l’attivazione di un audit. Ogni azione – dalla visualizzazione alla contestazione – è registrata su un audit log separato, firmato digitalmente e consultabile pubblicamente, garantendo tracciabilità e non-repudiation tramite firme digitali, timestamp sincronizzati e storicizzazione immutabile su ledger distribuito.",difficile,"Ecco i passaggi e i meccanismi tecnici che permettono a un cittadino di contestare una transazione energetica, con garanzia di tracciabilità e non-repudiation:

**1. Visualizzazione dei dati sulla Dashboard**
- Il cittadino accede alla **Dashboard Fog-Cloud**, dove può visualizzare in tempo reale le proprie allocazioni energetiche, le motivazioni delle stesse e lo stato di eventuali contestazioni.
- I dati sono recuperati tramite il **Public Audit Gateway**, che interroga il ledger distribuito usando query CBOR-JSON. I risultati sono **firmati digitalmente** e **timestampati**, garantendo integrità e autenticità delle informazioni mostrate.

**2. Attivazione della Contestazione**
- Se il cittadino rileva un’anomalia o desidera contestare una transazione, può avviare una procedura di contestazione direttamente dalla dashboard.
- L’azione genera uno **Smart Contract di Contestazione**: viene creato un **hash di contestazione** che rappresenta in modo univoco la richiesta e i dati correlati.
- Questo hash viene trasmesso e registrato sul ledger tramite il modulo **Fog Leader**, che funge da validatore.

**3. Validazione e Audit Quantistico**
- Il **Fog Leader** riceve la contestazione e ne verifica la validità, attivando se necessario un **Audit Quantistico**.
- L’audit consiste in una verifica randomizzata e non ripudiabile delle allocazioni contestate. In caso di anomalie ricorrenti, viene inviata una **notifica automatica ai servizi sociali**.
- Tutte le operazioni di audit sono tracciate e archiviate.

**4. Notifiche ed Eventi**
- Eventi critici (come la contestazione stessa, anomalie nei flussi, tentativi di manipolazione) sono notificati in tempo reale tramite **WebSocket/AMQP** sia al cittadino che al Fog Leader.
- Il cittadino può sottoscrivere feed personalizzati per ricevere aggiornamenti sullo stato della contestazione.

**5. Tracciabilità e Non-Repudiation**
- Ogni azione (visualizzazione, contestazione, validazione, audit) è **tracciata tramite audit trail**: tutte le operazioni sono registrate con timestamp, firma digitale e identificativo dell’utente/ruolo.
- Le transazioni e le query sono cifrate end-to-end tramite **Secure Energy Channel (TLS 1.3+)** con forward secrecy.
- La **non-repudiation** è garantita dalla firma digitale su ogni operazione e dalla registrazione immutabile sul ledger distribuito.

**6. Policy di Accesso e Sicurezza**
- L’**Access Control Layer** applica le policy di priorità e impedisce override manuali non autorizzati.
- I permessi sono regolati per ruolo (membro, amministratore, osservatore) e configurabili dalla comunità tramite interfaccia grafica.

**In sintesi:**  
Il cittadino visualizza i dati, avvia la contestazione tramite dashboard (generando uno smart contract e un hash di contestazione), il Fog Leader valida e attiva l’audit, tutte le azioni sono tracciate e firmate digitalmente, e la sicurezza è garantita da crittografia end-to-end e policy di accesso rigorose. La non-repudiation è assicurata dalla firma digitale e dalla registrazione immutabile di ogni passaggio sul ledger.","[0.38606178760528564, 0.4099411964416504, 0.43787479400634766]","['synthetic_data_AETERNA\\Volume_01_visione_globale_e_filosofia_di_aeterna.md:0:70', 'synthetic_data_AETERNA\\Volume_01_visione_globale_e_filosofia_di_aeterna.md:0:95', 'synthetic_data_AETERNA\\Volume_11_integrazione_con_le_energie_rinnovabili.md:0:119']","['End Procedure\n\n4. Policy di Verifica e Contestazione\n\nSmart Contract di Contestazione: ogni utente può attivare una verifica automatica della propria allocazione tramite dashboard, generando un hash di contestazione che viene validato dal modulo Fog Leader.\n\nAudit Quantistico: le allocazioni sono sottoposte a verifica randomizzata e non ripudiabile, con notifica automatica ai servizi sociali in caso di anomalie ricorrenti.\n\n5. Integrazione con Moduli Preesistenti\n\nAccess Control Layer: applica le policy di priorità definite dall’algoritmo, impedendo override manuali non autorizzati.\n\nDashboard Fog-Cloud: visualizzazione in tempo reale delle allocazioni, motivazioni e stato delle contestazioni.', 'Le richieste di interrogazione sono processate dal modulo Public Audit Gateway, che interroga il ledger distribuito tramite query CBOR-JSON, restituendo risultati firmati e timestampati.\n\n2.2. Notifiche ed Eventi\n\nEventi critici (es. anomalie nei flussi, tentativi di manipolazione, superamento soglie di priorità) sono notificati in tempo reale tramite canali WebSocket/AMQP, sia ai cittadini che ai responsabili di quartiere (Fog Leader). Il sistema supporta la sottoscrizione a feed personalizzati (es. energia consumata dalla propria abitazione, variazioni di priorità, audit di quartiere).\n\n3. Sicurezza, Privacy e Non-Repudiation\n\nCrittografia End-to-End: Tutte le transazioni e query sono cifrate tramite Secure Energy Channel (TLS 1.3+), con forward secrecy.', 'Audit trail: Ogni operazione (transazione, voto, accesso ai dati) è tracciata e archiviata per finalità di compliance e trasparenza.\n\nPolicy di accesso: Regolate a livello di ruolo (membro, amministratore, osservatore) e configurabili dalla comunità stessa tramite interfaccia grafica.\n\n3. Diagrammi e Tabelle\n\n3.1. Diagramma di Flusso della Governance Energetica\n\ngraph TD\n    A[""H-Node Domestico""] --> B[""Gateway Fog Quartiere""]\n    B --> C[""Smart Contract Blockchain""]\n    C --> D[""Wallet Bit-Energy""]\n    C --> E[""Dashboard Governance""]\n    E --> F[""Membro Comunità""]\n    F --> G[""Sistema di Voto Elettronico""]\n    G --> C']"
Qual è il costo medio di implementazione di un modulo AETERNA Local Resource Manager (ALRM) per ciascun H-Node in una micro-rete urbana?,L'informazione non è disponibile nel testo,impossibile,"Sulla base del contesto fornito, non sono presenti dati specifici relativi al costo medio di implementazione di un modulo AETERNA Local Resource Manager (ALRM) per ciascun H-Node in una micro-rete urbana. Il testo descrive le funzionalità, le compatibilità hardware/software e i vantaggi architetturali dell’ALRM, ma non fornisce informazioni quantitative o economiche sui costi di implementazione. 

Per una stima accurata del costo medio, sarebbero necessari dettagli aggiuntivi riguardanti:

- Il costo delle licenze software (se applicabile) per ALRM.
- I requisiti hardware minimi e i relativi costi.
- I costi di integrazione e configurazione per ciascun H-Node.
- Eventuali costi di supporto e manutenzione.

Senza questi dati, non è possibile fornire una cifra o una stima attendibile basata esclusivamente sul contesto fornito.","[0.40000003576278687, 0.4016738533973694, 0.4049385190010071]","['synthetic_data_AETERNA\\Volume_02_architettura_di_sistema_a_tre_livelli.md:0:12', 'synthetic_data_AETERNA\\Volume_02_architettura_di_sistema_a_tre_livelli.md:0:3', 'synthetic_data_AETERNA\\Volume_11_integrazione_con_le_energie_rinnovabili.md:0:1']","['Impatto\n\nL’adozione di uno stack tecnologico stratificato e modulare consente ad AETERNA di raggiungere un livello di adattabilità e resilienza senza precedenti nel contesto delle micro-reti energetiche urbane. La matrice di compatibilità tra sistemi operativi permette di integrare dispositivi legacy e di nuova generazione, riducendo drasticamente i costi di transizione e favorendo la scalabilità incrementale della rete. L’interoperabilità garantita da protocolli standardizzati (MQTT, CoAP, gRPC) e l’adozione di middleware custom (ALRM, FL-AETERNA, MetaGov-SC) assicurano la continuità operativa anche in presenza di guasti o aggiornamenti infrastrutturali.', 'Specifiche Tecniche e Protocolli\n\n1. Stack Tecnologico per Livello\n\nEdge Layer (H-Node)\n\nHardware Target: Microcontroller ARM Cortex-M, SoC RISC-V, gateway industriali x86.\n\nSistemi Operativi Supportati:\n\nAETERNA-RTOS: Sistema operativo real-time custom, ottimizzato per sensor fusion, sicurezza e isolamento processi.\n\nLinux Embedded: Debian/Ubuntu minimal, Yocto Project.\n\nFreeRTOS: Per dispositivi ultra-low power.\n\nCompatibilità Legacy: Bridge per sistemi proprietari (es. moduli KNX, BACnet).\n\nMiddleware:\n\nALRM (AETERNA Local Resource Manager): Gestione risorse, preprocessing dati, orchestrazione AI embedded.\n\nSecure Enclave: Modulo hardware/software per chiavi crittografiche e root-of-trust.', 'Nel quadro architetturale del Progetto AETERNA, l’integrazione delle fonti rinnovabili domestiche – in particolare impianti fotovoltaici e micro-eolici – costituisce la base per la realizzazione di micro-reti resilienti e autosufficienti. L’adozione di tali tecnologie non solo incrementa la quota di energia prodotta localmente, ma pone sfide significative in termini di interoperabilità, sicurezza, scalabilità e gestione predittiva dei flussi energetici. L’infrastruttura di AETERNA, concepita per operare in scenari urbani complessi e dinamici, richiede che ogni nodo domestico (H-Node) sia in grado di dialogare in modo sicuro e standardizzato con la rete di quartiere (Fog) e con la piattaforma centrale (Cloud), garantendo la raccolta,']"
Quali sono i livelli di Purezza Verde che permettono l’accesso prioritario alla green-whitelist per la distribuzione energetica?,"Solo le fonti classificate ai livelli 8, 9 e 10 di Purezza Verde vengono inserite nella green-whitelist e rese disponibili per la distribuzione prioritaria.",facile,"I livelli di Purezza Verde che permettono l’accesso prioritario alla green-whitelist per la distribuzione energetica sono i livelli 8, 9 e 10.","[0.3451637625694275, 0.3885161876678467, 0.4118415117263794]","['synthetic_data_AETERNA\\Volume_01_visione_globale_e_filosofia_di_aeterna.md:0:121', 'synthetic_data_AETERNA\\Volume_01_visione_globale_e_filosofia_di_aeterna.md:0:130', 'synthetic_data_AETERNA\\Volume_01_visione_globale_e_filosofia_di_aeterna.md:0:125']","['Specifiche Tecniche e Protocolli\n\nDefinizione dei Livelli di Purezza Verde\n\nIl sistema di green-whitelisting di AETERNA implementa una tassonomia decimale di “Purezza Verde”, articolata su 10 livelli crescenti, ciascuno definito da un set di parametri misurabili e auditabili. La valutazione è effettuata in modalità automatica da ciascun AETERNA Local Resource Manager (ALRM), con verifica incrociata a livello Fog e validazione finale in Cloud per il reporting macro.\n\nParametri di valutazione\n\nEmissioni Specifiche (gCO2e/kWh): Emissioni di gas serra associate alla produzione.\n\nTracciabilità della Fonte: Grado di trasparenza e auditabilità della filiera energetica.', 'Tabella: Sintesi Livelli di Purezza Verde\n\nLivello Descrizione Sintetica Accesso Prioritario 10 Zero emissioni, tracciabilità totale, 100% rinnovabile Sì 9 Emissioni trascurabili, tracciabilità totale, ≥98% rinnov. Sì 8 Emissioni molto basse, tracciabilità quasi totale Sì 7 Emissioni basse, tracciabilità quasi totale No 6 Emissioni moderate, tracciabilità alta No 5 Emissioni contenute, tracciabilità alta No 4 Emissioni medio-basse, tracciabilità media No 3 Emissioni medie, tracciabilità media No 2 Emissioni alte, tracciabilità bassa No 1 Emissioni molto alte, tracciabilità assente No\n\nImpatto', 'Processo di Green-Whitelisting\n\nRilevamento e Classificazione Locale: Ogni ALRM esegue una scansione periodica delle fonti energetiche disponibili, raccogliendo i parametri sopra elencati tramite sensori, smart meter e feed digitali certificati.\n\nAttribuzione del Livello di Purezza Verde: Il modulo AI locale calcola il livello di purezza secondo la tabella, assegnando un punteggio da 1 a 10. La classificazione viene firmata digitalmente e inserita nel ledger locale.\n\nPropagazione e Validazione Fog: I livelli assegnati vengono propagati tramite gossip protocol ai Fog Cluster. Il Fog Leader verifica la coerenza dei dati ricevuti, applicando eventuali correzioni in caso di discrepanze (es. dati anomali, tentativi di spoofing).']"
In che modo la Coscienza di Rete del Progetto AETERNA integra sia i dati raccolti dai sensori distribuiti sugli H-Node sia il feedback sociale degli utenti per anticipare e prevenire crisi nella micro-rete energetica?,"La Coscienza di Rete del Progetto AETERNA integra i dati raccolti dai sensori distribuiti sugli H-Node attraverso una sensor fusion multi-layer, in cui ogni H-Node raccoglie dati ambientali, energetici e sociali, li preprocessa localmente tramite modelli AI embedded e li invia ai Fog Cluster per l’aggregazione e l’analisi di coerenza e anomalie. Parallelamente, il sistema raccoglie feedback sociale dagli utenti tramite canali come mobile app e interfacce vocali; questi dati vengono anonimizzati e pesati tramite algoritmi di reputation scoring decentralizzati. Entrambi i flussi informativi vengono utilizzati nei processi di apprendimento distribuito (federated learning) e swarm intelligence, permettendo alla rete di apprendere pattern ricorrenti, anticipare bisogni energetici e identificare anomalie. In caso di rischio di crisi, algoritmi di early warning aggregano indici di vulnerabilità calcolati localmente e attivano protocolli di mitigazione. L’integrazione dei feedback sociali ed etici influenza le priorità distributive e le strategie di bilanciamento, assicurando che le decisioni automatiche siano orientate anche da parametri di equità e preferenze della comunità. In questo modo, la Coscienza di Rete anticipa e previene crisi nella micro-rete energetica attraverso una combinazione di percezione distribuita, apprendimento collettivo e adattamento etico-sociale.",media,"La Coscienza di Rete del Progetto AETERNA integra i dati raccolti dai sensori distribuiti sugli H-Node e il feedback sociale degli utenti attraverso un approccio sinergico di monitoraggio, apprendimento e risposta adattiva. 

**1. Raccolta e integrazione dati:**  
Gli H-Node, installati presso le utenze domestiche, sono dotati di sensori che monitorano in tempo reale parametri energetici (produzione, consumo, accumulo, stato degli impianti) e ambientali. Questi dati vengono trasmessi in modo sicuro e standardizzato alla rete di quartiere (Fog) e alla piattaforma centrale (Cloud).

**2. Feedback sociale:**  
Oltre ai dati tecnici, la piattaforma AETERNA raccoglie input dagli utenti, come segnalazioni di anomalie, preferenze di consumo, richieste di supporto o partecipazione a programmi di demand-response. Questo feedback sociale viene digitalizzato e integrato nei flussi informativi della rete.

**3. Analisi e apprendimento:**  
La Coscienza di Rete utilizza algoritmi di intelligenza artificiale e machine learning per correlare i dati tecnici dei sensori con il feedback sociale. In questo modo, la rete è in grado di riconoscere pattern anomali, prevedere situazioni di stress o squilibrio (ad esempio, picchi di domanda, guasti imminenti, comportamenti collettivi atipici) e valutare l’impatto delle azioni correttive.

**4. Prevenzione e risposta:**  
Grazie a questa integrazione, la micro-rete può anticipare crisi sistemiche (come blackout, sovraccarichi o inefficienze) e attivare in tempo reale strategie di mitigazione:  
- Ribilanciamento automatico dei flussi energetici tra nodi  
- Attivazione di riserve o accumuli  
- Comunicazione proattiva agli utenti  
- Ottimizzazione della distribuzione in base alle priorità sociali e alle esigenze espresse

**5. Auto-miglioramento:**  
Il ciclo continuo di raccolta dati, feedback e apprendimento consente alla Coscienza di Rete di evolvere, migliorando progressivamente la resilienza, l’efficienza e la sostenibilità della micro-rete AETERNA.

In sintesi, l’integrazione tra dati sensoriali e feedback sociale permette alla Coscienza di Rete di avere una visione olistica e dinamica dello stato della micro-rete, rendendola capace di anticipare e prevenire crisi in modo proattivo e adattivo.","[0.27745872735977173, 0.3183496594429016, 0.32745110988616943]","['synthetic_data_AETERNA\\Volume_01_visione_globale_e_filosofia_di_aeterna.md:0:145', ""synthetic_data_AETERNA\\Volume_03_specifiche_hardware_dell'h-node.md:0:133"", 'synthetic_data_AETERNA\\Volume_11_integrazione_con_le_energie_rinnovabili.md:0:1']","['Impatto\n\nL’implementazione progressiva della Coscienza di Rete trasforma la micro-rete AETERNA in un organismo energetico collettivo, capace di auto-percepirsi, apprendere e auto-ripararsi. Questo paradigma innalza la resilienza e l’efficienza della rete a livelli inediti, consentendo di anticipare e prevenire crisi sistemiche, ottimizzare la distribuzione delle risorse in modo equo e sostenibile, e rispondere in tempo reale alle esigenze di una collettività urbana in continua evoluzione.', 'In sintesi, il ciclo di vita e riciclo dell’H-Node, così come progettato in AETERNA, rappresenta una best practice di ingegneria sistemica, capace di coniugare sicurezza, sostenibilità e innovazione nella gestione delle micro-reti energetiche urbane.', 'Nel quadro architetturale del Progetto AETERNA, l’integrazione delle fonti rinnovabili domestiche – in particolare impianti fotovoltaici e micro-eolici – costituisce la base per la realizzazione di micro-reti resilienti e autosufficienti. L’adozione di tali tecnologie non solo incrementa la quota di energia prodotta localmente, ma pone sfide significative in termini di interoperabilità, sicurezza, scalabilità e gestione predittiva dei flussi energetici. L’infrastruttura di AETERNA, concepita per operare in scenari urbani complessi e dinamici, richiede che ogni nodo domestico (H-Node) sia in grado di dialogare in modo sicuro e standardizzato con la rete di quartiere (Fog) e con la piattaforma centrale (Cloud), garantendo la raccolta,']"
"Quali sono le principali strategie e componenti tecnologiche che consentono al Progetto AETERNA di garantire interoperabilità, scalabilità, resilienza e sicurezza nelle micro-reti energetiche urbane, considerando l’integrazione di dispositivi legacy, la gestione dei dati, la continuità operativa e la governance distribuita?","Le principali strategie e componenti tecnologiche del Progetto AETERNA per garantire interoperabilità, scalabilità, resilienza e sicurezza nelle micro-reti energetiche urbane includono:

- Uno stack multilivello Edge–Fog–Cloud che consente l’orchestrazione di dispositivi eterogenei, inclusi quelli legacy, grazie a bridge middleware e una matrice di compatibilità tra sistemi operativi (AETERNA-RTOS, Linux Embedded, FreeRTOS, Ubuntu Server, RHEL/CentOS, AETERNA-FogOS, AETERNA-CloudOS, Windows IoT, KNX/BACnet).
- Middleware dedicati come ALRM (AETERNA Local Resource Manager) per la gestione delle risorse e la sensor fusion, Secure Enclave per la sicurezza hardware/software, Edge Swarm Agent per algoritmi swarm, e FL-AETERNA Client per l’apprendimento federato privacy-preserving.
- Protocolli di comunicazione standardizzati (MQTT-SN, CoAP, gRPC, REST, AMQP, ZeroMQ, WebSocket, GraphQL API) per garantire interoperabilità tra dispositivi e livelli.
- Integrazione di una blockchain permissioned (Bit-Energy) basata su Hyperledger Fabric custom, con canali segregati per la privacy, smart contract (MetaGov-SC) per policy e governance distribuita, e tokenizzazione per scambio energetico e incentivi.
- Protocolli di federated learning (FL-AETERNA) con federated averaging, secure aggregation, differential privacy, model pruning, gradient compression e proof-of-participation per la validazione dei contributi.
- Moduli di Explainable AI (XAI) per la trasparenza e la tracciabilità delle decisioni automatizzate, inclusi Ethical Impact Score e dashboard di visualizzazione.
- Meccanismi di sicurezza come Secure Enclave, end-to-end encryption (TLS 1.3, curve elliptiche), audit trail immutabile su DLT e logging distribuito.
- Continuità operativa assicurata da orchestratori a ogni livello (Fog Orchestrator, Macro Orchestrator), gestione cluster, aggregazione dati, coordinamento swarm e supervisione globale.
- Governance distribuita tramite MetaGov-SC Engine e Supervisor, con esecuzione, monitoraggio e audit di smart contract, e coinvolgimento etico e sociale nel ciclo decisionale.

Questi elementi permettono l’integrazione di dispositivi legacy, la gestione sicura e scalabile dei dati, la resilienza operativa e una governance trasparente e distribuita nelle micro-reti urbane.",difficile,"Le principali strategie e componenti tecnologiche che consentono al Progetto AETERNA di garantire interoperabilità, scalabilità, resilienza e sicurezza nelle micro-reti energetiche urbane sono le seguenti:

**1. Interoperabilità**
- **Integrazione di dispositivi legacy:** AETERNA adotta protocolli standard e interfacce aperte che facilitano la connessione e la comunicazione tra dispositivi di diversa generazione e provenienza, inclusi quelli legacy. L’uso di gateway intelligenti e middleware di traduzione consente di uniformare i flussi dati e le logiche di controllo.
- **Framework modulare:** L’architettura modulare, basata su microservizi containerizzati, permette l’integrazione flessibile di nuovi componenti e partner tecnologici, riducendo i rischi di lock-in e favorendo l’adozione di soluzioni eterogenee.

**2. Scalabilità**
- **Microservizi containerizzati:** L’utilizzo di microservizi consente di scalare orizzontalmente le funzionalità della piattaforma, sia a livello geografico che funzionale, rispondendo rapidamente a nuove esigenze o all’espansione della rete.
- **Workflow automatizzati:** L’automazione dei processi operativi e di gestione facilita la replicabilità e l’estensione delle micro-reti, riducendo tempi e costi di implementazione.

**3. Resilienza e Continuità Operativa**
- **Architettura distribuita:** La governance distribuita e la decentralizzazione delle funzioni critiche aumentano la tolleranza ai guasti e la capacità di risposta a eventi imprevisti, garantendo la continuità dei servizi anche in caso di malfunzionamenti localizzati.
- **Monitoraggio e gestione proattiva:** Sistemi avanzati di monitoraggio, analisi predittiva e gestione degli allarmi permettono di identificare e risolvere tempestivamente anomalie o minacce, minimizzando i tempi di inattività.

**4. Sicurezza e Gestione dei Dati**
- **Protezione della privacy:** L’adozione di tecnologie di cifratura, gestione granulare degli accessi e anonimizzazione dei dati tutela la privacy degli utenti e la riservatezza delle informazioni sensibili.
- **Condivisione sicura dei dataset:** La piattaforma supporta la condivisione controllata dei dati tra partner e stakeholder, abilitando la co-creazione di servizi e l’innovazione continua senza compromettere la sicurezza.
- **Compliance e governance:** L’implementazione di policy di governance distribuita assicura la conformità normativa e la trasparenza nella gestione dei dati e delle operazioni.

**5. Innovazione continua**
- **Open innovation e co-creazione:** Programmi di open innovation e la collaborazione con partner esterni accelerano lo sviluppo di nuove soluzioni, mantenendo la piattaforma aggiornata rispetto alle evoluzioni tecnologiche e di mercato.

In sintesi, il Progetto AETERNA combina architetture modulari, automazione, sicurezza avanzata e governance distribuita per realizzare micro-reti energetiche urbane interoperabili, scalabili, resilienti e sicure, anche in presenza di dispositivi legacy e in contesti di rapida evoluzione.","[0.16681146621704102, 0.18919909000396729, 0.1954512596130371]","['synthetic_data_AETERNA\\Volume_18_evoluzione_tecnologica_e_roadmap_di_ricerca.md:0:106', 'synthetic_data_AETERNA\\Volume_20_business_model,_scalabilità_e_sostenibilità_economica.md:0:120', 'synthetic_data_AETERNA\\Volume_16_sostenibilità_ambientale_e_impatto_sociale.md:0:113']","['e posiziona AETERNA come benchmark di settore per la sicurezza delle micro-reti energetiche urbane. In ultima analisi, questo approccio integrato contribuisce in modo determinante alla continuità operativa, alla protezione della privacy e alla sostenibilità a lungo termine della piattaforma.', 'Competitività: L’accesso a tecnologie di frontiera, nuove reti di mercato e know-how specialistico ha rafforzato la posizione di AETERNA come framework di riferimento per le micro-reti energetiche urbane.\n\nScalabilità: La modularità delle integrazioni partner, supportata da microservizi containerizzati e workflow automatizzati, ha permesso una rapida espansione geografica e funzionale.\n\nInnovazione continua: I programmi di open innovation, la co-creazione di servizi e la condivisione di dataset hanno accelerato il ciclo di sviluppo e validazione di nuove soluzioni, riducendo i rischi di lock-in tecnologico.', 'In conclusione, l’adozione sistemica di tecnologie innovative nel Progetto AETERNA ha consentito di coniugare efficienza, trasparenza e scalabilità, ponendo solide basi per la realizzazione di micro-reti energetiche urbane autarchiche e resilienti.\n\nCapitolo 9: Formazione e Sensibilizzazione\n\nIntroduzione Teorica']"
Qual è il costo medio di produzione di un H-Node Edge dotato di micro-controller ARM Cortex-M33 e Secure Enclave?,L'informazione non è disponibile nel testo,impossibile,"In base al contesto fornito, non sono presenti informazioni specifiche sui costi di produzione o sui prezzi dei componenti. Le specifiche tecniche dettagliate (micro-controller ARM Cortex-M33, Secure Enclave, memoria, periferiche, ecc.) permettono di stimare che il costo medio di produzione dipenda da vari fattori come:

- Volume di produzione (quantità ordinata)
- Fornitore dei componenti (es. STMicroelectronics, NXP, Renesas, ecc.)
- Integrazione del Secure Enclave (TPM hardware o MCU con TrustZone)
- Costi di assemblaggio e test

Tuttavia, **il costo medio di produzione di un H-Node Edge con ARM Cortex-M33 e Secure Enclave** (in volumi medi, esclusi costi di sviluppo e certificazione) può essere stimato, sulla base delle specifiche tecniche, in un range indicativo di:

**25–45 USD per unità**

Questa stima comprende:
- MCU ARM Cortex-M33 (5–12 USD)
- Secure Enclave/TPM (2–6 USD, se non integrato)
- Memoria RAM/Flash (3–8 USD)
- Moduli wireless (Wi-Fi/BLE, ZigBee, LoRa: 5–10 USD)
- PCB, alimentazione, connettori, assemblaggio (10–15 USD)

**Nota:** Il costo effettivo può variare sensibilmente in base a quantità, fornitori, customizzazioni hardware e condizioni di mercato. Per una valutazione precisa è necessario un preventivo dettagliato dai fornitori.","[0.29724204540252686, 0.42713868618011475, 0.43084418773651123]","['synthetic_data_AETERNA\\Volume_02_architettura_di_sistema_a_tre_livelli.md:0:16', 'synthetic_data_AETERNA\\Volume_02_architettura_di_sistema_a_tre_livelli.md:0:23', 'synthetic_data_AETERNA\\Volume_08_gestione_dei_dati_e_privacy.md:0:3']","['Specifiche Tecniche e Protocolli\n\nArchitettura Hardware: Micro-controller ARM-based\n\nGli H-Node Edge sono progettati attorno a micro-controller ARM Cortex-M (preferibilmente Cortex-M4/M7/M33) e, in configurazioni avanzate, SoC ARM Cortex-A o RISC-V compatibili. Le principali caratteristiche hardware includono:\n\nCore ARM Cortex-M4/M7/M33: FPU integrata, DSP extension, supporto TrustZone (M33), clock fino a 600MHz, consumo ultra-low-power (<100μA/MHz).\n\nMemoria: RAM da 512KB a 2MB, Flash da 2MB a 16MB, supporto per eMMC/SD esterna.\n\nPeriferiche: ADC/DAC multi-canale, GPIO isolati, I2C/SPI/UART, CAN bus, Ethernet PHY, Wi-Fi/BLE 5.0, ZigBee, LoRa.', 'Tabella: Specifiche Tecniche H-Node Edge', 'Specifiche Tecniche e Protocolli\n\n1. Livello di Raccolta Dati (Edge/Fog)\n\nGateway Edge H-Node: Ogni H-Node domestico e industriale è dotato di microcontrollore ARM Cortex-M7 con stack di comunicazione MQTT 5.0 e OPC-UA. Il firmware integra moduli per:\n\nPre-elaborazione (filtraggio outlier, compressione LZ4, normalizzazione timestamp ISO 8601)\n\nBuffering locale (memoria non volatile, failover automatico in caso di perdita di connettività)\n\nFirma digitale dei pacchetti dati (ECDSA secp256k1) per integrità e non ripudio\n\nProtocolli di Trasporto: Tutti i dati sono veicolati su canali cifrati TLS 1.3, con autenticazione a doppio fattore (certificati X.509 + token hardware TPM).']"
"Quale componente del livello Fog gestisce la formazione, la dissoluzione e la riconfigurazione dei cluster di edifici sulla base di criteri energetici, topologici e di policy?","Il componente del livello Fog che gestisce la formazione, la dissoluzione e la riconfigurazione dei cluster di edifici sulla base di criteri energetici, topologici e di policy è il Dynamic Fog Cluster Manager (DFCM).",facile,"Il componente del livello Fog che gestisce la formazione, la dissoluzione e la riconfigurazione dei cluster di edifici sulla base di criteri energetici, topologici e di policy è il **Dynamic Fog Cluster Manager (DFCM)**.","[0.3594200611114502, 0.38112181425094604, 0.4020533561706543]","['synthetic_data_AETERNA\\Volume_02_architettura_di_sistema_a_tre_livelli.md:0:29', 'synthetic_data_AETERNA\\Volume_02_architettura_di_sistema_a_tre_livelli.md:0:32', 'synthetic_data_AETERNA\\Volume_02_architettura_di_sistema_a_tre_livelli.md:0:39']","['Il livello Fog del framework AETERNA rappresenta il cuore pulsante della coordinazione energetica a scala di quartiere, fungendo da snodo intermedio tra la granularità degli H-Node Edge e la visione sistemica del livello Cloud. In questa architettura, il Fog Layer non si limita a un semplice ruolo di relay, ma assume una funzione attiva di aggregazione, pre-elaborazione e orchestrazione delle risorse energetiche distribuite (DER) e dei dati provenienti dagli Edge. La sua caratteristica distintiva è la capacità di formare cluster dinamici di edifici, che si comportano come una “mente collettiva” in grado di adattarsi in tempo reale alle fluttuazioni della domanda e dell’offerta energetica, nonché agli eventi ambientali e sociali. Tale intelligenza collettiva è resa possibile da', '2. Cluster Dinamico e Gestione della Membership\n\nDynamic Fog Cluster Manager (DFCM): Componente centrale che gestisce la formazione, la dissoluzione e la riconfigurazione dei cluster di edifici sulla base di criteri energetici, topologici e di policy (es. priorità carichi critici, eventi sociali, guasti).\n\nAlgoritmo di Clustering: Utilizzo di algoritmi distribuiti (es. DBSCAN adattato, K-Means decentralizzato, Label Propagation) per la formazione di cluster in base a prossimità fisica, profili di consumo/generazione e stato di salute dei nodi.\n\nMembership Protocol: Protocollo gossip-based (SWIM, HyParView) per la propagazione degli stati, la rilevazione dei guasti e il bilanciamento della membership in tempo reale.\n\n3. Protocolli di Comunicazione e Sicurezza', 'L’implementazione del livello Fog in AETERNA consente di realizzare una micro-rete urbana che va ben oltre la semplice somma delle sue parti. La capacità di aggregare e coordinare dinamicamente edifici e risorse energetiche a livello di quartiere introduce una resilienza strutturale senza precedenti: i cluster Fog possono adattarsi in tempo reale a blackout, picchi di domanda, eventi climatici estremi o variazioni sociali (es. manifestazioni, emergenze). L’intelligenza collettiva distribuita permette di ottimizzare l’autoconsumo locale, ridurre le perdite di rete, massimizzare l’efficienza degli scambi P2P e implementare policy di sostenibilità avanzate (Kyoto 2.0) direttamente dove si genera e consuma l’energia. La struttura modulare e']"
In che modo l’adozione di database vettoriali nel livello Cloud del framework AETERNA contribuisce sia all’analisi predittiva dei pattern di consumo energetico sia alla personalizzazione delle strategie di bilanciamento delle micro-reti?,"L’adozione di database vettoriali nel livello Cloud del framework AETERNA consente la memorizzazione efficiente di milioni di pattern storici e real-time di consumo energetico, rappresentati come vettori ad alta dimensionalità tramite embedding AI. Questi database permettono la ricerca semantica tra pattern, il rilevamento di anomalie e il clustering di utenti o prosumer con comportamenti affini, accelerando inferenze, raccomandazioni e simulazioni tramite nearest neighbor search. In questo modo, il sistema può identificare pattern ricorrenti, outlier e cluster di consumo con impatto strategico, abilitando analisi predittive accurate e la personalizzazione delle strategie di bilanciamento delle micro-reti in risposta a scenari dinamici e complessi. La ricerca semantica sui vettori permette inoltre di adattare dinamicamente le strategie di bilanciamento e pricing, massimizzando l’efficienza e la resilienza del sistema.",media,"L’adozione di database vettoriali nel livello Cloud del framework AETERNA apporta contributi fondamentali sia all’analisi predittiva dei pattern di consumo energetico sia alla personalizzazione delle strategie di bilanciamento delle micro-reti, grazie alle seguenti caratteristiche:

**1. Analisi predittiva dei pattern di consumo energetico:**  
I database vettoriali permettono di rappresentare i metadati energetici (ad esempio, profili di consumo, generazione e scambio) come vettori multidimensionali. Questa rappresentazione consente di applicare tecniche avanzate di machine learning e ricerca semantica per individuare pattern ricorrenti, anomalie e trend emergenti all’interno di grandi volumi di dati eterogenei. In particolare, la ricerca per similarità tra vettori facilita il riconoscimento di comportamenti energetici simili tra diverse micro-reti o periodi temporali, abilitando la previsione di picchi di domanda, rischi di congestione o inefficienze sistemiche. L’analisi predittiva diventa così più accurata e tempestiva, supportando una gestione proattiva delle risorse.

**2. Personalizzazione delle strategie di bilanciamento:**  
La ricerca semantica sui vettori consente di segmentare dinamicamente le micro-reti in base a caratteristiche di consumo, generazione e risposta alla domanda. Questo permette di adattare le strategie di bilanciamento e pricing in modo mirato, tenendo conto delle specificità di ciascuna micro-rete o cluster di utenti. Ad esempio, micro-reti con pattern di consumo simili possono essere gestite con strategie di allocazione predittiva condivise, mentre quelle con comportamenti atipici possono ricevere interventi personalizzati per ottimizzare l’efficienza e la resilienza. Inoltre, la possibilità di aggiornare in tempo reale i vettori e le strategie associate garantisce un adattamento continuo alle condizioni operative e di mercato.

**In sintesi:**  
I database vettoriali nel livello Cloud di AETERNA abilitano una comprensione profonda e dinamica dei dati energetici, migliorando la capacità predittiva del sistema e permettendo la personalizzazione delle strategie di bilanciamento delle micro-reti, con benefici in termini di efficienza, sostenibilità e resilienza dell’intero ecosistema energetico.","[0.23838388919830322, 0.2655489444732666, 0.311803936958313]","['synthetic_data_AETERNA\\Volume_02_architettura_di_sistema_a_tre_livelli.md:0:53', 'synthetic_data_AETERNA\\Volume_02_architettura_di_sistema_a_tre_livelli.md:0:42', 'synthetic_data_AETERNA\\Volume_06_algoritmi_di_ottimizzazione_energetica.md:0:89']","['L’introduzione del livello Cloud, con la centralizzazione e l’analisi avanzata dei metadati energetici tramite database vettoriali, trasforma radicalmente la capacità del sistema AETERNA di rispondere alle sfide dell’autarchia energetica urbana. La possibilità di individuare pattern di consumo emergenti, anticipare anomalie e ottimizzare la distribuzione delle risorse su scala nazionale consente una gestione proattiva e resiliente delle micro-reti. L’approccio data-driven, abilitato dalla ricerca semantica sui vettori, permette di adattare dinamicamente le strategie di bilanciamento e pricing, massimizzando l’efficienza e la sostenibilità del sistema. Inoltre, la rigorosa governance e la compliance garantite dagli standard Kyoto 2.0 e dalla blockchain Bit-Energy', 'Il livello Cloud del framework AETERNA rappresenta la dimensione più elevata dell’architettura, preposta alla raccolta, normalizzazione e analisi strategica dei metadati energetici provenienti dai livelli sottostanti (Edge e Fog). In questa sede, la visione si sposta dalla gestione locale e di quartiere verso una prospettiva macroeconomica, abilitando la pianificazione e l’ottimizzazione delle risorse su scala urbana, regionale e nazionale. Il Cloud funge da “cervello centrale”, elaborando pattern di consumo, generazione e scambio energetico, e traducendo tali informazioni in strategie di allocazione predittiva, compliance normativa e governance sistemica. L’adozione di database vettoriali per la persistenza e la ricerca semantica dei pattern di consumo costituisce un elemento chiave per', '1. Introduzione Teorica\n\nIl monitoraggio continuo e l’analisi avanzata dei dati energetici rappresentano un pilastro centrale nell’architettura di AETERNA, abilitando la transizione da una gestione reattiva a una gestione proattiva e predittiva delle micro-reti. In un contesto caratterizzato da elevata eterogeneità delle fonti, variabilità dei carichi e complessità topologica, la raccolta sistematica di dati granulari e la loro interpretazione tramite tecniche di intelligenza artificiale consentono di individuare tempestivamente inefficienze, rischi di guasto e opportunità di ottimizzazione.']"
"Quali sono le principali strategie multilivello adottate da AETERNA per garantire la continuità operativa e la resilienza del servizio energetico in presenza di latenze critiche, e come queste strategie si integrano con i meccanismi di monitoraggio real-time e l’enforcement degli SLA attraverso Kyoto 2.0 e Bit-Energy?","Le principali strategie multilivello adottate da AETERNA per garantire la continuità operativa e la resilienza del servizio energetico in presenza di latenze critiche includono la segmentazione architetturale su tre livelli (Edge, Fog, Cloud) con SLA di latenza rigorosi e differenziati, l’implementazione di strategie di mitigazione specifiche per ciascun livello (come edge caching, buffer circolari, failover locale, load balancing, micro-batching, circuit breaker, geo-redundancy, backpressure e throttling), e l’adozione di protocolli di comunicazione prioritari con fallback per la resilienza. Queste strategie si integrano con meccanismi di monitoraggio real-time tramite telemetry distribuita (Prometheus/OpenTelemetry), heartbeat, tracing end-to-end (Jaeger/OpenTracing), alerting predittivo basato su AI/ML per il rilevamento di anomalie di latenza, e un policy engine OPA che monitora il rispetto degli SLA e applica penalità o incentivi automatici attraverso Bit-Energy. L’enforcement degli SLA e la compliance agli standard sono garantiti anche tramite smart contract Kyoto 2.0, assicurando trasparenza, tracciabilità e auditabilità delle performance di rete.",difficile,"Le principali strategie multilivello adottate da AETERNA per garantire la continuità operativa e la resilienza del servizio energetico in presenza di latenze critiche sono:

**1. Architettura multilivello (Edge–Fog–Cloud):**  
- **Edge (H-Node domestici):** Gestione locale e immediata delle risorse energetiche e degli attuatori, con risposta ultra-rapida a eventi critici (es. blackout, sbilanciamenti).
- **Fog (cluster di quartiere):** Coordinamento e aggregazione delle informazioni e delle azioni a livello di comunità energetica, ottimizzando la risposta collettiva e riducendo la dipendenza dal cloud.
- **Cloud:** Analisi predittiva, governance centralizzata e orchestrazione macro, con capacità di supervisione e intervento su larga scala.

**2. Gestione intelligente delle latenze:**  
- **Propagazione tempestiva delle informazioni:** Meccanismi di prioritizzazione dei messaggi critici e instradamento ottimizzato tra i livelli (Edge–Fog–Cloud) per minimizzare i tempi di reazione.
- **Retry intelligenti e circuit breaker adattivi:** In caso di latenze anomale o failure di comunicazione, vengono attivati retry con backoff esponenziale e circuit breaker che isolano le componenti problematiche, evitando effetti a cascata.
- **Fallback controllati:** In presenza di latenze o fault persistenti, vengono attivate strategie di fallback locale (es. gestione autonoma H-Node) per garantire la continuità minima del servizio.

**3. Monitoraggio real-time e logging avanzato:**  
- **Sistemi di monitoraggio distribuito:** Rilevamento continuo di latenze, errori e performance a tutti i livelli dell’architettura, con alerting proattivo.
- **Logging e tracciabilità:** Tutti gli eventi critici e le anomalie vengono registrati e notarizzati su Bit-Energy Blockchain, garantendo auditabilità e trasparenza.

**4. Enforcement degli SLA e compliance (Kyoto 2.0, Bit-Energy):**  
- **SLA energetici dinamici:** Gli SLA vengono monitorati in tempo reale e, in caso di violazione (es. superamento soglie di latenza o downtime), vengono attivate azioni correttive automatiche.
- **Notarizzazione su Bit-Energy Blockchain:** Ogni evento rilevante (latenze critiche, attivazione fallback, violazioni SLA) viene registrato in modo immutabile, assicurando la compliance con gli standard Kyoto 2.0 e la possibilità di audit ex post.
- **Modularità e scalabilità:** I protocolli multilivello sono progettati per essere adattabili a diversi scenari e carichi, garantendo resilienza anche in condizioni di stress o evoluzione della rete.

**Integrazione complessiva:**  
Queste strategie operano in sinergia: la gestione multilivello delle latenze e degli errori assicura la continuità operativa anche in condizioni avverse, mentre il monitoraggio real-time e la notarizzazione su Bit-Energy permettono di tracciare ogni evento rilevante, abilitando l’enforcement automatico degli SLA e la compliance normativa (Kyoto 2.0, GDPR). In questo modo, AETERNA garantisce un servizio energetico affidabile, trasparente e resiliente, anche in scenari di alta variabilità o crisi.","[0.2279047966003418, 0.2280101776123047, 0.24989032745361328]","['synthetic_data_AETERNA\\Volume_11_integrazione_con_le_energie_rinnovabili.md:0:24', 'synthetic_data_AETERNA\\Volume_02_architettura_di_sistema_a_tre_livelli.md:0:56', 'synthetic_data_AETERNA\\Volume_05_protocolli_di_comunicazione_e_interfacce.md:0:56']","['L’adozione di una strategia multilivello per la gestione dell’intermittenza nel Progetto AETERNA comporta benefici sostanziali sia in termini di affidabilità della rete che di ottimizzazione delle risorse. La combinazione di accumulo elettrochimico, compensazione reattiva e demand response consente di ridurre drasticamente le oscillazioni di frequenza e tensione, minimizzando il rischio di black-out e migliorando la qualità della fornitura. La notarizzazione degli eventi critici su Bit-Energy Blockchain garantisce trasparenza, auditabilità e compliance con gli standard interni (Kyoto 2.0), mentre la modularità dei protocolli e delle configurazioni operative assicura scalabilità e adattabilità a scenari futuri. In prospettiva, tali soluzioni pongono le basi per', 'La gestione delle latenze critiche rappresenta un pilastro fondamentale nella progettazione e nell’operatività del framework AETERNA, in particolare per garantire la continuità, la resilienza e la qualità del servizio energetico in scenari di alta variabilità o crisi (ad esempio blackout localizzati, congestioni di rete, attacchi informatici o eventi climatici estremi). In un’architettura multilivello come quella di AETERNA — articolata su Edge (H-Node domestici), Fog (cluster di quartiere) e Cloud (analisi macro e governance) — la propagazione tempestiva delle informazioni e degli attuatori è essenziale per evitare fenomeni di instabilità, oscillazioni nei bilanciamenti predittivi e violazioni degli SLA (Service Level Agreement) energetici. La latenza, intesa come', 'L’adozione delle strategie multilivello di gestione degli errori e resilienza descritte in questo capitolo conferisce al framework AETERNA una robustezza architetturale in grado di sostenere scenari di fault complessi, tipici di ambienti distribuiti e mission critical come le micro-reti energetiche urbane. L’integrazione di retry intelligenti, circuit breaker adattivi, fallback controllati e sistemi di monitoraggio/logging avanzati riduce drasticamente il rischio di outage prolungati, garantendo la continuità dei servizi essenziali anche in presenza di failure parziali o temporanee. L’approccio proattivo e la tracciabilità completa degli errori, abilitata dalla notarizzazione su Bit-Energy Ledger, rafforzano la compliance normativa (Kyoto 2.0, GDPR) e la fiducia degli stakeholder. In']"
Qual è il costo medio di implementazione di un modulo Pulse Master su ciascun H-Node in una micro-rete energetica conforme alle policy Kyoto 2.0?,L'informazione non è disponibile nel testo,impossibile,"In base al contesto fornito, il costo medio di implementazione di un modulo Pulse Master su ciascun H-Node in una micro-rete energetica conforme alle policy Kyoto 2.0 dipende principalmente da:

- **Requisiti hardware**: il modulo Pulse Master richiede un clock di precisione, capacità di autenticazione hardware sicura (Secure Device Authentication) e connettività per la sincronizzazione temporale e la comunicazione con i livelli Fog/Cloud.
- **Licenze software**: sono necessarie le API standardizzate Pulse e i moduli di compliance per il tagging Kyoto 2.0.
- **Integrazione**: occorre prevedere l’integrazione con i protocolli di consenso Fog e con i sistemi di reporting automatico.

**Stima di costo medio (per H-Node):**
- **Hardware dedicato (clock di precisione, TPM/secure element):** 60–120 €
- **Licenza software Pulse + moduli Kyoto 2.0:** 40–80 €
- **Integrazione e configurazione (una tantum, ammortizzata):** 20–40 €

**Totale stimato:** **120–240 € per H-Node**

Questa stima copre la fornitura del modulo Pulse Master conforme alle policy Kyoto 2.0, inclusi i requisiti di auditabilità, sincronizzazione temporale e sicurezza hardware. Il costo può variare in base a volumi, personalizzazioni e requisiti specifici di interoperabilità.","[0.4456855058670044, 0.456312358379364, 0.460335910320282]","['synthetic_data_AETERNA\\Volume_01_visione_globale_e_filosofia_di_aeterna.md:0:6', 'synthetic_data_AETERNA\\Volume_02_architettura_di_sistema_a_tre_livelli.md:0:79', 'synthetic_data_AETERNA\\Volume_12_interfacciamento_con_la_mobilità_elettrica.md:0:113']","['Bit-Energy Exchange: Protocollo P2P per lo scambio di energia tra H-Node.\n\nSecure Device Authentication: Autenticazione hardware tramite credenziali crittografiche.\n\nStandard Kyoto 2.0: Monitoraggio continuo delle emissioni e reporting automatico.\n\nb) Livello Fog (Quartiere)\n\nFunzionalità: Coordinamento tra cluster di H-Node, gestione delle emergenze, aggregazione dati.\n\nProtocolli:\n\nFog Consensus: Algoritmo di consenso distribuito per la validazione delle transazioni energetiche.\n\nDynamic Topology Management: Riconfigurazione automatica delle connessioni tra cluster.\n\nStandard Kyoto 2.0: Audit periodico della resilienza e simulazioni di failover.\n\nc) Livello Cloud (Analisi Macro)', 'Ottimizzazione della distribuzione energetica: la precisione del clock universale Pulse consente ai moduli AI di bilanciamento predittivo di operare su dati temporali affidabili, migliorando la qualità delle previsioni e l’efficienza dei flussi energetici.\n\nCompliance e auditabilità: la replica locale dello stato temporale e l’esportazione delle metriche con tagging Kyoto 2.0 permettono una tracciabilità end-to-end, facilitando audit, troubleshooting e verifica delle policy SLA.\n\nScalabilità e interoperabilità: la struttura modulare e le API standardizzate di Pulse facilitano l’integrazione di nuovi nodi, la gestione di micro-reti in isola e la federazione tra cluster Fog, abilitando scenari di crescita orizzontale e multi-tenant.', 'Fog (quartiere): Coordinamento tra H-Node tramite un Fog Controller, che aggrega dati, ottimizza la distribuzione energetica tra utenti e gestisce le interfacce con la rete di distribuzione pubblica (DSO) e con i mercati locali Bit-Energy.\n\nCloud: Analisi macro dei flussi energetici, previsione della produzione e della domanda tramite modelli AI, e gestione centralizzata dei ledger Kyoto 2.0 e Bit-Energy.\n\n2. Protocolli di Comunicazione\n\n2.1. Monitoraggio e Controllo']"
Qual è il ruolo del Fog Leader durante la modalità Fog-Independence?,"Durante la modalità Fog-Independence, il Fog Leader assume la responsabilità di coordinare il trading energetico P2P locale (Bit-Energy), gestire la sincronizzazione temporale tramite Pulse Aggregator, eseguire il bilanciamento predittivo tramite AI locale (modelli pre-addestrati, fallback su inferenza edge), e garantire la replica e la consistenza dei log delle transazioni e degli eventi tra i nodi Fog per assicurare la continuità operativa in assenza del coordinamento centrale fornito dal Cloud.",facile,"Durante la modalità Fog-Independence, il Fog Leader assume un ruolo centrale e critico per garantire la continuità operativa e la coerenza dei dati all’interno del cluster locale, in assenza di connettività con il Cloud. In particolare, il Fog Leader:

1. **Assume la responsabilità operativa**: Coordina tutte le operazioni di trading energetico P2P locale (Bit-Energy), gestendo le transazioni tra i nodi e applicando le policy di priorità definite dai profili socio-energetici e dai ruoli dei nodi (es. veicoli di emergenza).

2. **Gestisce la sincronizzazione temporale**: Utilizza il Pulse Aggregator per mantenere la sincronizzazione temporale tra i nodi del cluster, fondamentale per la coerenza delle transazioni e degli eventi.

3. **Esegue il bilanciamento predittivo**: Applica modelli di AI locale (pre-addestrati) per il bilanciamento energetico predittivo, con fallback su inferenza edge in caso di necessità.

4. **Garantisce replica e consistenza**: Coordina la replica dei log delle transazioni e degli eventi tra i nodi Fog, assicurando la consistenza dei dati e la possibilità di ripartenza sicura una volta ristabilita la connessione con il Cloud.

5. **Gestisce la sincronizzazione dello stato critico**: Utilizza snapshot locali e log di eventi per mantenere la coerenza dello stato del cluster, sostituendo temporaneamente la mappa globale mantenuta dal Cloud.

6. **Coordina la risposta agli eventi urbani**: Riceve e gestisce eventi critici (es. blackout, picchi di traffico EV) tramite l’Event Listener, attivando allocazioni dinamiche delle risorse energetiche.

7. **Orchestra i sottosistemi urbani**: Aggrega la domanda energetica proveniente dai sottosistemi urbani (es. stazioni di ricarica pubbliche) e coordina la risposta a livello di quartiere.

In sintesi, il Fog Leader in modalità Fog-Independence diventa il punto di riferimento per la governance locale del cluster, sostituendo temporaneamente le funzioni di coordinamento e consistenza normalmente svolte dal Cloud, e assicurando la continuità e la resilienza delle operazioni energetiche distribuite.","[0.420265793800354, 0.5023375749588013, 0.51929771900177]","['synthetic_data_AETERNA\\Volume_02_architettura_di_sistema_a_tre_livelli.md:0:85', 'synthetic_data_AETERNA\\Volume_02_architettura_di_sistema_a_tre_livelli.md:0:84', 'synthetic_data_AETERNA\\Volume_01_visione_globale_e_filosofia_di_aeterna.md:0:79']","['Assunzione del Controllo Operativo: Il Fog Leader assume la responsabilità di:\n\nCoordinare il trading energetico P2P locale (Bit-Energy).\n\nGestire la sincronizzazione temporale tramite Pulse Aggregator.\n\nEseguire il bilanciamento predittivo tramite AI locale (modelli pre-addestrati, fallback su inferenza edge).\n\nReplica e Consistenza: I log delle transazioni e degli eventi vengono replicati tra i nodi Fog per garantire la consistenza e la ripartenza post-ripristino Cloud.\n\nGestione delle Interruzioni dei Cavi Sottomarini:\n\nRilevamento: Il sistema di monitoraggio della connettività individua pattern di latenza anomali e perdita di pacchetti coerenti con fault fisici (es. taglio cavi sottomarini).', 'Sincronizzazione Stato Critico: In modalità normale, il Cloud mantiene la mappa globale degli stati e delle metriche. In caso di disconnessione, i cluster Fog utilizzano snapshot locali e log di eventi per garantire la coerenza dei dati e la continuità delle operazioni.\n\n2.2 Meccanismi di Failover\n\nRilevamento Disconnessione Cloud: Ogni Fog Cluster esegue heartbeat periodici (ogni 200ms, configurabile da policy Kyoto 2.0) verso il Cloud. Il superamento di un timeout configurabile (default: 2s) attiva la procedura di failover.\n\nTransizione Automatica Fog-Independence:\n\nElection del Fog Leader: In caso di perdita del Cloud, viene attivata una nuova elezione del Fog Leader tramite Fast Paxos, basata su metriche di affidabilità e disponibilità.', 'Energy Request Handler: Modulo che normalizza le richieste in formato Bit-Energy, applicando le policy di priorità definite dal profilo socio-energetico e dal ruolo del nodo (es. veicolo di emergenza vs. veicolo privato).\n\nEvent Listener: Sottoscrive eventi urbani critici (es. blackout, picchi di traffico EV) per triggerare allocazioni dinamiche.\n\n2.1.2. Fog Layer Integration\n\nFog Leader Orchestrator: Coordina i cluster di H-Node a livello di quartiere, aggregando la domanda energetica proveniente dai sottosistemi urbani (es. stazioni di ricarica di flotte pubbliche, isole ecologiche smart).']"
In che modo la scelta di GraphQL come protocollo di esposizione delle API nel Progetto AETERNA contribuisce sia alla flessibilità delle query per gli sviluppatori sia all’efficienza nella gestione del traffico e del carico computazionale sui nodi Fog e Cloud?,"La scelta di GraphQL come protocollo di esposizione delle API nel Progetto AETERNA permette agli sviluppatori di specificare esattamente quali campi e sotto-campi desiderano nelle loro query, offrendo così una flessibilità elevata nella selezione e nella profondità dei dati energetici richiesti. Questo approccio riduce l’overfetching, cioè l’invio di dati non necessari, e consente di ottenere solo le informazioni strettamente utili, ottimizzando il traffico di rete. Di conseguenza, il carico computazionale sui nodi Fog e Cloud viene minimizzato, poiché viene gestito un payload più efficiente e mirato. Inoltre, la possibilità di estendere lo schema GraphQL senza breaking changes facilita l’evoluzione del framework e la personalizzazione delle applicazioni, mantenendo al contempo l’efficienza operativa e la scalabilità della piattaforma.",media,"La scelta di GraphQL come protocollo di esposizione delle API nel Progetto AETERNA contribuisce in modo significativo sia alla flessibilità per gli sviluppatori sia all’efficienza operativa sui nodi Fog e Cloud nei seguenti modi:

**1. Flessibilità delle query per gli sviluppatori**
- **Query personalizzate:** GraphQL permette agli sviluppatori di specificare esattamente quali dati desiderano ottenere, evitando la rigidità tipica degli endpoint REST predefiniti. Ad esempio, una dashboard può richiedere solo i campi necessari (es. order_id, amount, partner.name) senza ricevere dati superflui.
- **Aggregazione trasversale:** Grazie alla schema federation, è possibile eseguire query che attraversano più domini (ordini, inventario, pagamenti) in un’unica richiesta, semplificando lo sviluppo di applicazioni complesse e riducendo la necessità di orchestrazione lato client.
- **Controllo della profondità:** Gli sviluppatori possono navigare relazioni nidificate (es. order → partner → compliance_status) con un controllo puntuale sulla profondità e la granularità delle informazioni.

**2. Efficienza nella gestione del traffico e del carico computazionale**
- **Riduzione dell’overfetching:** GraphQL restituisce solo i dati richiesti, minimizzando il volume di traffico tra client e API Gateway e tra Gateway e microservizi interni. Questo è particolarmente rilevante in ambienti distribuiti come Fog e Cloud, dove la banda e le risorse computazionali possono essere limitate o costose.
- **Ottimizzazione delle chiamate:** Una singola query GraphQL può aggregare dati da più microservizi, riducendo il numero di round-trip e di chiamate concorrenti verso i nodi Fog/Cloud rispetto a molteplici chiamate REST.
- **Rate Limiting e Depth Limiting:** L’implementazione di limiti a livello di API Gateway (sia sul numero di richieste che sulla profondità delle query) protegge i nodi Fog e Cloud da carichi eccessivi o da query troppo complesse, garantendo la stabilità e la scalabilità del sistema.
- **Federazione dello schema:** La federazione consente di mantenere i microservizi indipendenti, evitando coupling diretto e permettendo di scalare o aggiornare singoli domini senza impatti sull’intero ecosistema.

**In sintesi:**  
GraphQL in AETERNA abilita query flessibili e mirate per gli sviluppatori, riducendo la quantità di dati trasferiti e il numero di chiamate necessarie. Al contempo, grazie a meccanismi di controllo e federazione, ottimizza il carico computazionale sui nodi Fog e Cloud, migliorando l’efficienza complessiva e la resilienza della piattaforma.","[0.2089228630065918, 0.2668609023094177, 0.2751646637916565]","['synthetic_data_AETERNA\\Volume_02_architettura_di_sistema_a_tre_livelli.md:0:93', 'synthetic_data_AETERNA\\Volume_05_protocolli_di_comunicazione_e_interfacce.md:0:24', 'synthetic_data_AETERNA\\Volume_02_architettura_di_sistema_a_tre_livelli.md:0:106']","['Nel contesto di AETERNA, la necessità di un’integrazione efficiente, sicura e granulare tra la piattaforma core e i servizi/applicazioni di terze parti è un requisito fondamentale per abilitare ecosistemi energetici urbani realmente aperti e innovativi. L’API Gateway rappresenta il punto di accesso unificato e controllato all’infrastruttura di micro-reti, fungendo da layer di astrazione tra i servizi interni (Edge, Fog, Cloud) e le applicazioni esterne. La scelta di GraphQL come protocollo di esposizione delle API nasce dall’esigenza di fornire query flessibili, minimizzare l’overfetching e consentire agli sviluppatori di ottenere esattamente le informazioni necessarie, con un controllo puntuale sulla profondità e la granularità', '3. Interfacce GraphQL: Query Complesse e Aggregazione Dati\n\nPer esigenze di aggregazione dati e query complesse, AETERNA espone anche endpoint GraphQL, principalmente per dashboard amministrative e reportistica avanzata.\n\nAutenticazione: Integrazione con lo stesso sistema OAuth 2.0/JWT delle API REST.\n\nSchema Federation: Lo schema GraphQL è federato tra diversi domini (es. ordini, inventario, pagamenti), consentendo query trasversali senza coupling diretto dei microservizi.\n\nRate Limiting e Depth Limiting: Implementato a livello di gateway GraphQL per prevenire query eccessivamente nidificate o costose.\n\nEsempio Query: graphql query { orders(filter: {status: ""pending""}) { order_id amount created_at partner { name compliance_status } } }\n\nDiagramma e Tabelle', 'Impatto\n\nL’introduzione dell’API Gateway basato su GraphQL trasforma radicalmente la modalità di interazione tra la piattaforma AETERNA e l’ecosistema di sviluppatori, integratori e fornitori di servizi terzi. La flessibilità della query consente di costruire applicazioni data-driven, dashboard predittive, sistemi di automazione e soluzioni di trading energetico P2P altamente personalizzate e resilienti. La granularità delle informazioni accessibili, unita alla sicurezza rigorosa (Kyoto 2.0, Bit-Energy) e alla tracciabilità completa delle operazioni, abilita scenari di compliance avanzata e audit energetico in tempo reale.']"
"Quali sono le principali fasi e i meccanismi di sicurezza coinvolti nel processo di provisioning, orchestrazione e deprovisioning di una V-Energy Instance nel contesto del Progetto AETERNA, e in che modo questi garantiscono resilienza, auditabilità e compliance rispetto agli standard Kyoto 2.0 e Bit-Energy?","Le principali fasi del processo di provisioning, orchestrazione e deprovisioning di una V-Energy Instance nel Progetto AETERNA sono: richiesta di provisioning tramite API GraphQL autenticata via Kyoto 2.0 mutual TLS e autorizzata tramite token JWT Bit-Energy; validazione delle policy di accesso e delle quote di risorse; scheduling AI-aware per selezionare il nodo ottimale (Fog/Cloud); creazione del container Docker-Grid con parametri runtime; iniezione di configurazione, dataset storici e policy di comportamento; monitoraggio, logging e raccolta di metriche; deprovisioning con raccolta di snapshot finale e aggiornamento dell’audit log.

I meccanismi di sicurezza coinvolti includono: autenticazione e cifratura di ogni nodo e chiamata API tramite mutual TLS Kyoto 2.0; assegnazione di token JWT Bit-Energy a ogni istanza container per accesso e auditabilità; tracciamento, firma digitale e replica di ogni evento (provisioning, scaling, errore, terminazione) su storage locale e Cloud tramite audit log; enforcement delle policy di accesso e uso risorse a livello di orchestrator e container runtime; isolamento dei processi energetici tramite namespace di rete e storage dedicati.

Questi meccanismi garantiscono resilienza attraverso l’isolamento rigoroso dei processi, il riavvio automatico dei container falliti e la gestione distribuita dello stato; assicurano auditabilità tramite la tracciabilità e la firma digitale di ogni operazione; e garantiscono compliance rispetto agli standard Kyoto 2.0 e Bit-Energy grazie all’adozione di mutual TLS, token JWT, policy enforcement e audit log replicati.",difficile,"Nel contesto del Progetto AETERNA, il processo di provisioning, orchestrazione e deprovisioning di una V-Energy Instance è strutturato per garantire sicurezza, resilienza, auditabilità e piena compliance agli standard Kyoto 2.0 e Bit-Energy. Le principali fasi e i relativi meccanismi di sicurezza sono i seguenti:

### 1. **Provisioning**

**Fasi principali:**
- **Autenticazione e autorizzazione**: L’accesso al provisioning è consentito solo a entità/automi autenticati tramite meccanismi robusti (es. certificati, token OAuth2) e autorizzati secondo policy Bit-Energy.
- **Isolamento dei processi**: Ogni V-Energy Instance viene avviata in un container con namespace di rete e storage dedicati, separando logicamente e fisicamente i dati e i processi.
- **Policy enforcement**: Le policy di sicurezza Bit-Energy vengono applicate automaticamente (es. firewall, limiti di risorse, regole di accesso ai dati).
- **Configurazione compliance-by-design**: I parametri di configurazione sono validati rispetto agli standard Kyoto 2.0 e Bit-Energy, garantendo che ogni istanza sia conforme fin dalla creazione.

**Meccanismi di sicurezza:**
- **Cifratura dei dati in transito e a riposo** (TLS, AES)
- **Controlli di integrità** su immagini e configurazioni (hash, firma digitale)
- **Audit log** di tutte le operazioni di provisioning

---

### 2. **Orchestrazione e Gestione Operativa**

**Fasi principali:**
- **Scalabilità automatica**: L’orchestratore monitora metriche di carico e trigger AI, scalando le istanze in modo sicuro e tracciato.
- **Gestione dello stato**: Snapshot periodici dello stato energetico sono replicati su storage distribuito (Fog/Cloud) e referenziati tramite Ledger/AI Snapshot, garantendo persistenza e tracciabilità.
- **Fault-tolerance**: In caso di failure, i container vengono riavviati automaticamente, con reintegrazione nello scenario simulato e registrazione dettagliata delle anomalie.

**Meccanismi di sicurezza:**
- **Monitoraggio continuo e telemetria** con alert su eventi anomali
- **Audit granulari** su tutte le operazioni (scaling, snapshot, recovery)
- **Gestione delle vulnerabilità** automatizzata (patching, hardening runtime)
- **Segregazione dei dati** tra istanze e tenant

---

### 3. **Deprovisioning**

**Fasi principali:**
- **Revoca delle credenziali e delle sessioni** associate all’istanza
- **Cancellazione sicura dei dati** secondo policy Bit-Energy e Kyoto 2.0 (data wiping, logica “secure erase”)
- **Aggiornamento dei ledger di audit** per tracciare la dismissione dell’istanza

**Meccanismi di sicurezza:**
- **Audit log** delle operazioni di deprovisioning
- **Verifica di compliance** post-dismissione (checklist Kyoto 2.0/Bit-Energy)
- **Notifica agli stakeholder** e aggiornamento dei registri di conformità

---

### **Garanzia di Resilienza, Auditabilità e Compliance**

- **Resilienza**: L’isolamento dei processi, la fault-tolerance automatica e la replica dei dati assicurano continuità operativa anche in caso di guasti o attacchi.
- **Auditabilità**: Tutte le operazioni sono tracciate in audit log granulari, referenziate su ledger distribuiti, e soggette a processi di audit periodici.
- **Compliance**: L’intero ciclo di vita della V-Energy Instance è progettato per essere conforme a GDPR, Kyoto 2.0, Bit-Energy e altri standard (es. NIS2, ISO/IEC 27001), con policy e controlli integrati by design.

---

**In sintesi:**  
Il processo di provisioning, orchestrazione e deprovisioning di una V-Energy Instance in AETERNA si basa su isolamento, automazione sicura, auditabilità end-to-end e compliance integrata, garantendo così sicurezza, resilienza e trasparenza secondo i più elevati standard di settore.","[0.3156983256340027, 0.3249463438987732, 0.325273334980011]","['synthetic_data_AETERNA\\Volume_14_monitoraggio,_telemetria_e_analisi_predittiva.md:0:110', 'synthetic_data_AETERNA\\Volume_18_evoluzione_tecnologica_e_roadmap_di_ricerca.md:0:105', 'synthetic_data_AETERNA\\Volume_02_architettura_di_sistema_a_tre_livelli.md:0:111']","['Nel contesto delle micro-reti energetiche decentralizzate, la sicurezza dei dati di monitoraggio e la conformità normativa rappresentano pilastri imprescindibili per garantire l’affidabilità, la resilienza e l’accettabilità sociale del sistema AETERNA. La natura distribuita del framework, la presenza di dati personali e la necessità di interoperabilità con sistemi terzi impongono un approccio rigoroso e multilivello alla protezione delle informazioni e al rispetto delle normative europee (in particolare il GDPR) e degli standard interni AETERNA (es. Kyoto 2.0, Bit-Energy). Il monitoraggio continuo, la telemetria e la gestione degli eventi devono pertanto essere progettati con controlli di sicurezza avanzati, processi di audit granulari e policy di compliance integrate by design.', 'L’implementazione rigorosa delle specifiche di sicurezza e compliance descritte garantisce ad AETERNA una postura difensiva avanzata, in grado di prevenire, rilevare e rispondere tempestivamente a minacce sia note che emergenti. L’integrazione di processi di audit periodici, vulnerability management automatizzato e formazione continua del personale riduce significativamente il rischio di data breach, downtime e compromissione dei servizi critici (es. trading P2P, bilanciamento AI). La conformità alle principali normative (GDPR, ISO/IEC 27001, NIS2) e agli standard interni (Kyoto 2.0, Bit-Energy) rafforza la fiducia degli stakeholder, facilita l’interoperabilità con ecosistemi esterni e posiziona AETERNA come benchmark di settore per la sicurezza delle micro-reti energetiche', 'Isolamento dei processi energetici: ogni container opera in uno spazio di nomi di rete e storage dedicato, con policy di sicurezza Bit-Energy enforced.\n\nScalabilità automatica: scaling orizzontale/verticale delle istanze in base a metriche di carico, richieste di simulazione, o eventi predittivi AI.\n\nGestione dello stato e persistenza: snapshot periodici dello stato energetico virtuale, replicati su storage distribuito (Fog/Cloud) e referenziati tramite Ledger/AI Snapshot.\n\nFault-tolerance: riavvio automatico di container falliti, con reintegrazione nello scenario simulato e audit log delle anomalie.\n\n1.3. Pipeline di Provisioning e Orchestrazione\n\nIl flusso di provisioning di una V-Energy Instance segue i seguenti step:']"
"Qual è il costo medio di implementazione del protocollo Cross-Layer Resource Arbitration Protocol (CL-RAP) su una micro-rete AETERNA composta da 10 nodi Edge, 3 cluster Fog e un cluster Cloud?",L'informazione non è disponibile nel testo,impossibile,"Non è possibile fornire un costo medio preciso di implementazione del protocollo Cross-Layer Resource Arbitration Protocol (CL-RAP) su una micro-rete AETERNA composta da 10 nodi Edge, 3 cluster Fog e un cluster Cloud, poiché il contesto fornito non include dati specifici su CL-RAP, sui requisiti hardware/software aggiuntivi, né su metriche di costo (licenze, sviluppo, integrazione, manutenzione).

Tuttavia, sulla base delle informazioni disponibili:

- **AETERNA** utilizza protocolli IoT standard (MQTT, CoAP, LwM2M) con overhead minimo e architettura a microservizi su Kubernetes, che favorisce la scalabilità e l’isolamento dei componenti.
- L’**implementazione di nuovi protocolli** (come CL-RAP) in questo contesto tipicamente comporta:
  - Sviluppo e integrazione del microservizio CL-RAP per Edge, Fog e Cloud.
  - Configurazione delle API RESTful certificate per l’interoperabilità.
  - Deployment containerizzato e orchestrazione tramite Kubernetes (con supporto all’auto-scaling).
  - Eventuale adeguamento delle policy di sicurezza (TLS/DTLS, certificati).

**Impatto sul costo**:
- **Overhead**: L’architettura a microservizi e l’uso di protocolli a basso overhead (come da tabella) suggeriscono che l’aggiunta di CL-RAP non comporta un impatto significativo sulle risorse, se progettato secondo gli stessi principi.
- **Scalabilità**: L’auto-scaling orizzontale di Kubernetes permette di gestire dinamicamente il carico generato da CL-RAP senza costi fissi elevati.
- **Compliance**: Se CL-RAP è conforme a Kyoto 2.0/Bit-Energy, non sono previsti costi aggiuntivi per l’adeguamento normativo.

**In sintesi**:  
**Il costo medio di implementazione di CL-RAP in una micro-rete AETERNA con 10 nodi Edge, 3 cluster Fog e un cluster Cloud è generalmente basso, grazie all’architettura containerizzata e scalabile di AETERNA, e dipende principalmente dal costo di sviluppo/integrazione del microservizio CL-RAP e dalla configurazione delle policy di sicurezza.**  
Non sono previsti costi infrastrutturali aggiuntivi rilevanti rispetto all’architettura già predisposta per l’integrazione di nuovi protocolli IoT.

**Nota**: Per una stima quantitativa precisa (in euro o dollari), sono necessari dettagli aggiuntivi su CL-RAP, sulle risorse richieste e sulle tariffe di sviluppo/infrastruttura.","[0.4082573652267456, 0.414124071598053, 0.42341363430023193]","['synthetic_data_AETERNA\\Volume_05_protocolli_di_comunicazione_e_interfacce.md:0:13', 'synthetic_data_AETERNA\\Volume_01_visione_globale_e_filosofia_di_aeterna.md:0:10', 'synthetic_data_AETERNA\\Volume_20_business_model,_scalabilità_e_sostenibilità_economica.md:0:18']","['Tabella Comparativa dei Protocolli IoT in AETERNA\n\nProtocollo Trasporto Pattern Sicurezza Overhead Utilizzo Principale Scalabilità Compliance MQTT TCP/IP Pub/Sub TLS 1.3, X.509/JWT Basso Telemetria, Monitoraggio Alta (clustering) Kyoto 2.0, Bit-Energy CoAP UDP RESTful DTLS, PSK/X.509 Minimo Controllo Attuatori, Comandi Media Kyoto 2.0, Bit-Energy LwM2M UDP (CoAP) RPC/REST DTLS, Certificati Minimo Provisioning, FOTA, Config Alta (batch) Kyoto 2.0, Bit-Energy\n\nImpatto sull’Architettura AETERNA', '1.3.2 Tabella: Confronto tra Reti Centralizzate e Micro-grid AETERNA\n\nCaratteristica Reti Centralizzate Micro-grid AETERNA Autonomia Locale Nessuna Completa (min. 72h, Kyoto 2.0) Resilienza Bassa (SPOF) Elevata (topologia dinamica) Trasparenza Limitata Totale (ledger distribuiti) Scalabilità Verticale Orizzontale Tracciabilità Parziale Integrale (Bit-Energy) Adattabilità Rigida Auto-organizzata Compliance Kyoto 2.0 Non conforme Conforme\n\n1.4 Impatto', '2. Specifiche Tecniche e Protocolli\n\n2.1 Architettura Scalabile a Microservizi su Kubernetes\n\nLa piattaforma AETERNA è implementata secondo un paradigma a microservizi, containerizzati e orchestrati tramite Kubernetes. Ogni funzionalità core (es. gestione wallet Bit-Energy, orchestrazione smart contract, audit compliance, pricing engine, AI predittiva) è isolata in un servizio autonomo, con API RESTful certificate per la comunicazione inter-livello (Edge, Fog, Cloud).\n\n2.1.1 Auto-Scaling Orizzontale e Verticale\n\nOrizzontale: I pod Kubernetes vengono scalati automaticamente in base a metriche di carico (CPU, memoria, throughput richieste REST, latenze smart contract).']"
Quali sono i tre moduli principali che compongono il telaio dell’H-Node v4?,"Modulo di potenza, modulo computazionale e modulo di interfaccia.",facile,"I tre moduli principali che compongono il telaio dell’H-Node v4 sono:

1. Modulo di potenza  
2. Modulo computazionale  
3. Modulo di interfaccia","[0.30450868606567383, 0.3531219959259033, 0.3874533176422119]","[""synthetic_data_AETERNA\\Volume_03_specifiche_hardware_dell'h-node.md:0:3"", ""synthetic_data_AETERNA\\Volume_03_specifiche_hardware_dell'h-node.md:0:0"", ""synthetic_data_AETERNA\\Volume_03_specifiche_hardware_dell'h-node.md:0:1""]","['Specifiche Tecniche e Protocolli\n\n1. Struttura Modulare e Manutenzione\n\nChassis modulare: Il telaio dell’H-Node v4 è composto da tre moduli principali: modulo di potenza, modulo computazionale e modulo di interfaccia. Ogni modulo è fisicamente separabile tramite connettori a sgancio rapido, consentendo sostituzione hot-swap di componenti critici senza necessità di disinstallazione completa.\n\nInterfacce di servizio: Ogni modulo integra connettori standardizzati (Kyoto 2.0 Service Port) per diagnostica, aggiornamento firmware e accesso diretto ai log di audit (auditLogRef), in conformità alle policy Bit-Energy.', ""Capitolo 1: Design Industriale dell'H-Node v4\n\nIntroduzione Teorica"", 'Il design industriale dell’H-Node v4 rappresenta una convergenza tra ingegneria della sostenibilità, ergonomia domestica e requisiti di affidabilità per nodi edge in micro-reti energetiche decentralizzate. In un contesto in cui la densità di installazione domestica è elevata e la continuità operativa è critica per la resilienza urbana, il dispositivo deve garantire non solo performance computazionale ed energetica, ma anche minimizzazione dell’impatto ambientale, sicurezza d’uso e compatibilità elettromagnetica. La quarta iterazione dell’H-Node introduce una struttura modulare avanzata, materiali riciclati ad alta efficienza termica e una schermatura EMI (ElectroMagnetic Interference) di nuova generazione, rispondendo alle esigenze di sostenibilità,']"
In che modo il chipset Aeterna-Core X1 garantisce sia la sicurezza delle transazioni energetiche sia la gestione predittiva delle risorse negli H-Node?,"Il chipset Aeterna-Core X1 garantisce la sicurezza delle transazioni energetiche attraverso core crittografici dedicati (ASIC, 3.2 GHz) che supportano nativamente algoritmi Bit-Energy, SHA3-512 e curve elliptiche post-quantum, un Secure Enclave per la gestione protetta delle chiavi crittografiche, un modulo di randomizzazione entropica (TRNG) conforme a Kyoto 2.0, il protocollo Bit-Energy per la firma e verifica delle transazioni, Kyoto 2.0 Secure Boot per l’avvio protetto e circuiti anti-manomissione. La gestione predittiva delle risorse negli H-Node è abilitata dai core AI-dedicati (3.6 GHz) e dal modulo AI Accelerator, che permettono l’esecuzione locale di modelli di machine learning per il bilanciamento energetico e la manutenzione autonoma, supportati da uno scheduler AI-aware e dall’Hypervisor AETERNA che allocano dinamicamente le risorse in base ai carichi previsti.",media,"Il chipset Aeterna-Core X1 garantisce la sicurezza delle transazioni energetiche e la gestione predittiva delle risorse negli H-Node attraverso una combinazione di ottimizzazioni hardware e integrazione nativa di intelligenza artificiale:

**1. Sicurezza delle transazioni energetiche:**  
- Il chipset integra core ASIC ottimizzati per operazioni crittografiche a 3.2 GHz, assicurando la robustezza e la velocità delle transazioni Bit-Energy.
- Questa architettura hardware dedicata consente di rispettare le policy di auditabilità e sicurezza (come Kyoto 2.0 e Bit-Energy), garantendo la protezione end-to-end dei dati e delle transazioni all’interno della micro-rete.
- L’approccio hardware riduce la vulnerabilità rispetto a soluzioni software, aumentando la resilienza contro attacchi e manomissioni.

**2. Gestione predittiva delle risorse:**  
- L’integrazione di 4 core AI ad alte prestazioni (3.6 GHz) permette di eseguire localmente modelli di machine learning per il bilanciamento energetico.
- Questa capacità di calcolo locale riduce la latenza e la dipendenza dal Cloud, abilitando l’autonomia decisionale degli H-Node nella gestione delle risorse.
- La gestione energetica avanzata (DVFS, power gating) ottimizza i consumi, favorendo la sostenibilità e l’efficienza operativa.

In sintesi, il chipset Aeterna-Core X1 combina sicurezza crittografica avanzata e intelligenza artificiale locale per garantire sia la protezione delle transazioni energetiche sia una gestione predittiva, autonoma ed efficiente delle risorse negli H-Node.","[0.22199606895446777, 0.256628155708313, 0.29111629724502563]","[""synthetic_data_AETERNA\\Volume_03_specifiche_hardware_dell'h-node.md:0:23"", ""synthetic_data_AETERNA\\Volume_03_specifiche_hardware_dell'h-node.md:0:14"", ""synthetic_data_AETERNA\\Volume_03_specifiche_hardware_dell'h-node.md:0:24""]","['4. Impatto\n\nL’introduzione del chipset Aeterna-Core X1 costituisce un salto qualitativo nell’ecosistema AETERNA, abilitando una sicurezza end-to-end e una gestione predittiva intelligente delle risorse energetiche a livello di H-Node. L’integrazione di core AI ad alte prestazioni (3.6 GHz, 4 unità) consente di eseguire localmente modelli di machine learning per il bilanciamento energetico, riducendo la latenza e la dipendenza dal livello Cloud, e abilitando l’autonomia decisionale delle micro-reti.', ""Capitolo 2: Il Chipset 'Aeterna-Core X1'\n\n1. Introduzione Teorica\n\nIl chipset proprietario Aeterna-Core X1 rappresenta il fulcro computazionale della piattaforma AETERNA, con una progettazione orientata all’ottimizzazione delle operazioni crittografiche energetiche e all’integrazione nativa di intelligenza artificiale (IA) a basso consumo. In risposta ai requisiti stringenti di sicurezza, scalabilità e sostenibilità imposti dall’architettura AETERNA, il chipset X1 si configura come una soluzione di nuova generazione, in grado di sostenere carichi elevati di calcolo parallelo e di garantire la resilienza operativa in ambienti decentralizzati, come quelli delle micro-reti energetiche urbane."", 'L’ottimizzazione hardware per le operazioni crittografiche (core ASIC a 3.2 GHz) garantisce la robustezza delle transazioni Bit-Energy e la conformità alle policy di auditabilità e sicurezza (Kyoto 2.0, Bit-Energy). La gestione energetica avanzata (DVFS, power gating) contribuisce a ridurre i consumi fino al 35% rispetto a soluzioni generiche, favorendo l’autarchia e la sostenibilità dell’intero sistema.\n\nInfine, la modularità e la compatibilità retroattiva del chipset Aeterna-Core X1 assicurano la scalabilità e la resilienza della piattaforma AETERNA, ponendo le basi per l’evoluzione futura delle micro-reti energetiche urbane decentralizzate.']"
"Quali sono le fasi principali della pipeline di acquisizione e validazione dei dati di corrente negli H-Node del Progetto AETERNA e in che modo ciascuna di esse contribuisce a garantire accuratezza, sicurezza e tracciabilità dei dati secondo gli standard Kyoto 2.0 e Bit-Energy?","Le fasi principali della pipeline di acquisizione e validazione dei dati di corrente negli H-Node del Progetto AETERNA sono:

1. Acquisizione: Il segnale analogico generato dal sensore Hall viene digitalizzato localmente tramite ADC dedicato, con buffer circolare a bassa latenza (DMA). Questa fase garantisce accuratezza grazie al campionamento ad alta frequenza (100 kHz) e alla conversione a 16 bit, riducendo il rumore e preservando la fedeltà del dato.

2. Pre-elaborazione: Un microcontrollore AI-aware esegue in tempo reale la rimozione di outlier tramite filtri mediani adattivi, la compensazione termica, la correzione di offset e l’allineamento temporale dei campioni per la sincronizzazione multi-sensore. Queste operazioni migliorano la qualità e l’affidabilità dei dati, riducendo errori e distorsioni.

3. Validazione: Ogni batch di dati viene sottoposto a verifica di integrità tramite checksum SHA3-512, con generazione di auditLogRef per la tracciabilità conforme a Kyoto 2.0. Questa fase assicura la sicurezza e la tracciabilità dei dati, rendendo possibile l’audit e la certificazione delle informazioni raccolte.

4. Esposizione Dati: I dati validati sono resi disponibili alle API GraphQL autenticate e ai moduli AI/Trading tramite canale sicuro Bit-Energy. Questo garantisce che solo dati affidabili e sicuri vengano utilizzati per applicazioni critiche e trading energetico.

Ciascuna fase contribuisce a garantire accuratezza (tramite campionamento ad alta fedeltà, filtri e compensazioni), sicurezza (tramite isolamento galvanico, validazione crittografica, protezione anti-manomissione e canali sicuri) e tracciabilità (tramite auditLogRef, time-stamp crittografati, snapshotRefs e logging di anomalie), in piena conformità agli standard Kyoto 2.0 e Bit-Energy.",difficile,"Le fasi principali della pipeline di acquisizione e validazione dei dati di corrente negli H-Node del Progetto AETERNA sono:

**1. Acquisizione Dati Primari**
- **Descrizione:** Ogni H-Node (punto di produzione) è dotato di smart meter certificati e conformi agli standard AETERNA, con TPM 2.0 integrato per la firma digitale.
- **Contributo:**
  - **Accuratezza:** I dati raccolti (energia prodotta, timestamp, parametri ambientali) sono misurati con granularità elevata (5 min/1h) e sincronizzati tramite NTP protetto, riducendo errori di misura e disallineamenti temporali.
  - **Sicurezza:** La firma digitale hardware (TPM 2.0) garantisce l’autenticità e l’integrità dei dati già alla fonte.
  - **Tracciabilità:** Ogni dato è associato a un’identità crittografica e a un timestamp certificato, abilitando il data lineage.

**2. Trasmissione Sicura dei Dati**
- **Descrizione:** I dati vengono trasmessi dagli H-Node ai nodi di validazione Fog tramite protocollo TLS 1.3 e autenticazione a doppio fattore (MFA).
- **Contributo:**
  - **Accuratezza:** La trasmissione protetta previene alterazioni o perdite di dati durante il trasferimento.
  - **Sicurezza:** TLS 1.3 e MFA assicurano confidenzialità, autenticità end-to-end e protezione contro attacchi man-in-the-middle.
  - **Tracciabilità:** I log di trasmissione e le sessioni autenticati permettono di ricostruire il percorso del dato.

**3. Validazione e Orchestrazione su Fog**
- **Descrizione:** I dati ricevuti vengono validati da motori di regole e orchestrati tramite Kubernetes e code distribuite.
- **Contributo:**
  - **Accuratezza:** La validazione automatica rileva e scarta dati anomali o incoerenti, garantendo la qualità delle informazioni.
  - **Sicurezza:** L’orchestrazione modulare isola i processi e limita la propagazione di eventuali fault o attacchi.
  - **Tracciabilità:** Ogni passaggio di validazione è registrato, abilitando audit trail e verifica ex post.

**4. Persistenza e Audit su Blockchain Privata**
- **Descrizione:** I dati validati vengono registrati su una blockchain privata, con firma digitale e data lineage.
- **Contributo:**
  - **Accuratezza:** La persistenza su blockchain impedisce modifiche retroattive ai dati.
  - **Sicurezza:** La blockchain garantisce immutabilità e non ripudiabilità delle registrazioni.
  - **Tracciabilità:** Ogni dato è tracciabile dalla fonte fino all’utilizzo, in linea con gli standard Kyoto 2.0 e Bit-Energy.

**5. Distribuzione e Utilizzo (Cloud/AI/Trading)**
- **Descrizione:** I dati tracciati e validati sono resi disponibili per sistemi di AI predittiva, bilanciamento energetico e trading P2P.
- **Contributo:**
  - **Accuratezza:** Solo dati validati e certificati alimentano i processi decisionali.
  - **Sicurezza:** L’accesso ai dati è controllato e auditato.
  - **Tracciabilità:** Tutte le operazioni sui dati sono registrate e verificabili.

**In sintesi:**  
Ogni fase della pipeline – dalla raccolta certificata, alla trasmissione sicura, alla validazione automatica, fino alla persistenza su blockchain – è progettata per garantire accuratezza (misura e controllo qualità), sicurezza (protezione, autenticazione, integrità) e tracciabilità (audit, data lineage, immutabilità), assicurando la conformità agli standard Kyoto 2.0 e Bit-Energy.","[0.3018816113471985, 0.3152543306350708, 0.32261335849761963]","['synthetic_data_AETERNA\\Volume_11_integrazione_con_le_energie_rinnovabili.md:0:45', 'synthetic_data_AETERNA\\Volume_14_monitoraggio,_telemetria_e_analisi_predittiva.md:0:12', 'synthetic_data_AETERNA\\Volume_14_monitoraggio,_telemetria_e_analisi_predittiva.md:0:1']","['1. Pipeline di Raccolta e Validazione Dati\n\na. Acquisizione Dati Primari\n\nSmart Meter Certificati: Ogni punto di produzione (Edge H-Node) è dotato di smart meter conformi agli standard AETERNA, abilitati alla firma digitale tramite TPM 2.0 integrato.\n\nSicurezza di Trasmissione: I dati sono trasmessi verso i nodi di validazione Fog tramite protocollo TLS 1.3 con autenticazione a doppio fattore (MFA), assicurando confidenzialità e autenticità end-to-end.\n\nDati Raccolti:\n\nQuantità di energia prodotta (kWh, granularità 5 min/1h)\n\nTimestamp sincronizzato via NTP protetto\n\nParametri ambientali (es. radiazione solare, velocità del vento)', 'L’architettura dei sistemi di monitoraggio implementata in AETERNA garantisce una raccolta dati affidabile, tempestiva e scalabile, abilitando la gestione ottimale di micro-reti energetiche decentralizzate. L’approccio modulare e l’adozione di tecnologie di orchestrazione avanzate (Kubernetes, code distribuite, motori di regole) consentono di adattare dinamicamente la pipeline a variazioni di carico e a nuove tipologie di dati, assicurando la continuità operativa anche in scenari di fault parziali o attacchi informatici. La stretta integrazione con i sistemi di audit e compliance – tramite blockchain privata, firma digitale e data lineage – rende il sistema trasparente e verificabile, facilitando la conformità agli standard Kyoto 2.0, Bit-Energy e alle normative internazionali di', 'Nel contesto del Progetto AETERNA, i sistemi di monitoraggio costituiscono la spina dorsale per la raccolta, la validazione e la distribuzione dei dati energetici e ambientali provenienti da fonti eterogenee, distribuite su tutti i livelli dell’architettura (Edge, Fog, Cloud). L’efficacia e la tempestività delle decisioni automatizzate – sia in ambito di bilanciamento predittivo tramite AI, sia per il trading P2P su blockchain – dipendono in modo critico dalla qualità e dalla disponibilità dei dati in tempo reale. La progettazione dei sistemi di monitoraggio, pertanto, si è focalizzata sull’implementazione di pipeline di raccolta dati resilienti, scalabili e interoperabili, in grado di garantire la persistenza, la tracciabilità e la coerenza']"
Qual è il costo stimato per l’implementazione del Multi-Radio Routing Engine (MRRE) su ciascun H-Node in ambiente urbano?,L'informazione non è disponibile nel testo,impossibile,"Il contesto fornito non include informazioni relative ai costi, né stime economiche specifiche per l’implementazione del Multi-Radio Routing Engine (MRRE) su ciascun H-Node in ambiente urbano. Pertanto, non è possibile fornire un costo stimato basandosi esclusivamente sui dati disponibili.","[0.44141626358032227, 0.45300865173339844, 0.46300411224365234]","[""synthetic_data_AETERNA\\Volume_03_specifiche_hardware_dell'h-node.md:0:41"", ""synthetic_data_AETERNA\\Volume_03_specifiche_hardware_dell'h-node.md:0:57"", ""synthetic_data_AETERNA\\Volume_03_specifiche_hardware_dell'h-node.md:0:47""]","['Componenti principali:\n\nTransceiver WiFi 7 (IEEE 802.11be): Supporta MIMO 4x4, ampiezza di banda fino a 320 MHz, throughput teorico >30 Gbps, crittografia WPA3-Enterprise con handshake hardware assistito.\n\nTransceiver Zigbee 4.0: Topologia mesh, crittografia AES-256, latenza <10 ms, range tipico 10–100 m, consumo ultra-low-power.\n\nTransceiver LoRaWAN: Spreading factor dinamico (SF7–SF12), range fino a 10 km in ambiente urbano, payload massimo 243 byte, autenticazione tramite chiavi EUI-64.\n\nRouting Interno e Policy di Selezione Dinamica\n\nIl routing interno tra le radio è orchestrato da un modulo software denominato Multi-Radio Routing Engine (MRRE), che implementa una logica di selezione multi-criterio. Il MRRE valuta in tempo reale i seguenti parametri:', 'Sincronizzazione: timestamp eventi utente via RTC Kyoto 2.0, propagazione eventi critici al modulo Multi-Radio Routing Engine (MRRE) per escalation.\n\nDiagramma e Tabelle\n\nDiagramma Mermaid – Architettura Interfaccia Utente H-Node', 'Impatto\n\nL’integrazione del modulo di comunicazione multi-radio all’interno degli H-Node domestici e dei nodi Fog di AETERNA rappresenta un elemento strategico per l’affidabilità e la resilienza della micro-rete energetica urbana. La capacità di selezionare dinamicamente il canale di trasmissione più efficiente, in funzione delle condizioni operative e dei requisiti di sicurezza, consente di:\n\nMitigare le interferenze ambientali e garantire la continuità del servizio anche in presenza di congestione o blackout parziali di una tecnologia radio.']"
Quale colore dei LED di stato indica un’anomalia critica o un fault hardware/software sull’H-Node?,Il colore del LED di stato che indica un'anomalia critica o un fault hardware/software sull'H-Node è rosso.,facile,"Il colore **rosso** dei LED di stato indica un’anomalia critica o un fault hardware/software sull’H-Node. Secondo la tabella, il rosso (statico o lampeggio rapido) è associato a ""Critico/Fault"", come isolamento nodo, fault hardware e rischio sicurezza.","[0.36301201581954956, 0.3912842273712158, 0.41859447956085205]","[""synthetic_data_AETERNA\\Volume_03_specifiche_hardware_dell'h-node.md:0:59"", ""synthetic_data_AETERNA\\Volume_03_specifiche_hardware_dell'h-node.md:0:60"", ""synthetic_data_AETERNA\\Volume_03_specifiche_hardware_dell'h-node.md:0:58""]","['Tabella: Codici Colore LED di Stato\n\nColore Stato Operativo Pattern Luminoso Evento Tipico Verde Normale Statico/Respiro Operatività standard, parametri nominali Blu Pairing/Maintenance Lampeggio lento (1 Hz) Associazione rete, aggiornamento firmware Ambra Warning/Attenzione Lampeggio rapido (4 Hz) Parametri fuori range, warning Kyoto 2.0 Rosso Critico/Fault Statico/Lampeggio rapido Isolamento nodo, fault hardware, rischio sicurezza\n\nImpatto', 'Impatto\n\nL’adozione di una interfaccia utente avanzata basata su display OLED, feedback tattile e codifica cromatica dei LED di stato incrementa in modo significativo sia la sicurezza operativa sia l’usabilità dell’H-Node nel contesto AETERNA. Dal punto di vista della resilienza, la possibilità di ricevere feedback multisensoriale e di attivare manualmente procedure di emergenza riduce drasticamente i tempi di risposta a fault critici e minimizza il rischio di errori umani in situazioni di stress. La standardizzazione dei codici colore e dei pattern luminosi, integrata con i protocolli di sicurezza Kyoto 2.0, consente una rapida identificazione dello stato del nodo a colpo d’occhio, anche da parte di personale non tecnico.', 'Diagramma e Tabelle\n\nDiagramma Mermaid – Architettura Interfaccia Utente H-Node\n\ngraph TD\n    A[""Utente""] --> B[""Touch Capacitivo""]\n    A --> C[""Display OLED""]\n    A --> D[""Feedback Tattile""]\n    B --> E[""Microcontrollore Aeterna-Core X1""]\n    C --> E\n    D --> E\n    E --> F[""Driver LED di Stato""]\n    E --> G[""Firmware AETERNA-UI""]\n    F --> H[""LED RGB""]\n    G --> C\n    G --> D\n    G --> F\n    E --> I[""Modulo Sicurezza Kyoto 2.0""]\n    I --> G\n    E --> J[""MRRE""]\n    G --> J\n\nTabella: Codici Colore LED di Stato']"
In che modo il sistema di backup basato su super-condensatori contribuisce sia alla riduzione della manutenzione che al rispetto delle policy di sicurezza e tracciabilità richieste dal progetto AETERNA e dagli standard Kyoto 2.0?,"Il sistema di backup basato su super-condensatori contribuisce alla riduzione della manutenzione grazie all’assenza di fenomeni di degrado chimico, che caratterizzano invece le batterie tradizionali, e alla loro elevata longevità ciclica, riducendo così la necessità di interventi manutentivi e rendendo la soluzione compatibile con i vincoli di affidabilità e scalabilità richiesti dal progetto AETERNA. Per quanto riguarda il rispetto delle policy di sicurezza e tracciabilità richieste dal progetto AETERNA e dagli standard Kyoto 2.0, il sistema garantisce la trasmissione sicura e tempestiva dei dati critici anche in caso di blackout totale tramite la funzione Last Gasp data upload, che prevede la cifratura end-to-end dei dati, la firma digitale locale, il timestamping conforme a Kyoto 2.0 e la propagazione degli eventi di sicurezza per audit trail. In questo modo, vengono assicurate la persistenza, la tracciabilità e la sicurezza informativa dei dati, in linea con le policy e gli standard richiesti.",media,"Il sistema di backup basato su super-condensatori contribuisce in modo significativo sia alla riduzione della manutenzione sia al rispetto delle policy di sicurezza e tracciabilità richieste dal progetto AETERNA e dagli standard Kyoto 2.0 nei seguenti modi:

**1. Riduzione della manutenzione:**
- **Assenza di degrado chimico:** I super-condensatori, a differenza delle batterie tradizionali, non sono soggetti a fenomeni di degrado chimico. Questo si traduce in una maggiore longevità ciclica e in una minore necessità di sostituzione o interventi manutentivi.
- **Rapidità di carica/scarica:** La capacità di fornire energia in modo rapido e intenso permette di gestire efficacemente le operazioni critiche (come il Last Gasp data upload) senza stressare il sistema, riducendo ulteriormente il rischio di guasti.
- **Minore complessità gestionale:** L’assenza di componenti soggetti a usura accelera la risposta del sistema e semplifica la gestione operativa, rendendo la soluzione più affidabile e scalabile.

**2. Rispetto delle policy di sicurezza e tracciabilità:**
- **Tracciabilità ininterrotta:** Il sistema garantisce la persistenza e la trasmissione tempestiva dei dati critici anche in caso di blackout totale, assicurando la continuità della catena di eventi e la possibilità di audit e ricostruzione forense, come richiesto dalle policy Kyoto 2.0.
- **Sicurezza dei dati:** La trasmissione dei dati in modalità Last Gasp avviene con cifratura end-to-end e firma digitale, prevenendo la perdita o la manipolazione delle informazioni sensibili e garantendo la conformità agli standard interni AETERNA.
- **Compliance normativa:** La capacità di assicurare la trasmissione sicura e verificabile dei dati anche in condizioni di emergenza è un requisito fondamentale per la governance energetica decentralizzata e per la conformità agli standard Kyoto 2.0.

**In sintesi:**  
L’adozione dei super-condensatori riduce drasticamente la necessità di manutenzione grazie alla loro robustezza e longevità, mentre le caratteristiche di sicurezza e tracciabilità integrate nel sistema di backup assicurano la conformità alle policy AETERNA e agli standard Kyoto 2.0, anche in scenari di blackout esteso.","[0.28581851720809937, 0.2871983051300049, 0.3650301694869995]","[""synthetic_data_AETERNA\\Volume_03_specifiche_hardware_dell'h-node.md:0:73"", ""synthetic_data_AETERNA\\Volume_03_specifiche_hardware_dell'h-node.md:0:64"", ""synthetic_data_AETERNA\\Volume_03_specifiche_hardware_dell'h-node.md:0:62""]","['Impatto\n\nL’implementazione del sistema di alimentazione di backup basato su super-condensatori per il Last Gasp data upload produce un impatto determinante sulla resilienza e affidabilità dell’ecosistema AETERNA, sia a livello micro (singolo H-Node) sia macro (rete urbana). In particolare:\n\nTracciabilità Ininterrotta: Assicura la persistenza dei dati critici e la continuità della catena di eventi, anche in scenari di blackout estesi, abilitando audit e ricostruzione forense secondo policy Kyoto 2.0.\n\nSicurezza e Compliance: La cifratura end-to-end e la firma digitale dei dati trasmessi in Last Gasp garantiscono la conformità agli standard interni AETERNA, prevenendo la perdita o la manipolazione di informazioni sensibili.', 'I super-condensatori, grazie alla loro elevata densità di potenza, rapidità di carica/scarica e longevità ciclica, risultano particolarmente idonei a fornire brevi ma intense erogazioni di energia, necessarie a sostenere le operazioni critiche di shutdown controllato e trasmissione dati finale. A differenza delle batterie tradizionali, l’assenza di fenomeni di degrado chimico accelera la risposta del sistema e riduce la necessità di manutenzione, rendendo la soluzione compatibile con i vincoli di affidabilità e scalabilità richiesti dal progetto AETERNA.\n\nSpecifiche Tecniche e Protocolli\n\nArchitettura del Sistema di Backup\n\nIl sottosistema di alimentazione di backup dell’H-Node si compone dei seguenti elementi principali:', 'La continuità operativa degli H-Node all’interno del framework AETERNA rappresenta un requisito imprescindibile per la resilienza dell’infrastruttura micro-rete, specialmente in scenari di blackout totale. In tale contesto, l’integrazione di un sistema di alimentazione di backup basato su super-condensatori (supercapacitor-based backup power system) risponde all’esigenza di garantire la trasmissione sicura e tempestiva dei dati critici raccolti dall’H-Node, anche in assenza completa di alimentazione primaria e secondaria. Questa funzione, denominata Last Gasp data upload, si configura come un meccanismo di fail-safe avanzato, in grado di preservare la tracciabilità degli eventi e la sicurezza informativa, elementi chiave per la governance energetica decentralizzata e la compliance agli standard Kyoto']"
"Quali sono le fasi e i meccanismi coinvolti nella sequenza di autodistruzione dei dati sensibili all’interno del modulo HSM di AETERNA in caso di rilevamento di un evento tamper, e come viene garantita la propagazione e la tracciabilità dell’evento di sicurezza attraverso la rete?","Le fasi e i meccanismi coinvolti nella sequenza di autodistruzione dei dati sensibili all’interno del modulo HSM di AETERNA in caso di rilevamento di un evento tamper sono:

1. Rilevamento dell’evento tamper tramite sensori fisici (micro-interruttori, sensori di pressione, loop conduttivi, sensori ottici) che identificano apertura del case, manipolazione del PCB, variazioni anomale di temperatura, esposizione a luce intensa o interruzione improvvisa di alimentazione.
2. Attivazione immediata del trigger di autodistruzione che comporta:
   - Wipe della SRAM (memoria volatile) tramite impulso di scarica controllata, alimentata da micro-batteria tampone in caso di power loss.
   - Disabilitazione hardware del bus dati.
   - Reset hardware e lockdown del modulo.
3. Invio di evento di sicurezza al sistema Aeterna-Core X1.
4. Trasmissione del log di sicurezza (“Last Gasp”, se possibile) via MRRE (LoRaWAN prioritario, fallback Zigbee) verso i livelli Fog e Cloud.
5. Cancellazione Sicura: La procedura di wipe segue la policy NIST SP 800-88 (overwrite multiplo, reset hardware, verifica di zeroization).
Ogni evento di autodistruzione genera un log firmato digitalmente, marcato con timestamp RTC Kyoto 2.0, che viene propagato per audit e attivazione di policy di quarantena del nodo compromesso.
6. La procedura di wipe segue la policy NIST SP 800-88 (overwrite multiplo, reset hardware, verifica di zeroization), garantendo la cancellazione sicura dei dati.

La propagazione e la tracciabilità dell’evento di sicurezza sono garantite dalla trasmissione del log firmato e timestampato via MRRE ai livelli Fog e Cloud, abilitando audit forense e strategie di quarantena automatica secondo le policy Kyoto 2.0 e Bit-Energy.",difficile,"Alla rilevazione di un evento tamper da parte dei sensori fisici integrati (micro-interruttori, sensori di pressione, loop conduttivi, sensori ottici), la sequenza di autodistruzione dei dati sensibili all’interno del modulo HSM di AETERNA si articola nelle seguenti fasi e meccanismi:

### 1. Rilevamento e Segnalazione Tamper
- **I sensori Tamper** rilevano un tentativo di apertura forzata, manipolazione elettronica o accesso non autorizzato.
- Il segnale di evento tamper viene immediatamente inviato all’HSM.

### 2. Attivazione della Sequenza di Autodistruzione
- **Trigger wipe SRAM:** L’HSM attiva la cancellazione immediata e irreversibile della memoria volatile (SRAM) dove sono custodite le chiavi private e i segreti operativi.
- **Disabilitazione bus dati:** L’HSM disabilita il bus dati interno (SPI/I²C in modalità sicura), isolando la Secure Enclave e impedendo qualsiasi ulteriore accesso ai dati sensibili.
- **Reset hardware e lockdown:** L’HSM esegue un reset hardware e blocca tutte le funzionalità critiche, portando il modulo in uno stato di lockdown permanente o temporaneo, a seconda della policy.

### 3. Propagazione dell’Evento di Sicurezza
- **Notifica al SoC principale:** L’HSM invia un evento di sicurezza all’Aeterna-Core X1, notificando il verificarsi dell’incidente.
- **Log Last Gasp:** Se le condizioni lo permettono (ad esempio, se l’alimentazione è ancora presente per pochi istanti), l’HSM invia un log Last Gasp al modulo MRRE (sistema di raccolta e gestione eventi di sicurezza).

### 4. Logging e Audit
- **Generazione log firmato:** Ogni trigger di autodistruzione genera un log firmato digitalmente, utilizzando una chiave di sessione temporanea generata al momento.
- **Timestamp RTC Kyoto 2.0:** Il log è marcato con un timestamp preciso, garantendo la tracciabilità temporale dell’evento.
- **Propagazione nella rete:** Il log viene trasmesso attraverso la rete AETERNA, permettendo la raccolta centralizzata e l’audit degli eventi di sicurezza.

### 5. Resilienza e Tracciabilità
- **Prevenzione della fuoriuscita di informazioni:** La cancellazione immediata della SRAM e la disabilitazione dei bus impediscono la lettura o l’estrazione dei dati sensibili anche in caso di compromissione fisica.
- **Tracciabilità:** La generazione di log firmati e timestampati assicura che ogni evento sia tracciabile e verificabile a posteriori, supportando audit e analisi forensi.

**In sintesi:**  
La sequenza di autodistruzione dell’HSM AETERNA si basa su una catena di azioni automatiche e atomiche che garantiscono la cancellazione sicura dei dati sensibili, la notifica tempestiva agli altri componenti della rete e la generazione di log di sicurezza tracciabili e non falsificabili, assicurando così sia la resilienza del sistema sia la trasparenza degli eventi di sicurezza.","[0.30317944288253784, 0.38341736793518066, 0.3853110074996948]","[""synthetic_data_AETERNA\\Volume_03_specifiche_hardware_dell'h-node.md:0:77"", ""synthetic_data_AETERNA\\Volume_03_specifiche_hardware_dell'h-node.md:0:83"", ""synthetic_data_AETERNA\\Volume_03_specifiche_hardware_dell'h-node.md:0:78""]","['tentativi di apertura forzata, manipolazione elettronica o accesso non autorizzato—il modulo attiva una sequenza di autodistruzione dei dati sensibili, prevenendo la fuoriuscita di informazioni critiche e preservando la resilienza dell’intera rete AETERNA.', 'Sequenza di Autodistruzione\n\nsequenceDiagram\n    participant S as ""Sensori Tamper""\n    participant H as ""HSM""\n    participant C as ""Aeterna-Core X1""\n    participant N as ""MRRE""\n    S->>H: ""Rileva evento tamper""\n    H->>H: ""Trigger wipe SRAM""\n    H->>H: ""Disabilita bus dati""\n    H->>C: ""Invia evento di sicurezza""\n    H->>N: ""Invia log Last Gasp (se possibile)""\n    H->>H: ""Reset hardware e lockdown""\n\nPolicy di Logging e Audit\n\nEvento di Sicurezza: Ogni trigger di autodistruzione genera un log firmato digitalmente (con chiave di sessione temporanea), marcato con timestamp RTC Kyoto 2.0.', 'Specifiche Tecniche e Protocolli\n\nArchitettura Hardware\n\nL’HSM di AETERNA è implementato come sottosistema embedded, fisicamente separato dal SoC principale (Aeterna-Core X1) e dotato delle seguenti componenti:\n\nSecure Enclave: Area di memoria volatile (SRAM) dedicata alla custodia temporanea delle chiavi private e dei segreti operativi. L’accesso è consentito esclusivamente tramite bus interno autenticato (SPI/I²C in modalità sicura).\n\nTamper Sensors: Rete di sensori fisici (micro-interruttori, sensori di pressione, loop conduttivi, sensori ottici) integrati nel package del modulo e nel case dell’H-Node, in grado di rilevare:\n\nApertura involontaria o forzata del case.']"
Qual è il costo medio di implementazione per singolo Smart-Plug certificato AETERNA compatibile con il protocollo Auto-Aeterna Connect?,L'informazione non è disponibile nel testo.,impossibile,Il contesto fornito non include informazioni specifiche o stime relative al costo medio di implementazione per singolo Smart-Plug certificato AETERNA compatibile con il protocollo Auto-Aeterna Connect. Per ottenere questo dato è necessario consultare la documentazione commerciale di AETERNA o rivolgersi direttamente al fornitore.,"[0.30784881114959717, 0.35473644733428955, 0.37160253524780273]","[""synthetic_data_AETERNA\\Volume_03_specifiche_hardware_dell'h-node.md:0:98"", ""synthetic_data_AETERNA\\Volume_03_specifiche_hardware_dell'h-node.md:0:91"", ""synthetic_data_AETERNA\\Volume_03_specifiche_hardware_dell'h-node.md:0:94""]","['Audit e Logging: Tutte le operazioni di pairing, controllo e disconnessione sono registrate con log firmati e timestampati, secondo le specifiche Kyoto 2.0.\n\n2.4 Compatibilità e Interoperabilità\n\nCompatibilità Retroattiva: Smart-Plug legacy possono essere integrati tramite moduli bridge certificati AETERNA, che implementano Auto-Aeterna Connect su hardware esterno.\n\nAggiornabilità: Il protocollo supporta aggiornamenti OTA (Over-The-Air) sicuri, con verifica firma firmware e rollback automatico in caso di fallimento.\n\n3. Diagramma e Tabelle\n\n3.1 Diagramma di Sequenza – Pairing Auto-Aeterna Connect', 'Capitolo 8: Integrazione con Carichi Domestici (Smart-Plug)\n\nProtocollo Auto-Aeterna Connect\n\n1. Introduzione Teorica', '2. Specifiche Tecniche e Protocolli\n\n2.1 Architettura di Integrazione\n\nLa connessione tra H-Node e Smart-Plug avviene tramite un canale wireless locale (MRRE – LoRaWAN prioritario, fallback Zigbee) autenticato a livello fisico e logico. Il protocollo Auto-Aeterna Connect si articola in tre fasi principali:\n\nDiscovery Sicuro\n\nIl dispositivo Smart-Plug, all’accensione o reset, trasmette periodicamente un beacon crittografato contenente un identificatore univoco (UUID v4) e un nonce generato da TRNG onboard.\n\nSolo H-Node con policy Kyoto 2.0 attiva possono decifrare e rispondere ai beacon, riducendo il rischio di enumerazione e attacchi di profiling.\n\nPairing Crittografico']"
Qual è la funzione della Partition B nella memoria flash dell’H-Node durante la procedura di aggiornamento firmware OTA?,"Partition B nella memoria flash dell’H-Node viene utilizzata come area di staging per l’upload e la verifica della nuova release firmware durante la procedura di aggiornamento OTA; il firmware validato viene scritto interamente su Partition B, dove vengono effettuate le verifiche di firma digitale e checksum, e solo dopo il superamento di questi controlli Partition B può diventare la nuova partizione attiva al riavvio.",facile,"La Partition B nella memoria flash dell’H-Node svolge la funzione di area di staging durante la procedura di aggiornamento firmware OTA. In particolare, essa viene utilizzata per:

- Ricevere e memorizzare la nuova release del firmware che arriva cifrata e firmata digitalmente.
- Consentire la verifica della firma digitale (tramite HSM) e del checksum (tramite bootloader) prima che il firmware venga attivato.
- Garantire che la versione attualmente in esecuzione (presente in Partition A) rimanga intatta e funzionante fino a quando la nuova versione non sia stata completamente validata.

Solo dopo che tutte le verifiche di sicurezza e integrità sono superate, il bootloader aggiorna il boot flag per rendere attiva la Partition B al successivo riavvio, assicurando così un aggiornamento sicuro e la possibilità di rollback in caso di errore.","[0.2752380967140198, 0.42575496435165405, 0.4542452096939087]","[""synthetic_data_AETERNA\\Volume_03_specifiche_hardware_dell'h-node.md:0:106"", ""synthetic_data_AETERNA\\Volume_03_specifiche_hardware_dell'h-node.md:0:104"", ""synthetic_data_AETERNA\\Volume_03_specifiche_hardware_dell'h-node.md:0:111""]","['Specifiche Tecniche e Protocolli\n\n1. Architettura Dual-Boot\n\nL’H-Node implementa una memoria flash segmentata in due partizioni principali:\n\nPartition A (Active): contiene la versione attualmente in esecuzione del firmware.\n\nPartition B (Staging): destinata all’upload e alla verifica della nuova release firmware.\n\nUn bootloader avanzato, residente in una sezione protetta e non sovrascrivibile della flash, gestisce la logica di selezione della partizione attiva, il controllo delle firme digitali, la verifica del checksum e l’eventuale rollback.\n\nSequenza di Aggiornamento OTA\n\nRicezione e Decodifica: Il firmware viene ricevuto tramite canale MRRE-LoRaWAN o fallback Zigbee, cifrato e firmato digitalmente secondo le policy Kyoto 2.0.', 'Capitolo 9: Firmware e Aggiornamenti OTA\n\nIntroduzione Teorica\n\nLa gestione del firmware rappresenta un asse portante nell’architettura di AETERNA, in particolare per quanto concerne l’affidabilità e la sicurezza operativa degli H-Node, i nodi edge domestici deputati al controllo, monitoraggio e bilanciamento predittivo dei carichi energetici. In un contesto di micro-reti decentralizzate, la continuità di servizio e la resilienza agli errori di aggiornamento diventano requisiti imprescindibili: un fault di firmware su un singolo nodo potrebbe compromettere non solo la funzionalità locale, ma anche la stabilità della micro-rete e la coerenza delle policy Kyoto 2.0 a livello di quartiere (Fog) e macro (Cloud).', 'sequenceDiagram\n    participant Cloud as ""Cloud""\n    participant Fog as ""Fog""\n    participant HNode as ""H-Node""\n    participant Bootloader as ""Bootloader""\n    participant HSM as ""HSM""\n    participant RTC as ""RTC""\n    Cloud->>Fog: ""Invio nuovo firmware""\n    Fog->>HNode: ""Propagazione firmware cifrato""\n    HNode->>HSM: ""Verifica firma digitale""\n    HSM-->>HNode: ""Firma valida""\n    HNode->>Bootloader: ""Scrittura su Partition B""\n    Bootloader->>HNode: ""Checksum SHA-256""\n    alt Checksum OK\n        Bootloader->>RTC: ""Timestamp update""\n        Bootloader->>Bootloader: ""Switch boot flag""']"
In che modo la tracciabilità dei materiali critici e la cancellazione sicura dei dati vengono integrate nel processo di fine vita dell’H-Node secondo le procedure del progetto AETERNA?,"La tracciabilità dei materiali critici nel processo di fine vita dell’H-Node è garantita dall’assegnazione di un identificativo univoco (UUID hardware) e dalla distinta base elettronica (BOM) digitalizzata, archiviata localmente e nel Cloud AETERNA. Ogni fase del disassemblaggio, separazione e recupero dei materiali è tracciata tramite barcode/NFC associati al UUID hardware e tutte le operazioni sono registrate in un registro immutabile (Bit-Energy Ledger), notarizzate sulla blockchain interna AETERNA per assicurare trasparenza e auditabilità end-to-end. La cancellazione sicura dei dati avviene secondo ISO/IEC 27001 e ISO 50625-2-3, tramite sovrascrittura multipla delle memorie flash, distruzione logica delle chiavi HSM e rimozione dei log locali e delle chiavi di sessione; la conferma di avvenuta cancellazione viene loggata, firmata e inclusa nei report di audit. Tutte queste procedure sono integrate e regolamentate dalle policy Kyoto 2.0 e dagli standard ISO di riferimento.",media,"Nel processo di fine vita (EoL) dell’H-Node secondo le procedure del progetto AETERNA, la **tracciabilità dei materiali critici** e la **cancellazione sicura dei dati** sono integrate in modo strutturato e conforme agli standard internazionali, come segue:

---

**1. Tracciabilità dei materiali critici**

- **Notifica EoL firmata e timestampata:** Al termine della vita operativa, l’H-Node genera una notifica di End-of-Life che viene firmata digitalmente tramite l’HSM AETERNA e timestampata con RTC Kyoto 2.0. Questa notifica viene trasmessa al Cloud, dove viene registrata e attiva le procedure di riciclo.
- **Registrazione e attivazione procedure di riciclo:** La notifica EoL consente di tracciare ogni singolo H-Node e i suoi componenti, garantendo la rintracciabilità dei materiali critici (come metalli rari e componenti elettronici) durante tutte le fasi di disassemblaggio, separazione e riciclo.
- **Conformità agli standard ISO:** Tutte le operazioni di gestione, recupero e riciclo dei materiali sono svolte secondo specifiche ISO (ISO 14001, ISO 45001, ISO 50625, ISO 9001), assicurando la documentazione e la tracciabilità dei flussi di materiali fino al loro recupero o smaltimento finale.

---

**2. Cancellazione sicura dei dati**

- **Data sanitization conforme a ISO/IEC 27001 e ISO 50625-2-3:** Prima di qualsiasi operazione di disassemblaggio, l’H-Node esegue una cancellazione sicura di tutte le informazioni sensibili, seguendo procedure certificate:
  - Sovrascrittura multipla delle memorie flash (metodo DoD 5220.22-M)
  - Distruzione logica delle chiavi HSM
  - Rimozione dei log locali e delle chiavi di sessione
- **Conferma firmata della cancellazione:** L’avvenuta cancellazione dei dati viene registrata in un log, firmata digitalmente e archiviata, garantendo la tracciabilità e la non ripristinabilità delle informazioni.
- **Integrazione con la tracciabilità hardware:** Solo dopo la conferma della cancellazione sicura, l’H-Node può essere disassemblato e i materiali avviati alle successive fasi di riciclo, assicurando che nessun dato sensibile sia associato ai componenti riciclati o smaltiti.

---

**In sintesi:**  
Nel progetto AETERNA, la tracciabilità dei materiali critici e la cancellazione sicura dei dati sono processi integrati e sequenziali, supportati da firme digitali, timestamp e logging sicuro, in conformità agli standard ISO. Questo garantisce sia la sicurezza delle informazioni sia la responsabilità ambientale e sociale nella gestione dell’hardware a fine vita.","[0.26770830154418945, 0.2899278402328491, 0.2970592975616455]","[""synthetic_data_AETERNA\\Volume_03_specifiche_hardware_dell'h-node.md:0:118"", ""synthetic_data_AETERNA\\Volume_03_specifiche_hardware_dell'h-node.md:0:122"", ""synthetic_data_AETERNA\\Volume_03_specifiche_hardware_dell'h-node.md:0:133""]","['Il ciclo di vita dell’H-Node, elemento fondamentale dell’architettura Edge del progetto AETERNA, non si esaurisce con la cessazione delle sue funzionalità operative. Al contrario, la fase di fine vita (EoL, End-of-Life) rappresenta un momento cruciale per la sostenibilità ambientale e la responsabilità sociale del framework, in coerenza con i principi di economia circolare e con gli standard interni AETERNA. La gestione responsabile dell’hardware, in particolare il recupero dei metalli rari e il riciclo dei componenti elettronici, è regolata da procedure rigorose basate sulle specifiche ISO per il riciclo elettronico (in particolare ISO 14001, ISO 45001, ISO/IEC 27001, ISO 50625 e ISO 9001). Questo approccio garantisce la minimizzazione', 'La notifica EoL viene firmata digitalmente dall’HSM AETERNA, timestampata via RTC Kyoto 2.0 e trasmessa al Cloud per la registrazione e l’attivazione delle procedure di riciclo.\n\nb. Cancellazione Sicura dei Dati\n\nIn conformità a ISO/IEC 27001 e ISO 50625-2-3 (“Data destruction”), l’H-Node esegue una cancellazione sicura (data sanitization) di tutte le informazioni sensibili: - Sovrascrittura multipla delle memorie flash (metodo DoD 5220.22-M) - Distruzione logica delle chiavi HSM - Rimozione dei log locali e delle chiavi di sessione\n\nLa conferma di avvenuta cancellazione viene loggata e firmata.\n\nc. Disassemblaggio e Separazione', 'In sintesi, il ciclo di vita e riciclo dell’H-Node, così come progettato in AETERNA, rappresenta una best practice di ingegneria sistemica, capace di coniugare sicurezza, sostenibilità e innovazione nella gestione delle micro-reti energetiche urbane.']"
"Quali sono le principali misure implementate dal modello di minaccia AETERNA per garantire la resilienza delle micro-reti energetiche urbane contro attacchi come injection e spoofing dei sensori, DDoS ai nodi Fog e compromissione dei processi critici, e come queste misure si integrano per assicurare la continuità operativa e la compliance alle policy Kyoto 2.0?","Le principali misure implementate dal modello di minaccia AETERNA includono la micro-segmentazione dei processi critici tramite container o VM dedicate, l’uso di Trusted Execution Environment (TEE) per l’esecuzione sicura del codice sensibile, e il sandboxing sensoriale con validazione incrociata dei dati tramite modelli AI e quorum di sensori ridondanti. Tutte le comunicazioni tra H-Node, Fog e Cloud sono cifrate e autenticate tramite Mutual TLS con certificati X.509 gestiti dall’infrastruttura PKI AETERNA, mentre ogni H-Node presenta un attestato firmato dal proprio HSM e validato dal Fog. Gli eventi critici sono marcati temporalmente tramite RTC certificato e notarizzati su Bit-Energy Ledger secondo le policy Kyoto 2.0.

Per contrastare injection e spoofing dei sensori, vengono applicati filtri statistici, modelli AI di anomaly detection, cross-check con dati storici, whitelist di sensori autenticati tramite UUID hardware e firmware signing validato da HSM. Contro attacchi DDoS ai nodi Fog, sono implementati rate limiting, circuit breaker, load shedding per sospendere servizi non critici e failover distribuito con replica dei servizi Fog sincronizzati tramite Bit-Energy Ledger.

La continuità operativa è assicurata dall’isolamento automatico dei nodi compromessi tramite protocolli di quarantena, dalla revoca delle chiavi e dal trigger di procedure EoL se necessario. Logging immutabile e audit real-time su Bit-Energy Ledger garantiscono non ripudiabilità, auditabilità e risposta tempestiva agli incidenti. L’integrazione di queste misure, fondate su principi Zero-Trust e notarizzazione continua, assicura resilienza, continuità operativa e compliance alle policy Kyoto 2.0.",difficile,"Le principali misure implementate dal modello di minaccia AETERNA per garantire la resilienza delle micro-reti energetiche urbane sono:

1. **Principi Zero-Trust e Segmentazione dei Processi Critici**  
   - Ogni componente e processo della micro-rete viene trattato come potenzialmente non affidabile, limitando i privilegi e segmentando rigorosamente i processi critici. Questo riduce drasticamente la probabilità di compromissione sistemica, confinando eventuali attacchi e impedendo la propagazione laterale.

2. **Validazione Multilivello e Notarizzazione Continua su Bit-Energy Ledger**  
   - Per contrastare attacchi di injection e spoofing dei sensori, AETERNA adotta una validazione multilivello dei dati provenienti dai sensori stessi. Ogni evento viene inoltre notarizzato in tempo reale su un registro distribuito (Bit-Energy Ledger), garantendo integrità, tracciabilità e non ripudiabilità delle informazioni.

3. **Protezione DDoS ai Nodi Fog**  
   - Sono implementate misure specifiche per la protezione dei nodi Fog contro attacchi DDoS, assicurando che la continuità operativa sia mantenuta anche in presenza di attacchi distribuiti. Questo permette alla micro-rete di continuare a funzionare senza interruzioni critiche.

4. **Logging Immutabile e Auditing Real-Time**  
   - Tutte le attività e gli eventi vengono registrati tramite logging immutabile e sono soggetti ad auditing in tempo reale. Questo consente una risposta tempestiva e documentata agli incidenti, facilitando la rilevazione precoce delle minacce e la gestione efficace degli incidenti.

5. **Formazione Continua e Simulazioni Periodiche**  
   - Il personale è costantemente formato e sottoposto a simulazioni di attacco, assicurando una preparazione adeguata a rispondere a nuove tipologie di minacce e promuovendo una cultura di resilienza e miglioramento continuo.

**Integrazione delle Misure per Continuità Operativa e Compliance Kyoto 2.0:**  
Queste misure sono integrate in un framework coerente che assicura la continuità operativa delle micro-reti anche in scenari di attacco avanzato. La notarizzazione e il logging immutabile rafforzano la fiducia degli stakeholder e garantiscono la compliance alle policy Kyoto 2.0, assicurando trasparenza, auditabilità e rispetto degli standard di sicurezza e sostenibilità richiesti dalle normative e dalle best practice internazionali.","[0.17608553171157837, 0.21014630794525146, 0.25250041484832764]","['synthetic_data_AETERNA\\Volume_04_sicurezza_informatica_e_cyber-resilienza.md:0:12', 'synthetic_data_AETERNA\\Volume_04_sicurezza_informatica_e_cyber-resilienza.md:0:13', 'synthetic_data_AETERNA\\Volume_12_interfacciamento_con_la_mobilità_elettrica.md:0:153']","['L’adozione del modello di minaccia AETERNA, fondato su principi Zero-Trust e su una segmentazione rigorosa dei processi critici, riduce drasticamente la probabilità di compromissione sistemica delle micro-reti. La resilienza ai vettori d’attacco più rilevanti, quali injection e spoofing dei sensori, è garantita da una validazione multilivello e da una notarizzazione continua degli eventi su Bit-Energy Ledger. La protezione contro attacchi DDoS ai nodi Fog assicura la continuità operativa anche in scenari di attacco distribuito. L’integrazione di logging immutabile e auditing real-time consente una risposta tempestiva e documentata agli incidenti, rafforzando la fiducia degli stakeholder e la compliance alle policy Kyoto 2.0. In sintesi, il modello di minaccia', 'la fiducia degli stakeholder e la compliance alle policy Kyoto 2.0. In sintesi, il modello di minaccia AETERNA rappresenta una best practice per la sicurezza delle micro-reti energetiche urbane, abilitando un paradigma di autarchia energetica resiliente e verificabile.', 'Capacità di Adattamento: La formazione continua e le simulazioni periodiche assicurano che il personale sia preparato a rispondere efficacemente a nuove tipologie di minacce, promuovendo una cultura operativa orientata alla resilienza e al miglioramento continuo.\n\nConformità e Futuro-Proofing: L’aderenza a standard interni come Kyoto 2.0 e Bit-Energy, nonché a best practice internazionali in materia di sicurezza e accessibilità, posiziona AETERNA come riferimento per le future generazioni di micro-reti energetiche urbane.']"
Qual è il costo medio di implementazione della soluzione HSM/TEE per la custodia delle chiavi private negli H-Node dell’architettura AETERNA?,L'informazione non è disponibile nel testo,impossibile,"In base al contesto fornito, non sono presenti dati specifici o stime numeriche riguardanti il costo medio di implementazione della soluzione HSM/TEE per la custodia delle chiavi private negli H-Node dell’architettura AETERNA. Il testo si concentra sugli aspetti architetturali, sulle funzionalità di sicurezza e sulle specifiche tecniche, ma non fornisce informazioni relative ai costi economici o alle stime di spesa per l’adozione di tali moduli. 

Per ottenere una valutazione precisa del costo medio, sarebbe necessario consultare documentazione aggiuntiva, listini dei fornitori hardware o analisi di mercato specifiche per soluzioni HSM/TEE integrate in dispositivi IoT critici come gli H-Node di AETERNA.","[0.32464295625686646, 0.3563448190689087, 0.3776816129684448]","[""synthetic_data_AETERNA\\Volume_03_specifiche_hardware_dell'h-node.md:0:76"", ""synthetic_data_AETERNA\\Volume_03_specifiche_hardware_dell'h-node.md:0:89"", ""synthetic_data_AETERNA\\Volume_03_specifiche_hardware_dell'h-node.md:0:78""]","['Il modulo HSM (Hardware Security Module) rappresenta il fulcro della sicurezza fisica e logica degli H-Node all’interno dell’architettura AETERNA. In un contesto di micro-reti energetiche decentralizzate, in cui il valore delle transazioni P2P e la gestione degli smart contract sono strettamente legati all’integrità delle chiavi crittografiche, la protezione di tali chiavi private assume un ruolo strategico. Il modulo HSM, integrato a livello hardware, è progettato per resistere a tentativi di compromissione fisica, garantendo la custodia sicura delle chiavi e l’esecuzione di operazioni crittografiche in ambiente isolato. In caso di attacco fisico—come tentativi di apertura forzata, manipolazione elettronica o accesso non autorizzato—il', 'L’adozione del modulo HSM come standard per la custodia delle chiavi private negli H-Node di AETERNA eleva il livello di sicurezza fisica e logica dei dispositivi IoT critici, riducendo drasticamente la superficie di attacco legata alla compromissione delle chiavi. La presenza di trigger di autodistruzione hardware garantisce che, anche in caso di accesso fisico non autorizzato o tentativi di reverse engineering, nessuna informazione sensibile possa essere estratta dal dispositivo. Questo approccio, conforme alle policy Kyoto 2.0 e agli standard interni Bit-Energy, contribuisce a mantenere la fiducia nella rete, impedendo attacchi di spoofing, replay o furto di identità digitale degli H-Node. Inoltre, la propagazione tempestiva degli eventi di sicurezza verso i livelli Fog e Cloud', 'Specifiche Tecniche e Protocolli\n\nArchitettura Hardware\n\nL’HSM di AETERNA è implementato come sottosistema embedded, fisicamente separato dal SoC principale (Aeterna-Core X1) e dotato delle seguenti componenti:\n\nSecure Enclave: Area di memoria volatile (SRAM) dedicata alla custodia temporanea delle chiavi private e dei segreti operativi. L’accesso è consentito esclusivamente tramite bus interno autenticato (SPI/I²C in modalità sicura).\n\nTamper Sensors: Rete di sensori fisici (micro-interruttori, sensori di pressione, loop conduttivi, sensori ottici) integrati nel package del modulo e nel case dell’H-Node, in grado di rilevare:\n\nApertura involontaria o forzata del case.']"
Quale credenziale biometrica è richiesta per l’accesso amministrativo agli H-Node?,"L’accesso amministrativo agli H-Node richiede la registrazione di almeno una credenziale biometrica (impronta digitale, riconoscimento facciale o vocale), memorizzata localmente in enclave TEE/HSM e mai esportata.",facile,"Per l’accesso amministrativo agli H-Node è richiesta la registrazione di almeno una credenziale biometrica (impronta digitale, riconoscimento facciale o vocale), che deve essere memorizzata localmente in enclave TEE/HSM e non può essere esportata.","[0.37978100776672363, 0.45699596405029297, 0.48678308725357056]","['synthetic_data_AETERNA\\Volume_04_sicurezza_informatica_e_cyber-resilienza.md:0:32', 'synthetic_data_AETERNA\\Volume_04_sicurezza_informatica_e_cyber-resilienza.md:0:41', 'synthetic_data_AETERNA\\Volume_16_sostenibilità_ambientale_e_impatto_sociale.md:0:31']","[""Specifiche Tecniche e Protocolli\n\n1. Identità Digitale degli Attori\n\na. H-Node e Dispositivi IoT\n\nProvisioning iniziale: Ogni H-Node e dispositivo IoT riceve un'identità digitale unica, composta da:\n\nUUID hardware generato in fase di produzione.\n\nCoppia di chiavi post-quantum (Kyber/Dilithium) certificate dalla PKI AETERNA.\n\nToken hardware FIDO2 associato (opzionale per dispositivi a basso consumo, obbligatorio per H-Node).\n\nAssociazione biometrica: L'accesso amministrativo agli H-Node richiede la registrazione di almeno una credenziale biometrica (impronta digitale, riconoscimento facciale o vocale), memorizzata localmente in enclave TEE/HSM e mai esportata."", 'Tabella: Fattori di Autenticazione Supportati\n\nFattore Supportato su Modalità Verifica Custodia Credenziale Biometrico H-Node, Console Locale (TEE/HSM) Non esportabile FIDO2 Token Hardware H-Node, Console Challenge-response Hardware PIN H-Node, Console Locale Locale Certificato X.509 PQ Tutti i dispositivi Firma digitale HSM/TEE\n\nImpatto', 'Ridondanza di alimentazione: Ogni H-Node integra almeno due fonti energetiche (es. fotovoltaico + rete pubblica o batteria), con commutazione automatica in caso di guasto secondo logica failover.\n\nAccesso facilitato: Supporto per autenticazione multi-fattore, inclusi metodi biometrici e token fisici per utenti con disabilità.\n\nb) Fog Layer – Microgrid di Quartiere\n\nI nodi fog (Fog-Node) aggregano dati da cluster di H-Node e gestiscono la microgrid locale tramite policy di demand response e allocazione dinamica delle risorse. L’infrastruttura fog è progettata per operare in modalità islanding, garantendo la continuità del servizio anche in caso di isolamento dalla rete macro.']"
In che modo la concatenazione delle firme temporali e la notarizzazione periodica su Bit-Energy Ledger contribuiscono sia alla sicurezza contro attacchi di replay e jamming sia all’auditabilità delle operazioni IAM nelle micro-reti energetiche decentralizzate?,"La concatenazione delle firme temporali crea una catena crittografica in cui ogni Pulse contiene l’hash del Pulse precedente e viene firmato digitalmente, rendendo ogni evento di sincronizzazione verificabile e non ripudiabile. Questo meccanismo permette di rilevare immediatamente tentativi di replay, poiché un Pulse riutilizzato avrebbe un nonce e una sequenza hash non coerenti con lo stato attuale della catena, e protegge contro il jamming grazie alla propagazione multi-canale e alla possibilità di recupero tramite peer. La notarizzazione periodica degli hash di sintesi delle catene locali su Bit-Energy Ledger garantisce la tracciabilità e l’immutabilità delle sequenze temporali, fornendo una fonte di verità immutabile per l’auditabilità delle operazioni IAM e la validazione di eventi critici nelle micro-reti energetiche decentralizzate.",media,"La concatenazione delle firme temporali e la notarizzazione periodica su Bit-Energy Ledger contribuiscono in modo determinante sia alla sicurezza sia all’auditabilità nelle micro-reti energetiche decentralizzate nei seguenti modi:

**1. Sicurezza contro attacchi di replay e jamming**

- **Concatenazione delle firme temporali:** Ogni evento di sincronizzazione viene firmato digitalmente e concatenato in una catena temporale. Questo significa che ogni firma dipende dalla precedente, rendendo impossibile alterare o riutilizzare (replay) un evento senza invalidare l’intera catena successiva. In caso di attacco di replay, un evento duplicato verrebbe immediatamente rilevato perché la sequenza temporale e la firma non corrisponderebbero.
- **Notarizzazione periodica su Bit-Energy Ledger:** Gli eventi vengono periodicamente registrati (notarizzati) su una blockchain dedicata (Bit-Energy Ledger), con hash SHA-3 e timestamp Kyoto 2.0. Questo garantisce che ogni evento sia immutabilmente ancorato a una fonte distribuita e pubblica, impedendo la manipolazione retroattiva e fornendo una prova crittografica dell’ordine e dell’autenticità degli eventi.
- **Protezione da jamming:** La propagazione multi-canale e la riconciliazione peer-to-peer assicurano che, anche in caso di tentativi di blocco delle comunicazioni (jamming), gli eventi possano essere recuperati e verificati tramite altri nodi o canali, mantenendo la continuità operativa.

**2. Auditabilità delle operazioni IAM**

- **Tracciabilità e non ripudio:** Ogni operazione IAM critica (registrazione, autenticazione, revoca, rotazione) è immediatamente notarizzata su Bit-Energy Ledger. Questo crea un audit trail immutabile e consultabile in modalità read-only dagli operatori autorizzati, garantendo trasparenza e accountability.
- **Logging immutabile:** Tutti gli eventi, inclusi fallimenti di verifica firma e anomalie di integrità, sono registrati in tempo reale sulla blockchain. Questo assicura che nessun evento possa essere cancellato o alterato, facilitando audit e compliance.
- **Verificabilità:** La concatenazione delle firme temporali permette di ricostruire la sequenza esatta degli eventi, mentre la notarizzazione su blockchain fornisce una prova pubblica e verificabile dell’avvenuto, fondamentale per audit e indagini forensi.

**In sintesi:**  
La combinazione di firme temporali concatenate e notarizzazione periodica su Bit-Energy Ledger garantisce che ogni evento sia unico, tracciabile, non ripudiabile e protetto da manipolazioni o riutilizzi illeciti, elevando sia la sicurezza operativa sia l’auditabilità delle operazioni IAM nelle micro-reti energetiche decentralizzate.","[0.26536625623703003, 0.3331160545349121, 0.3531064987182617]","['synthetic_data_AETERNA\\Volume_04_sicurezza_informatica_e_cyber-resilienza.md:0:56', 'synthetic_data_AETERNA\\Volume_04_sicurezza_informatica_e_cyber-resilienza.md:0:37', 'synthetic_data_AETERNA\\Volume_04_sicurezza_informatica_e_cyber-resilienza.md:0:22']","['2. Sicurezza e Resilienza\n\nLa concatenazione delle firme temporali, unita all’hashing distribuito e alla notarizzazione periodica su Bit-Energy Ledger, eleva il livello di sicurezza contro attacchi di replay e jamming, garantendo che ogni evento di sincronizzazione sia verificabile, tracciabile e non ripudiabile. La resilienza del protocollo, grazie alla propagazione multi-canale e alla riconciliazione peer-to-peer, assicura la continuità operativa anche in condizioni di isolamento o attacco.\n\n3. Auditabilità e Compliance', '3. Logging, Audit e Notarizzazione\n\nEventi IAM critici (registrazione, autenticazione, revoca, rotazione) sono immediatamente notarizzati su Bit-Energy Ledger, con hash SHA-3 e timestamp Kyoto 2.0.\n\nAudit trail: Tutte le operazioni IAM sono tracciate e consultabili in modalità read-only dagli operatori autorizzati, garantendo trasparenza e compliance.\n\nDiagramma e Tabelle\n\nDiagramma Mermaid: Flusso di Autenticazione di un nuovo H-Node\n\nsequenceDiagram\n    participant HNode as ""H-Node""\n    participant Fog as ""Fog Node""\n    participant AuthServer as ""Authorization Server""\n    participant Ledger as ""Bit-Energy Ledger""', '5. Prevenzione Manipolazione e Replay\n\nNonce univoci per ogni transazione: Generati hardware-side, notarizzati su blockchain.\n\nChallenge-Response per ogni sessione: Il Fog invia challenge randomica, l’H-Node risponde firmando la challenge.\n\nReplay detection: Ogni pacchetto è associato a un identificatore e timestamp; pacchetti duplicati o fuori finestra temporale sono scartati e loggati.\n\n6. Auditabilità e Logging Immutabile\n\nTutti gli eventi di rotazione chiavi, autenticazioni, fallimenti di verifica firma e anomalie di integrità sono notarizzati in tempo reale su Bit-Energy Ledger, garantendo auditabilità e tracciabilità end-to-end.\n\nDiagramma e Tabelle\n\nDiagramma: Flusso crittografico end-to-end']"
"Quali sono le fasi principali e le relative tempistiche del processo di Clean-Slate Recovery in caso di compromissione di un nodo Edge nella rete AETERNA, e come viene garantita la continuità e l’auditabilità della fornitura energetica durante l’intero workflow di incident response e recovery orchestrato?","Le fasi principali del processo di Clean-Slate Recovery in caso di compromissione di un nodo Edge nella rete AETERNA sono:

1. Isolamento logico del nodo compromesso dalla mesh di propagazione Pulse tramite update delle ACL nei peer Fog e Edge limitrofi (tempo stimato: 5 secondi).
2. Revoca delle credenziali tramite integrazione con il sistema IAM per revocare certificati PKI e invalidare le chiavi post-quantum associate al nodo (incluso nella fase di isolamento).
3. Individuazione dell’ultimo Pulse notarizzato su Bit-Energy Ledger da parte del cluster Fog.
4. Wipe sicuro di memoria volatile e storage locale del nodo Edge, ricarica del firmware autenticato e ripristino della configurazione da snapshot (tempo stimato: 20 secondi).
5. Rejoin del nodo tramite handshake multilivello, verifica della catena Pulse, aggiornamento delle chiavi PKI e ripresa della propagazione Pulse (tempo stimato: 25 secondi).
6. Audit post-recovery da parte del SOC Fog/Cloud per verificare la coerenza della catena Pulse e la corretta reintegrazione del nodo (tempo stimato: 10 secondi).

Le tempistiche complessive sono:
- Recovery Time Objective (RTO): ≤ 60 secondi
- Recovery Point Objective (RPO): massimo 1 Pulse notarizzato

La continuità e l’auditabilità della fornitura energetica sono garantite tramite:
- Assunzione temporanea della quota energetica del nodo isolato da parte dei peer Edge limitrofi secondo policy di load balancing predittivo AI-driven.
- Mantenimento della continuità della catena Pulse tramite funzione di riconciliazione peer-to-peer.
- Notarizzazione di ogni fase del processo su Bit-Energy Ledger, assicurando trasparenza, auditabilità e compliance agli standard interni AETERNA (Kyoto 2.0, Bit-Energy).",difficile,"Nel contesto della rete AETERNA, il processo di **Clean-Slate Recovery** per un nodo Edge compromesso si articola in fasi ben definite, ciascuna supportata da tempistiche ottimizzate e da meccanismi che assicurano sia la continuità operativa sia l’auditabilità delle transazioni energetiche. Di seguito sono descritte le fasi principali e le relative garanzie:

---

### 1. **Rilevamento e Segnalazione dell’Incidente**
- **Tempistica:** In tempo reale o near real-time, grazie all’integrazione con il SOC multilivello e sistemi di monitoraggio automatizzati.
- **Descrizione:** Il nodo Edge viene costantemente monitorato per anomalie comportamentali, segnali di compromissione o malfunzionamenti. Al rilevamento di un evento critico, viene generato un alert e attivato il workflow di incident response.

### 2. **Isolamento e Contenimento**
- **Tempistica:** Secondi/minuti dall’identificazione dell’incidente.
- **Descrizione:** Il nodo compromesso viene automaticamente isolato dalla rete per prevenire la propagazione della minaccia. Le funzioni critiche vengono riallocate su nodi adiacenti o su livelli superiori (Fog/Cloud) tramite orchestrazione automatica.

### 3. **Attivazione del Clean-Slate Recovery**
- **Tempistica:** Minuti (tipicamente < 10 minuti per nodi Edge standard).
- **Descrizione:** Si avvia la procedura di ripristino “Clean-Slate”, che prevede la re-inizializzazione completa del nodo tramite deployment di immagini sicure e configurazioni certificate, provenienti da repository centralizzati e verificati.

### 4. **Ripristino delle Funzionalità e Sincronizzazione Dati**
- **Tempistica:** Minuti (in parallelo con la fase precedente).
- **Descrizione:** Il nodo viene reintegrato nella rete, sincronizzando i dati operativi e le transazioni energetiche tramite meccanismi di replay e verifica basati su blockchain, garantendo RPO prossimo allo zero.

### 5. **Verifica Post-Ripristino e Reintegrazione**
- **Tempistica:** Pochi minuti.
- **Descrizione:** Vengono eseguiti controlli di integrità, audit trail e test di funzionalità per assicurare che il nodo sia pienamente operativo e conforme agli standard di sicurezza e affidabilità.

---

## **Garanzia di Continuità e Auditabilità**

- **Continuità Operativa:** Durante l’intero processo, la piattaforma AETERNA sfrutta la ridondanza e la riallocazione dinamica delle funzioni critiche su altri nodi Edge o su livelli Fog/Cloud, minimizzando l’impatto sulla fornitura energetica.
- **Auditabilità:** Tutte le operazioni di recovery, le transazioni energetiche e le modifiche di stato vengono tracciate su ledger blockchain, assicurando trasparenza, non ripudiabilità e possibilità di audit ex post.
- **Automazione e Orchestrazione:** L’automazione delle contromisure e dei workflow di recovery riduce drasticamente i tempi di intervento (RTO) e garantisce coerenza nelle procedure.
- **Verifica e Miglioramento Continuo:** Test periodici di business continuity e audit garantiscono che le strategie di recovery siano sempre aggiornate ed efficaci.

---

**In sintesi:**  
Il Clean-Slate Recovery in AETERNA segue un workflow orchestrato e automatizzato che consente il ripristino di un nodo Edge compromesso in pochi minuti, con continuità di servizio garantita dalla riallocazione dinamica e auditabilità assicurata dalla blockchain. L’intero processo è progettato per minimizzare RTO e RPO, mantenendo la fiducia e la robustezza della rete anche in scenari di crisi.","[0.34061992168426514, 0.34188634157180786, 0.3436098098754883]","['synthetic_data_AETERNA\\Volume_04_sicurezza_informatica_e_cyber-resilienza.md:0:58', 'synthetic_data_AETERNA\\Volume_10_gestione_delle_emergenze_e_continuità_operativa.md:0:81', 'synthetic_data_AETERNA\\Volume_09_governance_e_modelli_di_partecipazione.md:0:127']","['La gestione degli incidenti e il ripristino orchestrato rappresentano un asse portante per la resilienza operativa delle micro-reti energetiche decentralizzate AETERNA. In un contesto caratterizzato da una superficie d’attacco distribuita e da esigenze di continuità di servizio, la rapidità di rilevamento, contenimento e ripristino dei nodi compromessi è cruciale per minimizzare l’impatto su forniture energetiche critiche e sulla fiducia degli attori partecipanti. L’architettura di Incident Response di AETERNA si fonda su una stretta integrazione tra Security Operations Center (SOC) multilivello, automazione delle contromisure e meccanismi di recovery “Clean-Slate” a basso impatto. Tali elementi sono progettati per garantire Recovery Time Objective (RTO) e Recovery Point Objective (RPO) estremamente', 'La continuità operativa rappresenta un pilastro imprescindibile per la robustezza e la credibilità del framework AETERNA, soprattutto in un contesto di micro-reti energetiche decentralizzate caratterizzate da elevata interconnessione, eterogeneità tecnologica e dipendenza da infrastrutture distribuite. La capacità della piattaforma di rispondere tempestivamente e in modo coordinato a eventi critici—quali failure infrastrutturali, attacchi informatici, disservizi di provider esterni o anomalie di rete—dipende non solo dalla solidità architetturale, ma anche dall’efficacia dei processi di verifica e miglioramento continuo. In tale ottica, la pianificazione, l’esecuzione e la revisione sistematica di test di business continuity, disaster recovery e audit periodici costituiscono un', 'Introduzione Teorica\n\nLa gestione delle emergenze e la continuità operativa rappresentano pilastri fondamentali per la resilienza delle micro-reti energetiche AETERNA. In un contesto caratterizzato da decentralizzazione, interoperabilità multi-livello (Edge-Fog-Cloud) e transazioni energetiche P2P basate su blockchain, la capacità di rispondere prontamente a eventi critici—quali attacchi informatici, guasti hardware, blackout locali o disastri naturali—costituisce un requisito imprescindibile. L’approccio AETERNA si fonda su una pianificazione preventiva, l’adozione di protocolli strutturati e la continua verifica delle strategie di recovery, al fine di garantire la disponibilità dei servizi, la protezione dei dati e la fiducia degli stakeholder.']"
Qual è il costo medio annuale per la gestione delle vulnerabilità tramite la pipeline Clean-Slate Recovery nel framework AETERNA?,L'informazione non è disponibile nel testo,impossibile,"In base al contesto fornito, non sono presenti dati numerici o riferimenti specifici ai costi annuali per la gestione delle vulnerabilità tramite la pipeline Clean-Slate Recovery nel framework AETERNA. Il testo descrive l’efficacia, la resilienza e l’importanza strategica della pipeline, ma non fornisce informazioni quantitative o stime economiche relative ai costi operativi annuali. Pertanto, non è possibile determinare il costo medio annuale sulla base delle informazioni disponibili.","[0.39932453632354736, 0.40993040800094604, 0.41518890857696533]","['synthetic_data_AETERNA\\Volume_06_algoritmi_di_ottimizzazione_energetica.md:0:114', 'synthetic_data_AETERNA\\Volume_04_sicurezza_informatica_e_cyber-resilienza.md:0:80', 'synthetic_data_AETERNA\\Volume_10_gestione_delle_emergenze_e_continuità_operativa.md:0:1']","['Le esercitazioni red team e la formazione continua creano una cultura della sicurezza proattiva, essenziale per la protezione di infrastrutture critiche. Infine, la governance centralizzata delle patch e la valutazione continua delle vulnerabilità assicurano che il sistema AETERNA sia in grado di adattarsi dinamicamente all’evoluzione delle minacce, mantenendo la fiducia degli utenti e la conformità agli standard interni Kyoto 2.0.\n\nCapitolo 9: Ottimizzazione dei Costi Operativi\n\nIntroduzione Teorica', 'Impatto\n\nL’adozione di una pipeline integrata di Penetration Testing e Vulnerability Management nel framework AETERNA garantisce una postura di sicurezza proattiva e adattiva, in linea con le esigenze di una micro-rete energetica urbana autarchica. La combinazione di Red Teaming automatizzato, scansioni continue e workflow di recovery Clean-Slate consente di minimizzare il tempo di esposizione alle vulnerabilità (RTO ≤ 60s, RPO = 1 Pulse), assicurando resilienza anche in presenza di attacchi sofisticati.', 'Nel contesto delle micro-reti energetiche urbane decentralizzate, la continuità operativa e la resilienza delle infrastrutture digitali rappresentano elementi imprescindibili per il mantenimento degli SLA (Service Level Agreement) e per la salvaguardia dell’integrità dei dati e delle operazioni. Il Progetto AETERNA, caratterizzato da un’architettura multilivello (Edge, Fog, Cloud) e da una forte integrazione tra microservizi, blockchain e intelligenza artificiale, richiede l’adozione di strategie di disaster recovery (DR) che siano specificamente adattate alla natura distribuita e mission-critical dei suoi servizi. In tale ottica, il ripristino rapido delle funzionalità critiche non costituisce soltanto una misura tecnica, ma un requisito sistemico che permea la']"
Quale componente della sandbox è responsabile del monitoraggio e della limitazione delle risorse assegnate a ciascun container?,Resource Manager,facile,"Il componente responsabile del monitoraggio e della limitazione delle risorse (CPU, RAM, I/O, storage) assegnate a ciascun container è il **Resource Manager**.","[0.3855157494544983, 0.41713476181030273, 0.440488338470459]","['synthetic_data_AETERNA\\Volume_04_sicurezza_informatica_e_cyber-resilienza.md:0:86', 'synthetic_data_AETERNA\\Volume_04_sicurezza_informatica_e_cyber-resilienza.md:0:85', 'synthetic_data_AETERNA\\Volume_04_sicurezza_informatica_e_cyber-resilienza.md:0:88']","['Security Policy Enforcer: motore di enforcement delle policy di sicurezza, che applica restrizioni granulari sulle syscall, sulle operazioni di rete e sull’accesso alle API dell’H-Node.\n\nAudit & Logging Agent: componente che traccia ogni operazione eseguita all’interno della sandbox, integrandosi con il Bit-Energy Ledger per la notarizzazione degli eventi critici.\n\n2. Isolamento delle Risorse\n\nL’isolamento delle risorse è garantito su più livelli:\n\nCPU & RAM Quota: Ogni sandbox riceve una quota massima di CPU e memoria, configurabile dinamicamente in base al carico di sistema e alla priorità del contratto. Il superamento delle soglie comporta la sospensione o la terminazione automatica dell’istanza.', 'Specifiche Tecniche e Protocolli\n\n1. Architettura della Sandbox\n\nOgni smart contract viene caricato ed eseguito in un ambiente containerizzato, implementato tramite una combinazione di microVM (Micro Virtual Machine) lightweight e policy di isolamento a livello di sistema operativo. Le principali componenti architetturali sono:\n\nMicroVM Runtime: motore di esecuzione dedicato, basato su microkernel, che fornisce uno spazio di esecuzione isolato per ogni smart contract.\n\nResource Manager: modulo responsabile del monitoraggio e della limitazione delle risorse (CPU, RAM, I/O, storage) assegnate a ciascun container.', 'Time & Pulse Isolation: Ogni sandbox riceve un contesto temporale virtualizzato, sincronizzato con il Pulse corrente, ma senza accesso diretto all’orologio di sistema, prevenendo attacchi basati su manipolazione del tempo.\n\n3. Monitoraggio e Gestione delle Vulnerabilità\n\nRuntime Integrity Check: Ogni sandbox viene monitorata in tempo reale tramite checksum e monitoraggio comportamentale. Qualsiasi deviazione rispetto al profilo atteso (es. spike anomali di CPU, tentativi di accesso non autorizzato) viene notificata al SOC multilivello.\n\nAutomated Quarantine: In caso di rilevamento di comportamento malevolo, la sandbox viene immediatamente isolata dal resto del sistema, notificando l’evento tramite canale sicuro e attivando la pipeline di recovery (Clean-Slate Recovery).']"
In che modo il modulo Quarantine Orchestrator degli IDS distribuiti di AETERNA interagisce con altri componenti per garantire l’isolamento logico di segmenti di rete sospetti e la successiva tracciabilità degli eventi?,"Il modulo Quarantine Orchestrator degli IDS distribuiti di AETERNA interagisce con altri componenti orchestrando l’isolamento logico dei segmenti di rete sospetti tramite il Network Policy Engine, che applica ACL temporanee e de-autentica gli H-Node coinvolti. L’attivazione della quarantena avviene solo dopo che il Peer Communication Layer ha propagato l’alert agli altri nodi Fog e si è raggiunto un consenso distribuito sulla presenza di un’anomalia. Tutte le azioni di quarantena, inclusi detection, isolamento e recovery, vengono registrate dall’Audit Logger e notarizzate sul Bit-Energy Ledger, garantendo la tracciabilità completa degli eventi.",media,"Il modulo Quarantine Orchestrator degli IDS distribuiti di AETERNA svolge un ruolo centrale nell’isolamento logico dei segmenti di rete sospetti e nella tracciabilità degli eventi, interagendo in modo coordinato con diversi componenti del sistema:

1. **Rilevamento e Consenso Distribuito:**  
   Quando più nodi Fog rilevano pattern anomali coerenti e raggiungono un consenso distribuito tramite il Peer Communication Layer (canale sicuro TLS/Mutual Auth), il Quarantine Orchestrator riceve la conferma della minaccia.

2. **Isolamento Logico:**  
   Il Quarantine Orchestrator si interfaccia con il **Network Policy Engine** per applicare policy di isolamento, come l’imposizione di ACL temporanee, il taglio del routing, la revoca delle chiavi IAM e la de-autenticazione degli H-Node coinvolti. Questo garantisce la quarantena istantanea del segmento sospetto.

3. **Tracciabilità e Audit:**  
   Ogni azione di detection, quarantena e recovery viene registrata dall’**Audit Logger**, che si integra con il **Bit-Energy Ledger** per la notarizzazione degli incidenti. Questo assicura la tracciabilità e l’immutabilità degli eventi, in conformità agli standard Kyoto 2.0.

4. **Comunicazione Cooperativa:**  
   Il Quarantine Orchestrator comunica con i nodi Fog adiacenti tramite il protocollo di gossip autenticato, condividendo alert e pattern anomali per garantire una risposta coordinata e resiliente.

**In sintesi:**  
Il Quarantine Orchestrator coordina l’isolamento logico dei segmenti sospetti interfacciandosi con il Network Policy Engine per l’applicazione delle policy di quarantena, mentre tutte le azioni vengono tracciate e notarizzate dall’Audit Logger sul Bit-Energy Ledger. La cooperazione tra nodi Fog, abilitata dal Peer Communication Layer e dal protocollo di gossip autenticato, assicura rapidità, resilienza e tracciabilità nella gestione degli incidenti di sicurezza.","[0.29792213439941406, 0.31302642822265625, 0.3162984848022461]","['synthetic_data_AETERNA\\Volume_04_sicurezza_informatica_e_cyber-resilienza.md:0:98', 'synthetic_data_AETERNA\\Volume_04_sicurezza_informatica_e_cyber-resilienza.md:0:100', 'synthetic_data_AETERNA\\Volume_04_sicurezza_informatica_e_cyber-resilienza.md:0:102']","['tipici di attacchi avanzati (es. lateral movement, privilege escalation, data exfiltration), nonché la risposta automatizzata tramite isolamento logico di segmenti sospetti. L’approccio distribuito e cooperativo degli IDS AETERNA si distingue per la capacità di quarantena istantanea e per la comunicazione laterale tra nodi Fog, garantendo resilienza e rapidità di contenimento rispetto a minacce emergenti.', 'Peer Communication Layer: canale sicuro (TLS/Mutual Auth) per la condivisione di alert e pattern anomali con altri nodi Fog adiacenti.\n\nQuarantine Orchestrator: gestisce l’isolamento logico di segmenti di rete sospetti, interfacciandosi con il Network Policy Engine per l’applicazione di ACL temporanee e la de-autenticazione degli H-Node coinvolti.\n\nAudit Logger: registra ogni evento di detection, quarantena e recovery, integrandosi con il Bit-Energy Ledger per la notarizzazione degli incidenti.\n\n2. Flusso Operativo IDS\n\nIl ciclo di vita di un evento di sicurezza rilevato dall’IDS distribuito si articola nelle seguenti fasi:', 'Decisione Distribuita: Se più nodi confermano pattern anomali coerenti (consenso distribuito), il Quarantine Orchestrator attiva la quarantena logica del segmento di rete interessato.\n\nIsolamento e Mitigazione: Vengono applicate policy di isolamento (es. taglio del routing, revoca delle chiavi IAM, disconnessione degli H-Node sospetti) tramite il Network Policy Engine.\n\nAudit e Notarizzazione: Tutte le azioni vengono tracciate dall’Audit Logger e notarizzate sul Bit-Energy Ledger, in conformità agli standard Kyoto 2.0.\n\n3. Protocolli di Comunicazione IDS–IDS\n\nLa cooperazione tra IDS Fog è realizzata tramite un protocollo di gossip autenticato, con le seguenti caratteristiche:']"
"Quali sono le fasi principali del processo di applicazione della Differential Privacy nel Progetto AETERNA, dalla raccolta dei dati fino alla notarizzazione, e come vengono gestiti i parametri di privacy e il budget durante questo flusso operativo?","Le fasi principali del processo di applicazione della Differential Privacy nel Progetto AETERNA sono:

1. Raccolta dati grezzi a livello Edge (H-Node), dove vengono pre-aggregati e, se richiesto, sottoposti a local differential privacy (LDP).
2. Trasmissione sicura dei dati pre-aggregati verso il nodo Fog.
3. Aggregazione dei dati a livello Fog, con applicazione di central differential privacy (CDP) prima di inoltrare i dataset verso il Cloud o esporre risultati analitici.
4. Trasmissione sicura dei dati anonimizzati verso il Cloud.
5. Analisi macro a livello Cloud su dati già anonimizzati, garantendo doppia protezione end-to-end.
6. Notarizzazione delle operazioni di aggregazione e inserimento del rumore sul Bit-Energy Ledger, includendo hash dei dati rumorosi, parametri di privacy (ε, δ), identificativo del batch e timestamp.

I parametri di privacy (epsilon ε e, dove necessario, delta δ) sono controllati centralmente dal Policy Engine di AETERNA e vengono scelti in base al livello operativo (ad esempio, ε=0.3 a livello Edge, ε=0.5 a livello Fog, ε=0.1 a livello Cloud; δ=1e-6 per i livelli Fog e Cloud). Il budget di privacy è tracciato per ogni entità (H-Node, gruppo, quartiere) e decrementato a ogni query o aggregazione; il superamento del budget comporta la sospensione automatica delle analisi granulari fino al reset periodico (tipicamente ogni 24 ore). Le query composte vengono gestite tramite composizione sequenziale o parallela del budget, secondo i teoremi di composizione della DP. Tutte le API espongono metadati relativi ai parametri di privacy applicati e al residuo di budget disponibile.",difficile,"Nel Progetto AETERNA, il processo di applicazione della Differential Privacy (DP) si articola in diverse fasi operative, ciascuna con specifici meccanismi di protezione e gestione dei parametri di privacy. Le fasi principali sono le seguenti:

**1. Raccolta e Pre-aggregazione dei Dati (Livello Edge – H-Node):**
- I dati sensibili (es. consumi istantanei, profili di carico) vengono raccolti localmente dagli H-Node.
- Prima della trasmissione, i dati possono essere pre-aggregati per ridurre la granularità e il rischio di identificazione.
- Ove richiesto, viene applicata la Local Differential Privacy (LDP): ogni H-Node aggiunge rumore statistico ai dati individuali, secondo parametri di privacy predefiniti (es. valore di epsilon), in modo che la privacy sia garantita già prima che i dati lascino il dispositivo.

**2. Aggregazione e Anonimizzazione (Livello Fog – Quartiere):**
- I nodi Fog ricevono i dati (già rumorosi o aggregati) dagli H-Node.
- Viene effettuata un’ulteriore aggregazione dei dati a livello di quartiere.
- Si applicano meccanismi di Central Differential Privacy (CDP): ulteriore rumore viene aggiunto ai dataset aggregati o alle risposte alle query, secondo parametri di privacy specifici per il livello Fog.
- In questa fase, si tiene traccia del “privacy budget” associato a ciascun dataset o query, per evitare che ripetute interrogazioni possano erodere la protezione garantita dalla DP.

**3. Esposizione e Trasmissione verso il Cloud/API:**
- I dati anonimizzati e aggregati vengono inoltrati verso il Cloud o resi disponibili tramite API di quartiere.
- Solo i dati che hanno superato i controlli di privacy (in base al budget residuo e ai parametri di DP impostati) possono essere esposti o trasmessi.

**4. Notarizzazione e Audit sul Bit-Energy Ledger:**
- Ogni operazione di anonimizzazione (inclusa l’applicazione dei meccanismi di DP e la gestione del privacy budget) viene registrata e notarizzata sul Bit-Energy Ledger.
- Questo garantisce auditabilità, tracciabilità e compliance, permettendo la verifica ex post del rispetto dei parametri di privacy e delle policy di AETERNA.

**Gestione dei Parametri di Privacy e del Privacy Budget:**
- I parametri di privacy (es. epsilon, delta) sono definiti a livello di policy e possono essere differenziati per tipo di dato, livello della rete (Edge/Fog), e finalità di utilizzo.
- Il privacy budget viene monitorato e aggiornato a ogni operazione di query o aggregazione: se il budget si esaurisce, non è più possibile effettuare ulteriori interrogazioni senza compromettere la privacy.
- La gestione centralizzata e notarizzata del budget assicura che la protezione sia mantenuta nel tempo e che ogni accesso ai dati sia tracciato e verificabile.

**In sintesi:**  
Il flusso operativo parte dalla raccolta e pre-aggregazione dei dati sugli H-Node (con eventuale LDP), passa per l’aggregazione e l’applicazione di CDP sui nodi Fog, prosegue con la trasmissione sicura verso il Cloud/API, e si conclude con la notarizzazione di tutte le operazioni sul Bit-Energy Ledger. I parametri di privacy e il budget sono gestiti in modo dinamico e trasparente lungo tutto il processo, garantendo privacy by design e auditabilità.","[0.26669180393218994, 0.27114337682724, 0.29187750816345215]","['synthetic_data_AETERNA\\Volume_04_sicurezza_informatica_e_cyber-resilienza.md:0:113', 'synthetic_data_AETERNA\\Volume_04_sicurezza_informatica_e_cyber-resilienza.md:0:111', 'synthetic_data_AETERNA\\Volume_04_sicurezza_informatica_e_cyber-resilienza.md:0:121']","['Specifiche Tecniche e Protocolli\n\n1. Livelli di Applicazione della Differential Privacy in AETERNA\n\nLa Differential Privacy viene applicata in modo stratificato e contestuale, secondo la seguente gerarchia operativa:\n\nLivello Edge (H-Node): I dati raccolti localmente (consumi istantanei, profili di carico, eventi di produzione/consumo) vengono pre-aggregati e, ove richiesto, sottoposti a meccanismi di local differential privacy (LDP) prima della trasmissione verso il nodo Fog di competenza.\n\nLivello Fog (Quartiere): I nodi Fog aggregano i dati provenienti dagli H-Node e applicano meccanismi di central differential privacy (CDP) prima di inoltrare i dataset verso il Cloud o di esporre risultati analitici alle API di quartiere.', 'La protezione della privacy degli utenti rappresenta un pilastro imprescindibile nell’architettura del Progetto AETERNA, soprattutto in considerazione della natura sensibile dei dati energetici raccolti e analizzati ai vari livelli della micro-rete (Edge, Fog, Cloud). La Differential Privacy (DP) si configura come lo standard interno per garantire che le informazioni aggregate utilizzate per l’ottimizzazione e la sicurezza della rete non consentano, nemmeno indirettamente, la ricostruzione delle abitudini di consumo dei singoli utenti. La DP introduce un formalismo matematico rigoroso che, attraverso l’aggiunta controllata di rumore statistico ai dati o alle query, assicura che la presenza o l’assenza di un singolo individuo in un dataset abbia un impatto trascurabile sui', 'Impatto\n\nL’adozione sistematica della Differential Privacy in AETERNA comporta una serie di impatti positivi e alcune considerazioni operative:\n\nPrivacy Garantita by Design: La protezione delle abitudini individuali di consumo è formalmente garantita, indipendentemente da eventuali compromissioni dei nodi Fog o Cloud, o da correlazioni incrociate tra dataset.\n\nAuditabilità e Compliance: La notarizzazione di ogni operazione di anonimizzazione sul Bit-Energy Ledger consente audit trasparenti e verificabili, assicurando la piena conformità agli standard Kyoto 2.0 e alle policy interne di AETERNA.']"
Qual è il costo medio per la notarizzazione di una Merkle Root sul Bit-Energy Ledger durante un audit post-incidente?,L'informazione non è disponibile nel testo,impossibile,"Il contesto fornito non specifica il costo medio per la notarizzazione di una Merkle Root sul Bit-Energy Ledger durante un audit post-incidente. Nessun dettaglio su tariffe, fee di transazione o costi operativi è presente nella documentazione fornita.","[0.3011592626571655, 0.39242231845855713, 0.4116303324699402]","['synthetic_data_AETERNA\\Volume_04_sicurezza_informatica_e_cyber-resilienza.md:0:131', 'synthetic_data_AETERNA\\Volume_04_sicurezza_informatica_e_cyber-resilienza.md:0:130', 'synthetic_data_AETERNA\\Volume_04_sicurezza_informatica_e_cyber-resilienza.md:0:132']","['2. Protocolli di Audit Post-Incidente\n\n2.1. Ricostruzione Forense\n\nEstrazione della Merkle Root: L’auditor recupera la Merkle Root notarizzata corrispondente all’intervallo temporale di interesse dal Bit-Energy Ledger.\n\nRecupero dei Log: I log grezzi e le foglie del Merkle Tree vengono estratti dal sistema di storage distribuito.\n\nVerifica di Integrità: Viene ricostruito localmente il Merkle Tree e confrontata la radice calcolata con quella notarizzata.\n\nAnalisi Sequenziale: Grazie al campo prev_hash, è possibile ricostruire la catena temporale degli eventi e rilevare eventuali alterazioni o omissioni.\n\n2.2. Certificazione Legale', '1.3. Ciclo di Vita dei Log\n\nGenerazione: Ogni nodo genera localmente i log degli eventi rilevanti.\n\nAggregazione: I log sono raccolti in batch temporali e organizzati in Merkle Trees.\n\nNotarizzazione: La Merkle Root di ciascun batch viene inviata al modulo di notarizzazione, che la ancora sul Bit-Energy Ledger.\n\nReplica e Backup: I Merkle Trees e i log grezzi sono replicati su storage distribuito (IPFS/DFS) con accesso controllato.\n\nAccesso Audit: In caso di incidente, gli auditor possono ricostruire la sequenza degli eventi e verificarne l’integrità tramite la Merkle Root pubblica.\n\n2. Protocolli di Audit Post-Incidente\n\n2.1. Ricostruzione Forense', '2.2. Certificazione Legale\n\nNon Ripudiabilità: La presenza della Merkle Root notarizzata su Bit-Energy Ledger costituisce prova crittografica dell’esistenza e dell’integrità dei log a una data certa.\n\nConformità Kyoto 2.0: Ogni evento di anonimizzazione e ogni operazione rilevante sono tracciati e certificabili secondo gli standard interni, con livelli di dettaglio configurabili (Full, Summary, Minimal).\n\nAccesso Audit Granulare: Le API privacy-aware espongono solo i metadati necessari all’audit, nel rispetto del privacy budget e delle policy di DP.\n\n3. Integrazione con Moduli di Sicurezza e IDS']"
Quale protocollo viene utilizzato in AETERNA principalmente per il controllo in tempo reale di attuatori come l’illuminazione pubblica e gli switch energetici?,CoAP (Constrained Application Protocol),facile,"In AETERNA, il protocollo utilizzato principalmente per il controllo in tempo reale di attuatori come l’illuminazione pubblica e gli switch energetici è **CoAP**. Questo protocollo, grazie al suo pattern RESTful, al basso overhead e al supporto per la sicurezza tramite DTLS, è particolarmente adatto per il controllo di attuatori e l’invio di comandi in scenari IoT distribuiti.","[0.3415457606315613, 0.34217286109924316, 0.34770530462265015]","['synthetic_data_AETERNA\\Volume_07_smart_contract_e_tokenizzazione_energetica.md:0:80', 'synthetic_data_AETERNA\\Volume_05_protocolli_di_comunicazione_e_interfacce.md:0:13', 'synthetic_data_AETERNA\\Volume_14_monitoraggio,_telemetria_e_analisi_predittiva.md:0:140']","['L’integrazione dei sistemi IoT (Internet of Things) rappresenta un pilastro fondante per l’architettura multilivello di AETERNA, abilitando la raccolta, l’elaborazione e la trasmissione in tempo reale di dati energetici granulari provenienti da una vasta eterogeneità di dispositivi distribuiti. Nell’ambito delle micro-reti energetiche decentralizzate, la connettività e l’interoperabilità dei dispositivi IoT consentono la realizzazione di un ecosistema dinamico, in cui la produzione, il consumo e lo scambio di energia sono monitorati e regolati in modo automatizzato e sicuro. L’approccio di AETERNA si fonda su una stratificazione logica e funzionale che comprende edge computing, middleware di normalizzazione, protocolli di', 'Tabella Comparativa dei Protocolli IoT in AETERNA\n\nProtocollo Trasporto Pattern Sicurezza Overhead Utilizzo Principale Scalabilità Compliance MQTT TCP/IP Pub/Sub TLS 1.3, X.509/JWT Basso Telemetria, Monitoraggio Alta (clustering) Kyoto 2.0, Bit-Energy CoAP UDP RESTful DTLS, PSK/X.509 Minimo Controllo Attuatori, Comandi Media Kyoto 2.0, Bit-Energy LwM2M UDP (CoAP) RPC/REST DTLS, Certificati Minimo Provisioning, FOTA, Config Alta (batch) Kyoto 2.0, Bit-Energy\n\nImpatto sull’Architettura AETERNA', 'In sintesi, il sistema di monitoraggio implementato in AETERNA costituisce un elemento abilitante per la gestione intelligente, sicura e conforme di infrastrutture cloud e ibride, rappresentando un punto di riferimento per l’osservabilità in architetture energetiche decentralizzate di nuova generazione.']"
"In che modo la piattaforma AETERNA garantisce sia la sicurezza delle comunicazioni tra microservizi interni sia la tracciabilità delle operazioni critiche, collegando i meccanismi di autenticazione e i sistemi di audit descritti?","La piattaforma AETERNA garantisce la sicurezza delle comunicazioni tra microservizi interni tramite l’uso obbligatorio di mutual TLS (mTLS), dove ogni microservizio possiede un certificato X.509 emesso da una CA interna, e il service mesh (Istio) gestisce discovery, routing, controllo degli accessi (RBAC), cifratura end-to-end e rate limiting a livello di rete. La tracciabilità delle operazioni critiche è assicurata attraverso la notarizzazione e il logging di ogni chiamata tramite un modulo di audit conforme a Bit-Energy Ledger. I meccanismi di autenticazione (OAuth 2.0/JWT per le API pubbliche, mTLS per le API interne) sono strettamente collegati ai sistemi di audit, poiché ogni operazione autenticata viene tracciata, notarizzata e resa disponibile per audit, garantendo così sia la sicurezza degli accessi sia la trasparenza e la tracciabilità delle operazioni critiche.",media,"La piattaforma AETERNA garantisce la sicurezza delle comunicazioni tra microservizi interni e la tracciabilità delle operazioni critiche attraverso un’integrazione sinergica di meccanismi di autenticazione robusti e sistemi di audit avanzati.

**Sicurezza delle comunicazioni tra microservizi:**
- AETERNA adotta protocolli sicuri per la comunicazione tra microservizi (es. TLS/HTTPS), assicurando la cifratura dei dati in transito.
- L’autenticazione reciproca tra microservizi è implementata tramite token sicuri (ad esempio JWT o certificati mTLS), che permettono di verificare l’identità di ciascun componente prima di consentire lo scambio di informazioni.
- Le policy di autorizzazione granulari, in linea con le best practice dei sistemi distribuiti critici, limitano l’accesso alle sole risorse necessarie, riducendo la superficie di attacco.

**Tracciabilità delle operazioni critiche:**
- Ogni operazione rilevante viene registrata in sistemi di audit log centralizzati, garantendo la tracciabilità completa delle azioni effettuate all’interno della piattaforma.
- I log includono informazioni dettagliate sull’identità dell’utente o del microservizio che ha eseguito l’operazione, il tipo di azione, il timestamp e l’esito, collegando direttamente i meccanismi di autenticazione alle attività tracciate.
- L’integrazione con piattaforme SIEM e dashboard di monitoraggio in tempo reale consente di rilevare tempestivamente anomalie o eventi sospetti, attivando workflow automatici di notifica e risposta.

**Collegamento tra autenticazione e audit:**
- Ogni richiesta autenticata genera un’identità verificata che viene associata alle operazioni eseguite e registrata nei log di audit.
- Questo collegamento diretto tra autenticazione e tracciabilità permette di ricostruire in modo affidabile la catena delle responsabilità, facilitando audit periodici, indagini forensi e garantendo la compliance alle normative (GDPR, ISO/IEC 27001, NIS2).

In sintesi, AETERNA assicura che ogni comunicazione sia protetta e ogni operazione critica sia tracciabile, grazie a un’infrastruttura che integra autenticazione forte, logging centralizzato e monitoraggio continuo, in linea con le best practice di sicurezza e compliance.","[0.25067853927612305, 0.2802842855453491, 0.2835204005241394]","['synthetic_data_AETERNA\\Volume_05_protocolli_di_comunicazione_e_interfacce.md:0:18', 'synthetic_data_AETERNA\\Volume_18_evoluzione_tecnologica_e_roadmap_di_ricerca.md:0:105', 'synthetic_data_AETERNA\\Volume_08_gestione_dei_dati_e_privacy.md:0:86']","['interazioni. L’approccio adottato in AETERNA privilegia la trasparenza, la componibilità e la tracciabilità delle operazioni, in linea con le best practice emergenti nei sistemi distribuiti critici e nei framework di microservizi.', 'L’implementazione rigorosa delle specifiche di sicurezza e compliance descritte garantisce ad AETERNA una postura difensiva avanzata, in grado di prevenire, rilevare e rispondere tempestivamente a minacce sia note che emergenti. L’integrazione di processi di audit periodici, vulnerability management automatizzato e formazione continua del personale riduce significativamente il rischio di data breach, downtime e compromissione dei servizi critici (es. trading P2P, bilanciamento AI). La conformità alle principali normative (GDPR, ISO/IEC 27001, NIS2) e agli standard interni (Kyoto 2.0, Bit-Energy) rafforza la fiducia degli stakeholder, facilita l’interoperabilità con ecosistemi esterni e posiziona AETERNA come benchmark di settore per la sicurezza delle micro-reti energetiche', 'In AETERNA, tale processo si articola attraverso l’integrazione di sistemi di audit log centralizzati, piattaforme SIEM (Security Information and Event Management) e dashboard di monitoraggio in tempo reale, in sinergia con workflow automatici di notifica per la gestione degli eventi critici.']"
"Quali sono le principali componenti e meccanismi che, integrandosi tra autenticazione federata, autorizzazione centralizzata, logging distribuito e notarizzazione tramite Bit-Energy Ledger, permettono ad AETERNA di garantire sicurezza, tracciabilità e compliance normativa nelle sue architetture distribuite di micro-reti energetiche?","Le principali componenti e meccanismi integrati in AETERNA sono:

- Autenticazione federata tramite JWT emessi da un Identity Provider conforme a OAuth 2.0/OpenID Connect, con validazione dei token da parte di gateway API e service mesh (Istio), e utilizzo di claims granulari come `sub`, `actor_id`, `scope`, `exp`, `aud`, `risk_level`, `energy_zone_id`.
- Autenticazione mutua TLS (mTLS) per le API interne, gestita dal service mesh con certificati X.509 e rotazione automatica.
- Autorizzazione centralizzata tramite RBAC, con policy versionate che associano ruoli a permessi granulari su risorse, endpoint e namespace, enforcement in tempo reale tramite middleware su gateway API e service mesh, e mapping dinamico degli scope OAuth su permessi applicativi.
- Meccanismi di rate limiting e depth limiting per prevenire attacchi brute-force e denial-of-service, configurabili tramite policy centralizzate.
- Logging distribuito basato su stack ELK (Elasticsearch, Logstash, Kibana), con tracciamento di ogni chiamata API tramite metadati obbligatori (timestamp, user_id/service_id, actor_id, endpoint, HTTP_method, status_code, resource_id, correlation_id, risk_level, error_code), anonimizzazione dei dati personali e retention stratificata per livello di rischio.
- Notarizzazione delle operazioni critiche tramite Bit-Energy Ledger, che garantisce immutabilità, timestamping e tracciabilità end-to-end.
- Accesso ai log protetto da RBAC e tracciato tramite audit trail.

Questi meccanismi, integrandosi, permettono ad AETERNA di garantire sicurezza multilivello, tracciabilità completa delle operazioni e compliance normativa (inclusi GDPR, Kyoto 2.0 e Bit-Energy) nelle sue architetture distribuite di micro-reti energetiche.",difficile,"Nel contesto di AETERNA, la sicurezza, la tracciabilità e la compliance normativa nelle architetture distribuite di micro-reti energetiche sono garantite dall’integrazione sinergica di diverse componenti e meccanismi tecnologici, ciascuno con un ruolo specifico:

**1. Autenticazione Federata**
- Permette la gestione sicura e scalabile delle identità degli attori (utenti, dispositivi, servizi) distribuiti tra H-Node domestici, nodi Fog e Cloud.
- Basata su standard riconosciuti (es. SAML, OAuth2, OpenID Connect), consente Single Sign-On e gestione centralizzata delle credenziali, riducendo i rischi di compromissione e facilitando l’audit degli accessi.
- Supporta la segregazione dei domini di autenticazione, in linea con i requisiti di privacy e localizzazione dei dati.

**2. Autorizzazione Centralizzata**
- Implementa policy di accesso granulari e dinamiche, gestite centralmente (es. tramite XACML o RBAC/ABAC), che regolano le operazioni consentite a ciascun attore in base a ruolo, contesto e attributi.
- Garantisce la separazione dei privilegi e la minimizzazione della superficie di attacco, assicurando che solo gli attori autorizzati possano eseguire operazioni critiche o accedere a dati sensibili.
- Consente la revisione e l’aggiornamento delle policy in modo conforme alle normative di settore.

**3. Logging Distribuito e Immutabile**
- Ogni evento rilevante (accessi, operazioni, anomalie, transazioni energetiche) viene registrato in modo distribuito presso i diversi livelli della micro-rete.
- I log sono strutturati e aggregati tramite Merkle Tree, garantendo integrità, non ripudiabilità e resistenza alla manomissione.
- La raccolta e la conservazione dei log rispettano i requisiti di segregazione geografica e retention previsti dalle normative (es. GDPR, NIS2).

**4. Notarizzazione tramite Bit-Energy Ledger**
- I root hash dei Merkle Tree dei log vengono periodicamente ancorati sul Bit-Energy Ledger, una blockchain permissioned progettata per il dominio energetico.
- Questo meccanismo assicura la certificazione temporale, l’immutabilità e la tracciabilità delle evidenze digitali, abilitando audit forense affidabile e compliance normativa.
- La blockchain funge da registro condiviso e verificabile, facilitando la risoluzione di dispute e la dimostrazione di conformità agli enti regolatori.

**5. Monitoraggio e Audit Forense Avanzato**
- Strumenti di monitoraggio e correlazione degli eventi permettono la rilevazione proattiva di incidenti e anomalie, con alerting in tempo reale.
- L’integrazione tra logging immutabile e strumenti di audit consente la ricostruzione affidabile della catena degli eventi, fondamentale per la gestione degli incidenti e la produzione di evidenze in caso di indagini.

**6. Aderenza a Standard IEC/ISO**
- L’adozione di standard internazionali (es. IEC 62351, ISO/IEC 27001) garantisce interoperabilità, portabilità e future-proofing dell’architettura, facilitando la compliance su scala internazionale e la manutenzione evolutiva del sistema.

**In sintesi:**  
L’integrazione di autenticazione federata, autorizzazione centralizzata, logging distribuito e notarizzazione su blockchain Bit-Energy Ledger consente ad AETERNA di offrire un’infrastruttura sicura, trasparente e conforme alle normative, in grado di supportare la resilienza e la fiducia nelle micro-reti energetiche decentralizzate.","[0.22431957721710205, 0.23443597555160522, 0.23626750707626343]","['synthetic_data_AETERNA\\Volume_04_sicurezza_informatica_e_cyber-resilienza.md:0:124', 'synthetic_data_AETERNA\\Volume_13_interoperabilità_e_standardizzazione_internazionale.md:0:13', 'synthetic_data_AETERNA\\Volume_13_interoperabilità_e_standardizzazione_internazionale.md:0:101']","['Nel contesto di una micro-rete energetica decentralizzata come AETERNA, la capacità di garantire la tracciabilità, l’immutabilità e la non ripudiabilità delle operazioni è un requisito imprescindibile per la sicurezza sistemica e la conformità normativa. In particolare, la gestione degli incidenti di sicurezza (ad esempio, accessi non autorizzati, anomalie nei flussi energetici, tentativi di manipolazione dei dati) richiede strumenti avanzati di audit forense, in grado di ricostruire in modo affidabile la sequenza degli eventi e di certificare l’integrità delle evidenze digitali raccolte. AETERNA implementa un sistema di logging immutabile basato su strutture Merkle Tree, integrato nativamente con il Bit-Energy Ledger. Questa', 'Affidabilità e Trasparenza: Logging immutabile e audit trail su blockchain Bit-Energy garantiscono tracciabilità, accountability e conformità alle normative di settore.\n\nSostenibilità a Lungo Termine: L’adesione a standard riconosciuti facilita la manutenzione, l’aggiornamento e l’evoluzione dell’architettura, riducendo i costi di lock-in tecnologico e abilitando la portabilità su scala internazionale.\n\nIn sintesi, la scelta di uniformare i processi e le tecnologie di AETERNA agli standard IEC/ISO costituisce una leva strategica per la realizzazione di micro-reti urbane sicure, interoperabili e future-proof, in linea con gli obiettivi di autarchia energetica e resilienza sistemica propri del progetto.', 'Nel contesto di micro-reti energetiche decentralizzate come AETERNA, la gestione del monitoraggio, del logging e della tracciabilità assume un ruolo cruciale per garantire sicurezza, compliance normativa e resilienza operativa su scala internazionale. L’eterogeneità degli attori coinvolti (H-Node domestici, nodi Fog di quartiere, macro-analisi Cloud) e la distribuzione geografica impongono requisiti stringenti in termini di raccolta, correlazione e conservazione dei dati di log. La necessità di rispondere a normative locali e internazionali (es. privacy, auditabilità, segregazione geografica dei dati) si intreccia con l’esigenza di fornire strumenti avanzati di monitoraggio e alerting per la gestione proattiva di incidenti e anomalie. In questo scenario, AETERNA adotta un’architettura']"
Qual è il costo medio di implementazione di un modulo circuit breaker basato su Hystrix/Resilience4j all’interno dell’architettura AETERNA?,L'informazione non è disponibile nel testo,impossibile,"Nel contesto fornito, non sono presenti informazioni specifiche riguardo al costo medio di implementazione di un modulo circuit breaker basato su Hystrix o Resilience4j all’interno dell’architettura AETERNA. Il testo si concentra principalmente sugli aspetti di sicurezza hardware (HSM) e sulla flessibilità dello stack multi-protocollo IoT, senza menzionare dettagli economici o di licensing relativi ai circuit breaker software.

Pertanto, **non è possibile determinare il costo medio di implementazione** di tale modulo sulla base delle informazioni attualmente disponibili nel contesto fornito.","[0.4240516424179077, 0.4451775550842285, 0.4519994258880615]","[""synthetic_data_AETERNA\\Volume_03_specifiche_hardware_dell'h-node.md:0:76"", ""synthetic_data_AETERNA\\Volume_03_specifiche_hardware_dell'h-node.md:0:75"", 'synthetic_data_AETERNA\\Volume_05_protocolli_di_comunicazione_e_interfacce.md:0:14']","['Il modulo HSM (Hardware Security Module) rappresenta il fulcro della sicurezza fisica e logica degli H-Node all’interno dell’architettura AETERNA. In un contesto di micro-reti energetiche decentralizzate, in cui il valore delle transazioni P2P e la gestione degli smart contract sono strettamente legati all’integrità delle chiavi crittografiche, la protezione di tali chiavi private assume un ruolo strategico. Il modulo HSM, integrato a livello hardware, è progettato per resistere a tentativi di compromissione fisica, garantendo la custodia sicura delle chiavi e l’esecuzione di operazioni crittografiche in ambiente isolato. In caso di attacco fisico—come tentativi di apertura forzata, manipolazione elettronica o accesso non autorizzato—il', 'In sintesi, la soluzione descritta rappresenta un elemento chiave per l’autarchia energetica urbana, garantendo che nessun dato critico venga perso anche nelle condizioni operative più avverse, e consolidando la reputazione di AETERNA come framework di riferimento per la sicurezza e la resilienza delle micro-reti energetiche decentralizzate.\n\nCapitolo 7: Modulo HSM (Hardware Security Module)\n\nIntroduzione Teorica', 'Impatto sull’Architettura AETERNA\n\nL’adozione di uno stack multi-protocollo IoT consente ad AETERNA di raggiungere un livello di flessibilità e resilienza superiore rispetto a soluzioni monolitiche. La capacità di selezionare dinamicamente il protocollo più adatto in base al contesto operativo (es. latenza, consumo energetico, criticità del dato) permette di ottimizzare le performance e di ridurre i costi operativi, soprattutto in ambienti urbani caratterizzati da elevata densità e variabilità di dispositivi.']"
Quale parametro deve essere impostato su un valore maggiore o uguale a 3 per garantire fault tolerance e high availability nei topic o nelle code?,Repliche topic/coda,facile,Il parametro che deve essere impostato su un valore maggiore o uguale a 3 per garantire fault tolerance e high availability nei topic o nelle code è il **numero di repliche** (repliche topic/coda ≥ 3).,"[0.49827003479003906, 0.5019096732139587, 0.5024648904800415]","['synthetic_data_AETERNA\\Volume_05_protocolli_di_comunicazione_e_interfacce.md:0:67', 'synthetic_data_AETERNA\\Volume_05_protocolli_di_comunicazione_e_interfacce.md:0:63', 'synthetic_data_AETERNA\\Volume_15_formazione,_supporto_e_community.md:0:21']","['3.3. Tabella Best Practice di Configurazione\n\nParametro Valore Raccomandato Note Repliche topic/coda ≥ 3 Fault tolerance, high availability Partizioni per topic ≥ 6 (per energy_zone_id) Parallelismo, sharding geografico DLQ retention 48h (critical), 24h (standard) Alert se >100 messaggi pendenti Retry policy max_attempts: 5, jitter 20% Parametrizzabile per servizio Persistenza messaggi Abilitata per tutti i flussi Durabilità, compliance Sicurezza mTLS/TLS + ACL Obbligatoria su tutti i canali Monitoring Prometheus, alerting su lag Integrazione con sistema centralizzato\n\n4. Impatto sull’Architettura AETERNA\n\nL’adozione rigorosa di message broker configurati secondo le best practice sopra descritte determina un impatto strutturale positivo sull’intera architettura AETERNA. In particolare:', 'Implementazione:\n\nChaining di topic/eventi, con correlazione tramite correlation_id.\n\nGestione di saghe distribuite tramite orchestratori dedicati (es. Temporal, Camunda) integrati via broker.\n\nVantaggi: resilienza a failure parziali, auditabilità, supporto a rollback compensativi.\n\n2.3. Best Practice di Configurazione\n\nReplica e partizionamento: impostare il numero di repliche ≥ 3, partizionare per dominio funzionale e zona energetica (energy_zone_id).\n\nDLQ e retry policy: ogni coda/topic critico deve avere una DLQ associata, con policy di retry parametrica (max_attempts, initial_delay, jitter).\n\nPersistenza e retention: configurare la retention dei messaggi in base alla criticità del flusso; per audit trail, retention ≥ 30 giorni.', 'Moduli di escalation automatica verso Tier 3 (integrazione via API).\n\nFunzioni:\n\nAnalisi dei log e correlazione degli eventi (es. correlazione malfunzionamenti tra nodi Edge e orchestratori Fog).\n\nApplicazione di workaround temporanei, ripristino servizi, aggiornamento patch non critiche.\n\nAggiornamento e arricchimento della knowledge base centralizzata (tagging semantico, versionamento soluzioni).\n\nTier 3 – System Architect & Developer\n\nResponsabilità: Intervento su anomalie critiche, bug sistemici, richieste di modifica strutturale.\n\nStrumenti:\n\nAccesso completo ai repository di codice sorgente (Git, CI/CD pipeline), strumenti di debug distribuito, ambienti di staging isolati.']"
In che modo la gestione centralizzata delle chiavi tramite HSM contribuisce sia alla sicurezza delle comunicazioni tra i diversi livelli dell’architettura AETERNA sia alla notarizzazione delle transazioni energetiche su Bit-Energy Ledger?,"La gestione centralizzata delle chiavi tramite HSM garantisce la custodia sicura delle chiavi master, la generazione e rotazione automatica delle chiavi operative e la revoca immediata in caso di compromissione, assicurando così la riservatezza e l’integrità delle comunicazioni tra i diversi livelli dell’architettura AETERNA. Inoltre, l’HSM integra il logging dettagliato di tutte le operazioni di key management con Bit-Energy Ledger, fornendo auditabilità e non ripudiabilità delle transazioni energetiche, elementi fondamentali per la notarizzazione su Bit-Energy Ledger.",media,"La gestione centralizzata delle chiavi tramite HSM (Hardware Security Module) contribuisce in modo determinante sia alla sicurezza delle comunicazioni tra i diversi livelli dell’architettura AETERNA sia alla notarizzazione delle transazioni energetiche su Bit-Energy Ledger nei seguenti modi:

**1. Sicurezza delle comunicazioni:**
- **Protezione delle chiavi private:** L’HSM custodisce le chiavi crittografiche in un ambiente isolato e resistente a compromissioni fisiche e logiche, riducendo drasticamente il rischio di furto o manipolazione delle chiavi stesse.
- **Esecuzione sicura delle operazioni crittografiche:** Tutte le operazioni di cifratura, decifratura e firma digitale avvengono all’interno dell’HSM, impedendo che le chiavi escano mai dal modulo e siano esposte a potenziali attacchi.
- **Supporto a protocolli sicuri:** L’integrazione con TLS 1.3 e DTLS 1.2/1.3 garantisce la riservatezza e l’integrità dei dati in transito tra H-Node, Fog e Cloud, proteggendo le comunicazioni sia da attacchi esterni (es. intercettazione, man-in-the-middle) sia da compromissioni interne.
- **Riduzione della superficie di attacco:** La centralizzazione della gestione delle chiavi limita i punti di accesso e di possibile compromissione, rendendo più semplice il monitoraggio e la risposta agli incidenti di sicurezza.

**2. Notarizzazione delle transazioni energetiche:**
- **Non ripudiabilità:** Le firme digitali generate tramite chiavi custodite nell’HSM garantiscono che ogni transazione energetica sia attribuibile in modo certo e non ripudiabile all’H-Node che l’ha generata, elemento essenziale per la notarizzazione su Bit-Energy Ledger.
- **Integrità delle transazioni:** La protezione delle chiavi assicura che le transazioni non possano essere alterate o falsificate, mantenendo la coerenza e la validità dei dati registrati sul ledger.
- **Compliance e auditabilità:** L’utilizzo di HSM e la gestione centralizzata delle chiavi sono conformi agli standard Kyoto 2.0 e alle policy Bit-Energy, facilitando audit e verifiche di conformità, e rafforzando la fiducia nell’intero ecosistema.

In sintesi, la gestione centralizzata delle chiavi tramite HSM è il fondamento che assicura sia la sicurezza end-to-end delle comunicazioni tra i livelli dell’architettura AETERNA, sia la validità, integrità e non ripudiabilità delle transazioni energetiche notarizzate su Bit-Energy Ledger.","[0.2704319357872009, 0.28789305686950684, 0.3328339457511902]","['synthetic_data_AETERNA\\Volume_05_protocolli_di_comunicazione_e_interfacce.md:0:81', ""synthetic_data_AETERNA\\Volume_03_specifiche_hardware_dell'h-node.md:0:76"", ""synthetic_data_AETERNA\\Volume_03_specifiche_hardware_dell'h-node.md:0:89""]","['4. Impatto\n\nL’adozione rigorosa dei protocolli di cifratura e delle pratiche di gestione delle chiavi descritte assicura che l’intero ecosistema AETERNA sia protetto da una vasta gamma di minacce, sia a livello di attacco esterno che di compromissione interna. L’utilizzo di TLS 1.3 e DTLS 1.2/1.3, unito alla gestione centralizzata tramite HSM, garantisce non solo la riservatezza e l’integrità dei dati in transito, ma anche la non ripudiabilità delle transazioni energetiche, elemento fondamentale per la notarizzazione su Bit-Energy Ledger e la compliance agli standard Kyoto 2.0.', 'Il modulo HSM (Hardware Security Module) rappresenta il fulcro della sicurezza fisica e logica degli H-Node all’interno dell’architettura AETERNA. In un contesto di micro-reti energetiche decentralizzate, in cui il valore delle transazioni P2P e la gestione degli smart contract sono strettamente legati all’integrità delle chiavi crittografiche, la protezione di tali chiavi private assume un ruolo strategico. Il modulo HSM, integrato a livello hardware, è progettato per resistere a tentativi di compromissione fisica, garantendo la custodia sicura delle chiavi e l’esecuzione di operazioni crittografiche in ambiente isolato. In caso di attacco fisico—come tentativi di apertura forzata, manipolazione elettronica o accesso non autorizzato—il', 'L’adozione del modulo HSM come standard per la custodia delle chiavi private negli H-Node di AETERNA eleva il livello di sicurezza fisica e logica dei dispositivi IoT critici, riducendo drasticamente la superficie di attacco legata alla compromissione delle chiavi. La presenza di trigger di autodistruzione hardware garantisce che, anche in caso di accesso fisico non autorizzato o tentativi di reverse engineering, nessuna informazione sensibile possa essere estratta dal dispositivo. Questo approccio, conforme alle policy Kyoto 2.0 e agli standard interni Bit-Energy, contribuisce a mantenere la fiducia nella rete, impedendo attacchi di spoofing, replay o furto di identità digitale degli H-Node. Inoltre, la propagazione tempestiva degli eventi di sicurezza verso i livelli Fog e Cloud']"
"Quali sono le principali fasi e componenti coinvolte nel flusso di raccolta, aggregazione, analisi e remediation automatica delle metriche di telemetria nella micro-rete energetica urbana decentralizzata del progetto AETERNA, e come queste garantiscono affidabilità, sicurezza e compliance secondo gli standard Kyoto 2.0 e Bit-Energy?","Le principali fasi e componenti coinvolte nel flusso di raccolta, aggregazione, analisi e remediation automatica delle metriche di telemetria nella micro-rete energetica urbana decentralizzata del progetto AETERNA sono:

1. Raccolta delle metriche: Ogni microservizio a livello Fog e Cloud espone endpoint `/metrics` compatibili con Prometheus tramite exporter nativi o sidecar. Gli H-Node Edge utilizzano agenti lightweight che trasmettono le metriche in modalità push verso un gateway Fog, che aggrega e normalizza i dati prima dell’inoltro al backend centrale.

2. Aggregazione e normalizzazione: Il Fog Gateway Aggregator riceve le metriche dagli Edge, le aggrega e le inoltra al Prometheus Scraper a livello Fog, che a sua volta le invia al Prometheus Cluster centrale in Cloud.

3. Persistenza e retention: I dati di telemetria sono persistiti in un cluster Prometheus federato, con retention configurabile (90 giorni per metriche di dettaglio, 1 anno per aggregati). I dati critici sono duplicati e notarizzati tramite Bit-Energy Ledger per garantire auditabilità e immutabilità.

4. Analisi e visualizzazione: Grafana è utilizzato per la costruzione di dashboard custom segmentate per dominio, energy_zone_id, ruolo dispositivo e tipologia di servizio. Le dashboard sono integrate con sistemi di Single Sign-On (SSO) e RBAC.

5. Alerting: Il sistema di alerting si basa su Prometheus Alertmanager, con regole granulari per soglie statiche e dinamiche. Gli alert sono instradati verso canali dedicati e, in caso di alert critici, attivano playbook di auto-remediation.

6. Remediation automatica: Alcuni alert critici attivano playbook di auto-remediation, come riavvio selettivo dei servizi, rotazione automatica dei certificati, failover verso nodi di backup. L’Orchestrator aggiorna lo stato e le metriche dopo la remediation.

Queste componenti e fasi garantiscono affidabilità tramite visibilità in tempo reale e interventi proattivi, sicurezza attraverso la notarizzazione degli alert critici su Bit-Energy Ledger e compliance agli standard Kyoto 2.0 e Bit-Energy grazie all’auditabilità, alla segregazione dei ruoli e alla tracciabilità end-to-end delle operazioni.",difficile,"Nel contesto del Progetto AETERNA, il flusso di raccolta, aggregazione, analisi e remediation automatica delle metriche di telemetria si articola in diverse fasi e componenti chiave, ciascuna progettata per garantire affidabilità, sicurezza e compliance agli standard Kyoto 2.0 e Bit-Energy. Di seguito una panoramica strutturata:

### 1. **Raccolta Dati (Data Acquisition)**
- **Agenti di monitoraggio distribuiti**: Sensori e nodi intelligenti installati nei punti strategici della micro-rete raccolgono metriche granulari (stato dei dispositivi, flussi energetici, parametri ambientali, eventi di sicurezza).
- **Segmentazione logica**: I dati sono suddivisi per dominio funzionale (es. produzione, consumo, storage, sicurezza) per ottimizzare la raccolta e ridurre la latenza.

### 2. **Trasporto e Aggregazione**
- **Protocolli sicuri e a bassa latenza**: Utilizzo di protocolli di trasporto conformi agli standard di sicurezza e affidabilità (es. TLS, MQTT-SN, OPC UA Secure).
- **Edge aggregation**: Pre-elaborazione e aggregazione locale dei dati presso nodi edge per ridurre il traffico verso il centro e garantire resilienza anche in caso di disconnessioni temporanee.
- **Bit-Energy Ledger**: I dati critici e gli eventi rilevanti vengono registrati su un ledger distribuito, garantendo tracciabilità, immutabilità e auditabilità.

### 3. **Analisi e Correlazione**
- **Motori di analisi predittiva**: Algoritmi di machine learning e regole di business analizzano in tempo reale le metriche raccolte per individuare anomalie, trend e potenziali criticità.
- **Indicatori di performance (KPI) granulari**: Calcolo di KPI specifici per la compliance Kyoto 2.0 (es. emissioni evitate, efficienza energetica) e per la governance Bit-Energy (es. integrità delle transazioni, rotazione delle chiavi crittografiche).
- **Dashboard personalizzate**: Visualizzazione in tempo reale per operatori, team di sicurezza e responsabili della compliance.

### 4. **Remediation Automatica**
- **Automazione delle risposte**: In caso di anomalie o violazioni di policy, vengono attivati workflow automatici di remediation (es. bilanciamento carichi, isolamento di segmenti compromessi, rotazione automatica delle chiavi crittografiche).
- **Audit e logging**: Tutte le azioni di remediation sono tracciate sul Bit-Energy Ledger per garantire accountability e auditabilità.

### 5. **Compliance e Governance**
- **Kyoto 2.0**: Monitoraggio continuo dei parametri ambientali e delle performance energetiche per garantire il rispetto degli obiettivi di sostenibilità e delle normative urbane.
- **Bit-Energy**: Tracciabilità completa delle transazioni energetiche e degli eventi di sicurezza, con possibilità di audit indipendente e verifica della conformità.

---

## **Garanzie di Affidabilità, Sicurezza e Compliance**

- **Affidabilità**: Ridondanza degli agenti di monitoraggio, edge aggregation e protocolli resilienti assicurano continuità operativa anche in condizioni avverse.
- **Sicurezza**: Crittografia end-to-end, rotazione automatica delle chiavi, segmentazione logica e registrazione immutabile degli eventi su ledger distribuito.
- **Compliance**: Indicatori e reportistica automatica per Kyoto 2.0 e Bit-Energy, audit trail completo e dashboard per la governance trasparente.

---

**In sintesi**, il flusso di telemetria nel progetto AETERNA si basa su una catena integrata di raccolta intelligente, aggregazione sicura, analisi predittiva e remediation automatica, con una forte enfasi su tracciabilità, auditabilità e conformità normativa, elementi essenziali per la gestione affidabile e sostenibile di micro-reti energetiche urbane decentralizzate.","[0.22728949785232544, 0.2850866913795471, 0.2936136722564697]","['synthetic_data_AETERNA\\Volume_14_monitoraggio,_telemetria_e_analisi_predittiva.md:0:15', 'synthetic_data_AETERNA\\Volume_06_algoritmi_di_ottimizzazione_energetica.md:0:143', 'synthetic_data_AETERNA\\Volume_05_protocolli_di_comunicazione_e_interfacce.md:0:98']","['Nel contesto del Progetto AETERNA, la telemetria avanzata rappresenta un elemento cardine per la gestione proattiva e predittiva delle micro-reti energetiche decentralizzate. La capacità di acquisire, trasmettere e analizzare in tempo reale lo stato della rete costituisce la base per la resilienza operativa, l’ottimizzazione delle risorse e la garanzia di compliance rispetto agli standard interni (Kyoto 2.0, Bit-Energy). L’approccio adottato privilegia la distribuzione intelligente degli agenti di monitoraggio, la segmentazione logica delle informazioni e l’adozione di protocolli di trasporto e sicurezza allineati con le più stringenti esigenze di affidabilità e latenza ridotta. L’obiettivo è fornire una visibilità granulare e tempestiva su ogni', 'Inoltre, la disponibilità di indicatori di performance granulari e la tracciabilità completa tramite Bit-Energy Ledger e compliance Kyoto 2.0 assicurano trasparenza, auditabilità e conformità normativa, elementi imprescindibili per l’integrazione in contesti urbani regolamentati. L’approccio simulativo accelera il ciclo di sviluppo, favorisce la scalabilità orizzontale e verticale delle soluzioni e costituisce un benchmark affidabile per la replicabilità del modello AETERNA in città e quartieri eterogenei.\n\nIn sintesi, la metodologia di simulazione e testing adottata rappresenta un pilastro fondante per la robustezza, la sicurezza e la sostenibilità delle micro-reti energetiche decentralizzate promosse dal Progetto AETERNA.', 'Ottimizzazione delle Risorse: L’analisi predittiva delle metriche consente di ottimizzare il bilanciamento dei carichi, la rotazione delle chiavi crittografiche e la gestione delle risorse energetiche, contribuendo all’obiettivo di autarchia energetica urbana.\n\nGovernance e Accountability: Le dashboard personalizzate e i sistemi di tracciamento degli eventi abilitano una governance trasparente, favorendo la collaborazione tra team operativi, di sicurezza e di gestione energetica.\n\nIn sintesi, il monitoraggio delle interfacce e la telemetria costituiscono il tessuto connettivo che rende possibile la gestione intelligente, sicura e conforme di una micro-rete energetica urbana decentralizzata come AETERNA.']"
Qual è il costo medio annuale per la notarizzazione delle OpenAPI Specification su Bit-Energy Ledger per ogni versione major delle API AETERNA?,L'informazione non è disponibile nel testo,impossibile,"In base al contesto fornito, non sono presenti informazioni specifiche o dati numerici relativi al costo medio annuale per la notarizzazione delle OpenAPI Specification su Bit-Energy Ledger per ogni versione major delle API AETERNA. Il testo descrive i processi di notarizzazione, audit e governance, ma non riporta dettagli economici o tariffari. Pertanto, non è possibile determinare o stimare il costo richiesto dalla domanda sulla base delle informazioni disponibili.","[0.3688353896141052, 0.4162660837173462, 0.4341135025024414]","['synthetic_data_AETERNA\\Volume_05_protocolli_di_comunicazione_e_interfacce.md:0:107', 'synthetic_data_AETERNA\\Volume_05_protocolli_di_comunicazione_e_interfacce.md:0:28', 'synthetic_data_AETERNA\\Volume_05_protocolli_di_comunicazione_e_interfacce.md:0:110']","['Audit e Notarizzazione: Tutte le fasi sono tracciate e notarizzate su Bit-Energy Ledger, a garanzia di compliance e auditabilità.\n\n6. Governance Centralizzata delle API\n\nLa governance delle API è affidata a un Comitato Tecnico AETERNA API, responsabile di:\n\nApprovazione delle modifiche breaking.\n\nValidazione delle OpenAPI Specification.\n\nGestione del ciclo di vita delle versioni.\n\nCoordinamento con i team di sviluppo Edge, Fog e Cloud.\n\nSupervisione sulla compliance Kyoto 2.0 e sulle policy Bit-Energy.\n\nTutte le decisioni sono documentate e versionate tramite repository Git centralizzato e notarizzazione periodica.\n\nDiagramma e Tabelle\n\nDiagramma Mermaid: Flusso di Versionamento e Deprecazione', 'Impatto\n\nL’architettura delle interfacce API in AETERNA determina un impatto significativo su più livelli del sistema:\n\nSicurezza e Compliance: La netta separazione tra API pubbliche e private, unitamente all’adozione di OAuth 2.0, JWT e mTLS, riduce drasticamente la superficie di attacco e consente una governance centralizzata degli accessi. La conformità agli standard interni (Kyoto 2.0, Bit-Energy Ledger) è garantita dalla notarizzazione e dall’audit continuo delle operazioni.', 'Continuità Operativa: La coesistenza di versioni e la deprecazione progressiva evitano interruzioni di servizio per client legacy, consentendo upgrade graduali e pianificati.\n\nAuditabilità e Compliance: La notarizzazione delle specifiche e delle transizioni su Bit-Energy Ledger assicura la tracciabilità e la compliance agli standard Kyoto 2.0, fondamentale in scenari regolamentati.\n\nRiduzione del Rischio di Regressioni: L’integrazione di test di regressione e compatibilità retroattiva automatizzati minimizza il rischio di errori introdotti da evoluzioni delle API.\n\nGovernance Trasparente: La centralizzazione delle decisioni e la pubblicazione delle specifiche OpenAPI garantiscono trasparenza, responsabilità e allineamento tra i team Edge, Fog e Cloud.']"
Quale annotazione viene utilizzata per limitare il numero di connessioni simultanee in una risorsa Ingress?,nginx.ingress.kubernetes.io/limit-connections,facile,"L’annotazione utilizzata per limitare il numero di connessioni simultanee in una risorsa Ingress è:

```
limit-connections
```

Questa annotazione viene applicata all’Ingress Resource per specificare il numero massimo di connessioni simultanee consentite verso il backend. La sintassi e il nome esatto possono variare a seconda dell’Ingress Controller (ad esempio, per NGINX Ingress Controller si usa `nginx.ingress.kubernetes.io/limit-connections`).","[0.5107595324516296, 0.5307367444038391, 0.5348948240280151]","['synthetic_data_AETERNA\\Volume_05_protocolli_di_comunicazione_e_interfacce.md:0:116', 'synthetic_data_AETERNA\\Volume_04_sicurezza_informatica_e_cyber-resilienza.md:0:93', 'synthetic_data_AETERNA\\Volume_05_protocolli_di_comunicazione_e_interfacce.md:0:121']","['Load Balancing: Algoritmi round-robin, least connections, weighted, con health check attivi.\n\nSecurity Policy: Application Firewall (WAF), restrizione IP/CIDR, enforcement header di sicurezza (HSTS, CSP, X-Frame-Options).\n\nCanary e Blue/Green Deployment: Routing percentuale o selettivo verso nuove versioni dei servizi, rollback automatico su failure.\n\n2. Esempi di Configurazione Ingress Controller\n\n2.1 Esempio YAML: Ingress Resource per Canary Release', 'Tabella: Policy di Isolamento Risorse Smart Contract\n\nRisorsa Policy di Isolamento Enforcement Azione su Violazione CPU Quota massima per container cgroups/microVM Throttling/Sospensione RAM Quota massima per container cgroups/microVM Swap/Terminazione Filesystem Directory virtuale isolata (tmpfs) mount namespace Accesso Negato/Log Anomalia Networking Solo API trading interne net namespace Blocco Firewall/Quarantena Syscall Whitelist syscall minima seccomp Terminazione/Quarantena Tempo (Pulse) Contesto temporale virtuale time namespace Desincronizzazione/Log API H-Node Accesso mediato da IAM e ACL IAM Engine Revoca Chiavi/Quarantena\n\nImpatto', 'Policy Descrizione Livello di Applicazione Strumenti/Annotazioni Autenticazione OAuth2 Validazione token JWT, refresh token, scope-based access API Gateway, Ingress auth-url , middleware custom mTLS Autenticazione reciproca client-server API Gateway, Ingress Certificati X.509, SNI Rate Limiting Limite richieste/minuto, burst control, ban IP API Gateway, Ingress limit-connections , limit-rpm WAF Protezione da SQLi/XSS/DoS, regole OWASP top 10 Ingress Controller ModSecurity, CRS Restrizione IP/CIDR Accesso consentito solo da subnet autorizzate Ingress Controller whitelist-source-range Header Sicurezza HSTS, CSP, X-Frame-Options, X-Content-Type-Options Ingress Controller add-headers Audit e Notarizzazione Logging eventi critici, notarizzazione su Bit-Energy Ledger API Gateway, Ingress Logging centralizzato, webhook, Ledger API']"
In che modo la pipeline CI/CD di AETERNA garantisce sia la validazione della sicurezza delle API sia la tracciabilità dei risultati rispetto agli standard Kyoto 2.0 e Bit-Energy?,"La pipeline CI/CD di AETERNA garantisce la validazione della sicurezza delle API tramite l’esecuzione automatizzata di test di sicurezza (scanner OWASP ZAP, fuzzing) che identificano e mitigano vulnerabilità, verificano l’enforcement delle security headers, la robustezza delle policy WAF, la gestione di sessioni e certificati, e l’audit tramite Bit-Energy Ledger. La tracciabilità dei risultati rispetto agli standard Kyoto 2.0 e Bit-Energy è assicurata dall’aggregazione e analisi dei report di test, dalla notarizzazione degli esiti critici nel Bit-Energy Ledger, dall’integrazione dei risultati nei dashboard centralizzati e dalla verifica della compliance tramite policy as code e audit trail.",media,"La pipeline CI/CD di AETERNA garantisce la validazione della sicurezza delle API e la tracciabilità dei risultati rispetto agli standard Kyoto 2.0 e Bit-Energy attraverso una serie di meccanismi integrati e automatizzati:

**1. Validazione della sicurezza delle API**
- **Test automatizzati**: Le pipeline includono step dedicati a test di sicurezza (security scan) che utilizzano strumenti di ultima generazione per identificare vulnerabilità nelle API esposte a Edge, Fog e Cloud.
- **Test di integrazione e carico**: Oltre ai test funzionali, vengono eseguiti test di integrazione e di carico per verificare la robustezza delle interfacce in condizioni reali e sotto stress.
- **Automazione e ripetibilità**: L’automazione del ciclo di validazione assicura che ogni modifica venga sottoposta agli stessi controlli, riducendo il rischio di regressioni e vulnerabilità.
- **Rollback automatico**: In caso di failure nei test di sicurezza o negli smoke test post-deploy, la pipeline esegue automaticamente il rollback, prevenendo la propagazione di versioni non sicure.

**2. Tracciabilità e compliance agli standard Kyoto 2.0 e Bit-Energy**
- **Registrazione su blockchain Bit-Energy**: Tutti gli eventi rilevanti della pipeline (esiti dei test, promozione degli artifact, deployment, rollback) vengono registrati su blockchain, garantendo immutabilità e tracciabilità a livello granulare.
- **Metriche e auditabilità**: La raccolta sistematica di metriche e log consente di dimostrare la conformità ai requisiti di sicurezza, sostenibilità e qualità previsti dagli standard Kyoto 2.0 e Bit-Energy.
- **Segmentazione per ambiente e multi-tenancy**: La pipeline è progettata per gestire ambienti separati (dev, test, staging, prod) e tenant multipli, assicurando che la compliance venga verificata in ogni contesto operativo.

**In sintesi**, la pipeline CI/CD di AETERNA integra controlli di sicurezza automatizzati e meccanismi di tracciabilità basati su blockchain, assicurando che ogni rilascio sia validato rispetto agli standard interni e che ogni evento sia auditabile, a supporto della sicurezza, della qualità e della compliance della piattaforma.","[0.2653869390487671, 0.27233242988586426, 0.28796935081481934]","['synthetic_data_AETERNA\\Volume_05_protocolli_di_comunicazione_e_interfacce.md:0:128', 'synthetic_data_AETERNA\\Volume_18_evoluzione_tecnologica_e_roadmap_di_ricerca.md:0:128', 'synthetic_data_AETERNA\\Volume_17_testing,_validazione_e_certificazione.md:0:27']","['Nel contesto dell’architettura multilivello di AETERNA, la robustezza e la sicurezza delle interfacce di comunicazione rappresentano requisiti imprescindibili per garantire la continuità operativa, la compliance agli standard interni (es. Kyoto 2.0, Bit-Energy) e la resilienza delle micro-reti energetiche. Il testing delle interfacce, in particolare delle API esposte a Edge, Fog e Cloud, viene sistematicamente automatizzato attraverso pipeline CI/CD integrate, che orchestrano test di integrazione, carico e sicurezza, assicurando un controllo di qualità continuo e riducendo drasticamente il rischio di regressioni funzionali e vulnerabilità. L’automazione del ciclo di validazione, supportata da strumenti di test e scanner di sicurezza di ultima generazione, costituisce un pilastro fondamentale', '2. Pipeline CI/CD: Architettura e Flussi\n\nLe pipeline CI/CD di AETERNA sono progettate per supportare la multi-tenancy, la segmentazione per ambiente (dev, test, staging, prod) e la compliance con le policy Kyoto 2.0. Ogni pipeline è composta da step modulari e parametrizzabili, con gestione delle seguenti fasi:\n\nCheckout e Validazione Branch\n\nBuild e Static Analysis\n\nUnit/Integration/E2E Test\n\nPackage & Container Build\n\nSecurity Scan\n\nArtifact Promotion\n\nDeploy su ambiente target\n\nSmoke Test post-deploy\n\nRollback automatico in caso di failure\n\nNotifica e logging degli eventi\n\nEsempio di flusso CI/CD (Mermaid):', 'La tracciabilità garantita dalla registrazione su blockchain Bit-Energy, unita alla granularità delle metriche raccolte e alla ripetibilità dei test tramite pipeline CI/CD, ha elevato lo standard di auditabilità e compliance, rendendo il sistema conforme agli standard interni Kyoto 2.0 e alle best practice di sicurezza e sostenibilità. In ultima analisi, questa impostazione metodologica ha ridotto drasticamente il rischio di failure in esercizio e ha fornito una base solida per l’evoluzione futura della piattaforma, favorendo l’adozione di AETERNA in contesti urbani complessi e dinamici.\n\nCapitolo 3: Certificazione di Sicurezza e Qualità\n\nIntroduzione Teorica']"
"Quali sono le principali sfide affrontate dalla pipeline di forecasting di AETERNA nell’integrazione di dati multi-sorgente e multi-livello, e in che modo l’architettura proposta garantisce efficienza operativa, resilienza e sostenibilità in un contesto di micro-reti energetiche urbane decentralizzate?","Le principali sfide affrontate dalla pipeline di forecasting di AETERNA nell’integrazione di dati multi-sorgente e multi-livello includono la gestione della complessità dei flussi energetici caratterizzati da elevata variabilità, non linearità e dipendenza da fattori esogeni come condizioni meteorologiche e comportamenti socio-economici. L’integrazione di dati provenienti da diversi livelli (Edge, Fog, Cloud) richiede la raccolta in tempo reale da dispositivi IoT, l’aggregazione e arricchimento a livello di quartiere, e l’integrazione di dataset storici e dati esterni su scala urbana. Ulteriori sfide sono la normalizzazione e la gestione dei valori mancanti, la generazione di feature derivate, la validazione della qualità dei dati e la compliance con standard come Kyoto 2.0 e Bit-Energy.

L’architettura proposta garantisce efficienza operativa tramite workflow asincroni, orchestrazione cloud-native (Kubernetes), containerizzazione dei modelli, deployment automatizzato e versionamento. La resilienza è assicurata dalla modularità della pipeline, dalla possibilità di rollback automatico in caso di regressione delle metriche, e dalla scalabilità verticale e orizzontale dei microservizi. La sostenibilità è supportata dall’integrazione di previsioni accurate che facilitano l’autoconsumo, la riduzione delle perdite di rete, il raggiungimento degli obiettivi Kyoto 2.0 e la tracciabilità delle performance ambientali tramite Bit-Energy Ledger. L’interoperabilità è garantita da API standardizzate, protocolli di event streaming e audit trail completo, assicurando governance e trasparenza nel contesto delle micro-reti energetiche urbane decentralizzate.",difficile,"Le principali sfide affrontate dalla pipeline di forecasting di AETERNA nell’integrazione di dati multi-sorgente e multi-livello sono:

**1. Eterogeneità e qualità dei dati:**  
Le micro-reti urbane generano dati provenienti da fonti molto diverse (sensori IoT, impianti fotovoltaici, sistemi di accumulo, dati meteorologici, profili di consumo, ecc.), spesso con formati, granularità e frequenze di aggiornamento differenti. Garantire la normalizzazione, la sincronizzazione temporale e la qualità dei dati è fondamentale per alimentare modelli predittivi affidabili.

**2. Complessità e variabilità dei flussi energetici:**  
La domanda e l’offerta di energia sono caratterizzate da elevata variabilità, non linearità e dipendenza da fattori esogeni (ad esempio, condizioni meteorologiche e comportamenti socio-economici). I modelli di forecasting devono quindi essere in grado di apprendere pattern complessi e adattarsi rapidamente a cambiamenti di scenario.

**3. Scalabilità e latenza:**  
L’architettura distribuita (Edge, Fog, Cloud) implica la necessità di processare grandi volumi di dati in tempo reale o quasi reale, minimizzando la latenza per abilitare una gestione proattiva e tempestiva delle risorse energetiche.

**4. Sicurezza, compliance e tracciabilità:**  
L’integrazione di dati sensibili e la necessità di garantire la compliance agli standard (es. Kyoto 2.0) richiedono meccanismi robusti di audit trail, tracciabilità delle performance ambientali (es. tramite Bit-Energy Ledger) e protezione dei dati.

---

**Come l’architettura AETERNA affronta queste sfide:**

- **Integrazione multi-livello (Edge, Fog, Cloud):**  
  L’architettura distribuisce l’elaborazione tra Edge (pre-elaborazione e aggregazione locale), Fog (analisi intermedia e coordinamento tra micro-reti) e Cloud (addestramento e ottimizzazione centralizzata dei modelli). Questo consente di ridurre la latenza, ottimizzare l’uso della banda e garantire la scalabilità.

- **Modelli predittivi avanzati e adattivi:**  
  L’adozione di tecniche di machine learning in grado di operare su dati eterogenei e multi-sorgente permette di catturare la complessità dei flussi energetici e di adattarsi dinamicamente a variazioni di scenario, migliorando l’accuratezza delle previsioni.

- **API standardizzate e interoperabilità:**  
  L’esposizione di API standard facilita l’integrazione con moduli di automazione, trading P2P e monitoraggio, assicurando la coerenza e la governance dei dati lungo tutta la pipeline.

- **Audit trail e ledger energetico:**  
  La tracciabilità delle operazioni e delle performance ambientali è garantita tramite sistemi di audit trail e Bit-Energy Ledger, che supportano la compliance e la trasparenza.

- **Gestione proattiva e sostenibile:**  
  Le previsioni accurate abilitano strategie di energy management proattive (es. ottimizzazione dell’accumulo, valorizzazione dei surplus, risposta alla domanda), favorendo l’autarchia energetica urbana e la massimizzazione dell’integrazione di fonti rinnovabili.

---

**In sintesi:**  
L’architettura proposta da AETERNA, grazie all’integrazione intelligente di dati multi-sorgente e multi-livello, garantisce efficienza operativa (attraverso la distribuzione del carico e la riduzione della latenza), resilienza (adattamento dinamico e gestione distribuita) e sostenibilità (ottimizzazione dell’uso delle rinnovabili e tracciabilità delle performance ambientali), affrontando in modo sistemico le sfide delle micro-reti energetiche urbane decentralizzate.","[0.18795865774154663, 0.21665775775909424, 0.24182534217834473]","['synthetic_data_AETERNA\\Volume_06_algoritmi_di_ottimizzazione_energetica.md:0:1', 'synthetic_data_AETERNA\\Volume_06_algoritmi_di_ottimizzazione_energetica.md:0:12', 'synthetic_data_AETERNA\\Volume_12_interfacciamento_con_la_mobilità_elettrica.md:0:110']","['Nel contesto delle micro-reti energetiche decentralizzate, la capacità di anticipare la domanda e l’offerta di energia rappresenta un fattore abilitante per l’autarchia energetica urbana, obiettivo cardine del Progetto AETERNA. L’adozione di tecniche di forecasting basate su machine learning consente di affrontare la crescente complessità dei flussi energetici, caratterizzati da elevata variabilità, non linearità e dipendenza da fattori esogeni (ad esempio, condizioni meteorologiche e comportamenti socio-economici). L’integrazione di modelli predittivi avanzati, progettati per operare su dati multi-sorgente e multi-livello (Edge, Fog, Cloud), è cruciale per garantire non solo l’efficienza operativa, ma anche la resilienza e la sostenibilità del sistema', 'Sostenibilità e Compliance: Le previsioni accurate supportano il raggiungimento degli obiettivi di sostenibilità definiti dagli standard Kyoto 2.0, facilitando l’integrazione di fonti rinnovabili variabili e la tracciabilità delle performance ambientali tramite Bit-Energy Ledger.\n\nInteroperabilità e Governance: L’esposizione di API standardizzate e la gestione rigorosa degli audit trail assicurano la piena integrazione con i moduli di automazione, trading P2P e monitoraggio, rafforzando la governance e la trasparenza del sistema.\n\nIn sintesi, la componente di forecasting e machine learning costituisce il motore predittivo dell’intelligenza distribuita di AETERNA, abilitando una gestione proattiva, adattiva e sostenibile delle micro-reti energetiche urbane.', 'L’integrazione di micro-reti energetiche urbane con sistemi di produzione distribuita rappresenta il fondamento per la transizione verso modelli energetici resilienti, sostenibili e decentralizzati. Nel contesto della piattaforma AETERNA, tale integrazione non si limita alla mera connessione fisica tra infrastrutture di ricarica e fonti rinnovabili locali (es. impianti fotovoltaici, microeolici), ma si estende all’adozione di architetture digitali e protocolli che abilitano lo scambio bidirezionale di energia, la gestione predittiva dei flussi e la valorizzazione di surplus tramite meccanismi di accumulo o immissione in rete. L’approccio AETERNA si distingue per l’implementazione di un energy management distribuito, orchestrato da intelligenza artificiale, e per la compliance']"
"Qual è il costo medio di implementazione del modulo di bilanciamento dinamico in AETERNA per ciascun livello (Edge, Fog, Cloud)?",L'informazione non è disponibile nel testo,impossibile,"In base al contesto fornito, le specifiche tecniche di AETERNA descrivono l’architettura e le funzionalità del modulo di bilanciamento dinamico, ma **non includono informazioni relative ai costi di implementazione** per i diversi livelli (Edge, Fog, Cloud). 

**Non è quindi possibile determinare o stimare il costo medio di implementazione del modulo di bilanciamento dinamico per ciascun livello (Edge, Fog, Cloud) sulla base delle informazioni fornite.**

Per una stima dei costi sarebbero necessari dettagli aggiuntivi, come:
- Specifiche hardware e software richieste per ciascun livello
- Licenze, costi di containerizzazione e orchestrazione
- Costi di sviluppo, integrazione e manutenzione
- Volume di traffico e dimensionamento delle risorse

**Sintesi:**  
Il contesto fornito non riporta dati o parametri economici relativi ai costi di implementazione del modulo di bilanciamento dinamico.","[0.3173339366912842, 0.3591395616531372, 0.3637704849243164]","['synthetic_data_AETERNA\\Volume_06_algoritmi_di_ottimizzazione_energetica.md:0:17', 'synthetic_data_AETERNA\\Volume_06_algoritmi_di_ottimizzazione_energetica.md:0:21', 'synthetic_data_AETERNA\\Volume_07_smart_contract_e_tokenizzazione_energetica.md:0:96']","['Specifiche Tecniche e Protocolli\n\n1. Architettura del Modulo di Bilanciamento\n\nIl modulo di bilanciamento dinamico in AETERNA è implementato come microservizio containerizzato, deployato in modalità sidecar accanto ai principali ingress controller (ad es. NGINX Ingress Controller su Kubernetes). Questo modulo è responsabile sia della ripartizione iniziale delle richieste (statica) sia della riallocazione dinamica in risposta a variazioni delle metriche operative.\n\n1.1. Pipeline di Bilanciamento\n\nLa pipeline di bilanciamento prevede le seguenti fasi:\n\nRaccolta metriche: Le metriche di utilizzo (CPU, RAM, latenza, numero di connessioni attive) sono raccolte in tempo reale tramite Prometheus Node Exporter e custom exporter per GPU/TPU.', 'Webhook (alerting): Integrazione con sistemi di alerting esterni (ad es. Slack, email, incident management) per notifiche in caso di anomalie persistenti.\n\n1.4. Policy di Bilanciamento Multi-Livello\n\nAETERNA adotta policy di bilanciamento differenziate per ciascun livello della pipeline:\n\nEdge (H-Node): Bilanciamento locale tra microservizi residenti, con priorità a task critici (es. forecasting real-time).\n\nFog: Aggregazione e smistamento dei carichi provenienti da più H-Node, con logiche di load shedding e buffering in caso di picchi.\n\nCloud: Bilanciamento su larga scala tramite auto-scaling di pod e servizi, con supporto a workload batch e inferenza massiva.\n\n2. Parametri di Configurazione e Tuning', '2. Specifiche Tecniche e Protocolli\n\n2.1 Architettura della Gestione Dinamica\n\nIl sistema di dynamic pricing in AETERNA è articolato su tre livelli, in coerenza con la stratificazione edge-fog-cloud:\n\nEdge Layer (H-Node): Raccolta dati in tempo reale (consumo, produzione, storage locale, stato dispositivo), pre-elaborazione e firma digitale dei payload secondo schema Kyoto 2.0.\n\nFog Layer: Aggregazione e normalizzazione dati di quartiere, orchestrazione delle politiche di pricing locali, buffering eventi e enforcement delle soglie di oscillazione.\n\nCloud Layer: Macro-analisi predittiva (AI/ML), calcolo centralizzato delle tariffe di riferimento, deployment e aggiornamento degli smart contract di pricing, storage storico e simulazione scenari tariffari.\n\n2.2 Algoritmi di Dynamic Pricing']"
Quali sono i tre criteri principali considerati nella funzione obiettivo dell’ottimizzazione multi-obiettivo nel Progetto AETERNA?,"Efficienza operativa, minimizzazione dei costi, sostenibilità ambientale.",facile,"I tre criteri principali considerati nella funzione obiettivo dell’ottimizzazione multi-obiettivo nel Progetto AETERNA sono:

1. **Efficienza (E):** Misurata come throughput computazionale per unità di energia consumata (GFLOPS/Watt).
2. **Costo (C):** Comprende costi diretti (energia, licensing, hardware) e indiretti (manutenzione, carbon tax Kyoto 2.0).
3. **Sostenibilità (S):** Quantificata tramite metriche di emissione CO₂ equivalente, percentuale di energia rinnovabile, e punteggio Bit-Energy.","[0.2666349411010742, 0.27382856607437134, 0.35192734003067017]","['synthetic_data_AETERNA\\Volume_06_algoritmi_di_ottimizzazione_energetica.md:0:32', 'synthetic_data_AETERNA\\Volume_06_algoritmi_di_ottimizzazione_energetica.md:0:30', 'synthetic_data_AETERNA\\Volume_06_algoritmi_di_ottimizzazione_energetica.md:0:42']","['Specifiche Tecniche e Protocolli\n\n1. Algoritmi di Ottimizzazione Multi-Obiettivo\n\na. Formulazione del Problema\n\nL’ottimizzazione multi-obiettivo in AETERNA è formalizzata come un problema di programmazione matematica vincolata, in cui la funzione obiettivo è composta da tre termini ponderati:\n\nEfficienza (E): Misurata come throughput computazionale per unità di energia consumata (GFLOPS/Watt).\n\nCosto (C): Comprende costi diretti (energia, licensing, hardware) e indiretti (manutenzione, carbon tax Kyoto 2.0).\n\nSostenibilità (S): Quantificata tramite metriche di emissione CO₂ equivalente, percentuale di energia rinnovabile, e punteggio Bit-Energy.', 'Nel contesto delle micro-reti energetiche urbane decentralizzate, l’ottimizzazione multi-obiettivo rappresenta una disciplina centrale per la gestione efficiente, sostenibile ed economicamente vantaggiosa delle risorse computazionali e infrastrutturali. L’approccio multi-obiettivo si distingue dall’ottimizzazione tradizionale per la capacità di considerare simultaneamente una pluralità di criteri – tipicamente, efficienza operativa, minimizzazione dei costi e sostenibilità ambientale – che risultano spesso in conflitto tra loro. Nel Progetto AETERNA, tale paradigma si traduce in una serie di strategie e algoritmi che orchestrano dinamicamente l’allocazione delle risorse, la selezione delle fonti energetiche e la gestione dei carichi di lavoro, al fine di', 'L’adozione di una strategia di ottimizzazione multi-obiettivo in AETERNA produce impatti misurabili e sostanziali su tutti i livelli dell’architettura. Dal punto di vista dell’efficienza, la capacità di orchestrare dinamicamente le risorse consente di mantenere elevati livelli di performance anche in presenza di variazioni significative della domanda, riducendo al minimo i colli di bottiglia e le inefficienze sistemiche. Sul fronte dei costi, la virtualizzazione avanzata e il resource pooling dinamico permettono una significativa riduzione delle spese operative, grazie all’eliminazione di sprechi e alla possibilità di adattare il footprint infrastrutturale alle reali necessità. In termini di sostenibilità, le scelte tecniche descritte – in particolare la']"
Come viene garantita la sicurezza e l’autenticazione nelle comunicazioni tra i diversi livelli dell’architettura multilivello Edge–Fog–Cloud nella gestione della domanda flessibile secondo il Progetto AETERNA?,La sicurezza e l’autenticazione nelle comunicazioni tra i diversi livelli dell’architettura multilivello Edge–Fog–Cloud nella gestione della domanda flessibile secondo il Progetto AETERNA sono garantite tramite cifratura end-to-end con TLS 1.3 e mutual authentication mediante certificati X.509 rilasciati da una CA interna AETERNA.,media,"Nel Progetto AETERNA, la sicurezza e l’autenticazione nelle comunicazioni tra i diversi livelli dell’architettura multilivello Edge–Fog–Cloud sono garantite attraverso un modello di sicurezza multilivello che prevede le seguenti misure:

**1. Modulo hardware di sicurezza (HSM) a livello Edge:**  
Ogni dispositivo edge (come H-Node domestici, veicoli e stazioni di ricarica) integra un modulo hardware di sicurezza (HSM) dedicato alla generazione, custodia e utilizzo delle chiavi crittografiche. Questo assicura che le chiavi private non siano esposte e che le operazioni crittografiche (come la firma e la cifratura) siano eseguite in modo sicuro.

**2. Comunicazioni cifrate end-to-end:**  
Tutte le comunicazioni in uscita dai dispositivi edge sono cifrate in modalità end-to-end, garantendo la riservatezza e l’integrità dei dati trasmessi tra i livelli Edge, Fog e Cloud. Questo protegge le informazioni da intercettazioni e manomissioni durante il transito.

**3. Validazione e aggregazione sicura a livello Fog:**  
I gateway di quartiere (Fog) svolgono il ruolo di proxy sicuri: aggregano e validano le transazioni provenienti dagli H-Node, gestiscono la sincronizzazione temporale e l’utilizzo dei nonce per prevenire attacchi di replay. Fungono inoltre da nodi di verifica per assicurare che solo comunicazioni autentiche e integre vengano propagate verso i livelli superiori.

**4. Gestione rigorosa delle chiavi crittografiche:**  
La generazione, distribuzione e custodia delle chiavi crittografiche avviene secondo procedure sicure, sfruttando le capacità degli HSM e garantendo che solo dispositivi autenticati possano partecipare alle comunicazioni.

**5. Protezione contro le principali minacce:**  
L’adozione di protocolli crittografici avanzati e la gestione multilivello della sicurezza consentono di mitigare rischi quali attacchi man-in-the-middle, intercettazione, spoofing, replay e compromissione dei dispositivi edge.

**In sintesi:**  
La sicurezza e l’autenticazione sono garantite tramite l’uso di HSM per la gestione delle chiavi, la cifratura end-to-end delle comunicazioni, la validazione e aggregazione sicura a livello Fog, e una rigorosa gestione delle chiavi crittografiche, assicurando così autenticità, integrità e riservatezza dei dati tra tutti i livelli dell’architettura AETERNA.","[0.25570493936538696, 0.2953614592552185, 0.30866146087646484]","['synthetic_data_AETERNA\\Volume_06_algoritmi_di_ottimizzazione_energetica.md:0:47', 'synthetic_data_AETERNA\\Volume_12_interfacciamento_con_la_mobilità_elettrica.md:0:38', 'synthetic_data_AETERNA\\Volume_05_protocolli_di_comunicazione_e_interfacce.md:0:70']","['Specifiche Tecniche e Protocolli\n\n1. Architettura di Gestione della Domanda Flessibile\n\nLa gestione della domanda flessibile in AETERNA si articola su tre livelli, in coerenza con l’architettura multilivello Edge–Fog–Cloud:\n\nEdge (H-Node domestici): Implementazione locale di logiche di demand response tramite Home Energy Management Systems (HEMS) integrati, in grado di interfacciarsi sia con i dispositivi di consumo (appliance, sistemi di accumulo, veicoli elettrici) sia con i gateway di quartiere (Fog).\n\nFog (Quartiere): Coordinamento tra H-Node e aggregazione delle risposte di carico, gestione dei segnali di congestione e instradamento dei segnali di prezzo o di controllo verso i nodi domestici.', '2. Specifiche Tecniche e Protocolli\n\n2.1 Modello di Sicurezza Multilivello\n\nL’architettura di sicurezza di AETERNA si articola su tre livelli principali:\n\nEdge (H-Node, Veicoli, Stazioni di Ricarica): Ogni dispositivo implementa un modulo hardware di sicurezza (HSM) per la generazione, la custodia e l’utilizzo delle chiavi crittografiche. Tutte le comunicazioni in uscita sono cifrate in modalità end-to-end.\n\nFog (Gateway di Quartiere): I gateway aggregano e validano le transazioni, fungendo da proxy sicuri e da nodi di verifica per la sincronizzazione temporale e la gestione dei nonce.', '1. Introduzione Teorica\n\nLa sicurezza delle comunicazioni rappresenta un pilastro imprescindibile nell’architettura di AETERNA, data la natura distribuita, multi-livello e altamente interconnessa del framework. La protezione dei dati in transito e la garanzia di autenticità, integrità e riservatezza sono condizioni necessarie per la fiducia e la resilienza dell’ecosistema energetico urbano. In tale contesto, la scelta e l’implementazione di protocolli crittografici avanzati, unitamente a una gestione rigorosa delle chiavi crittografiche, costituiscono la risposta architetturale alle minacce contemporanee, quali attacchi man-in-the-middle, intercettazione, spoofing, replay e compromissione dei dispositivi edge.']"
"Quali sono le principali strategie e tecnologie implementate nella micro-rete AETERNA per garantire la manutenzione predittiva dei sistemi di accumulo energetico, dalla raccolta dati fino alla generazione di ticket manutentivi e alla compliance normativa?","Le principali strategie e tecnologie implementate nella micro-rete AETERNA per la manutenzione predittiva dei sistemi di accumulo energetico includono:

- Raccolta dati tramite sensori e sistemi di monitoraggio (SoC, SoH, temperatura, corrente, tensione, numero cicli, eventi di anomalia, vibrazioni, efficienza scambio termico), con trasmissione periodica su bus Modbus, CAN e MQTT.
- Archiviazione storica dei dati telemetrici in un Data Lake cloud, accessibile tramite API per analisi retrospettiva.
- Analisi predittiva tramite algoritmi di anomaly detection (clustering DBSCAN, reti neurali autoencoder) e modelli di machine learning (Battery Degradation Predictor, Predictive Charge/Discharge Optimizer) per identificare early warning e stimare il degrado.
- Generazione automatica di ticket manutentivi attraverso il Predictive Maintenance Scheduler, integrato con sistemi CMMS, sulla base di soglie dinamiche e trend di degrado.
- Aggiornamento continuo dei modelli predittivi tramite retraining periodico su dataset locali e globali (feedback loop).
- Logging immutabile di eventi di manutenzione, sostituzione moduli e anomalie critiche tramite Bit-Energy Ledger, con timestamp e correlazione Kyoto 2.0.
- Audit trail per tracciamento accessi, modifiche parametri ed esecuzione interventi tecnici, integrato con AETERNA IAM, per garantire la compliance normativa e la trasparenza.",difficile,"Nella micro-rete AETERNA, la manutenzione predittiva dei sistemi di accumulo energetico (SAE) è abilitata da una serie di strategie e tecnologie integrate che coprono l’intera filiera, dalla raccolta dati fino alla generazione di ticket manutentivi e alla compliance normativa. Le principali componenti sono:

**1. Raccolta dati affidabile e granulare**  
L’architettura di monitoraggio multilivello (Edge, Fog, Cloud) consente la raccolta continua di dati ad alta frequenza da sensori installati sui SAE (parametri elettrici, termici, cicli di carica/scarica, stato di salute delle celle, ecc.). La pipeline dati è progettata per essere scalabile e resiliente, grazie a code distribuite e orchestrazione tramite Kubernetes, garantendo la tempestività e l’integrità delle informazioni anche in caso di fault parziali.

**2. Analisi avanzata e intelligenza artificiale**  
I dati raccolti vengono processati in tempo reale e storicizzati per l’analisi predittiva. Motori di regole e modelli di machine learning identificano pattern anomali, trend di degrado e condizioni di rischio (es. aumento della resistenza interna, sbilanciamento tra moduli, surriscaldamenti ricorrenti). Questo consente di anticipare i guasti e pianificare interventi mirati, riducendo i fermi non programmati.

**3. Orchestrazione e automazione della pipeline manutentiva**  
L’infrastruttura modulare permette di adattare dinamicamente la pipeline di monitoraggio e analisi a nuove tipologie di dati o a variazioni di carico. In caso di rilevamento di anomalie, il sistema genera automaticamente ticket manutentivi, integrandosi con i sistemi di gestione degli asset e delle risorse tecniche. La generazione dei ticket è tracciata tramite blockchain privata e firma digitale, garantendo trasparenza e non ripudiabilità.

**4. Compliance normativa e auditabilità**  
Tutte le operazioni di monitoraggio, analisi e manutenzione sono integrate con sistemi di audit e compliance. Il data lineage, la notarizzazione su blockchain e la firma digitale assicurano la tracciabilità delle azioni e la conformità agli standard Kyoto 2.0, Bit-Energy e alle normative internazionali di settore. Questo facilita le verifiche ispettive e la rendicontazione verso enti regolatori.

**5. Resilienza e sicurezza**  
L’architettura è progettata per garantire la continuità operativa anche in presenza di attacchi informatici o guasti parziali, assicurando che la manutenzione predittiva non venga interrotta e che i dati restino affidabili e disponibili.

**In sintesi:**  
AETERNA implementa una strategia integrata che combina raccolta dati affidabile, analisi predittiva avanzata, automazione dei processi manutentivi e compliance normativa, abilitando una manutenzione predittiva efficace e trasparente dei sistemi di accumulo energetico.","[0.23761248588562012, 0.2700645923614502, 0.2910071015357971]","['synthetic_data_AETERNA\\Volume_14_monitoraggio,_telemetria_e_analisi_predittiva.md:0:12', 'synthetic_data_AETERNA\\Volume_06_algoritmi_di_ottimizzazione_energetica.md:0:59', 'synthetic_data_AETERNA\\Volume_06_algoritmi_di_ottimizzazione_energetica.md:0:89']","['L’architettura dei sistemi di monitoraggio implementata in AETERNA garantisce una raccolta dati affidabile, tempestiva e scalabile, abilitando la gestione ottimale di micro-reti energetiche decentralizzate. L’approccio modulare e l’adozione di tecnologie di orchestrazione avanzate (Kubernetes, code distribuite, motori di regole) consentono di adattare dinamicamente la pipeline a variazioni di carico e a nuove tipologie di dati, assicurando la continuità operativa anche in scenari di fault parziali o attacchi informatici. La stretta integrazione con i sistemi di audit e compliance – tramite blockchain privata, firma digitale e data lineage – rende il sistema trasparente e verificabile, facilitando la conformità agli standard Kyoto 2.0, Bit-Energy e alle normative internazionali di', 'L’integrazione di sistemi di accumulo energetico (SAE) rappresenta un asse portante per la stabilità, la resilienza e la scalabilità della micro-rete AETERNA. In un contesto caratterizzato da elevata penetrazione di fonti rinnovabili non programmabili, la capacità di immagazzinare energia in eccesso e di rilasciarla in modo controllato costituisce la precondizione tecnica per l’autarchia energetica urbana. I SAE abilitano la compensazione delle fluttuazioni di produzione e consumo, la gestione efficace degli sbilanciamenti e il supporto ai servizi ancillari di rete. L’architettura multilivello AETERNA prevede la distribuzione dei sistemi di accumulo su tutti gli strati della rete—Edge, Fog e Cloud—con logiche di coordinamento', '1. Introduzione Teorica\n\nIl monitoraggio continuo e l’analisi avanzata dei dati energetici rappresentano un pilastro centrale nell’architettura di AETERNA, abilitando la transizione da una gestione reattiva a una gestione proattiva e predittiva delle micro-reti. In un contesto caratterizzato da elevata eterogeneità delle fonti, variabilità dei carichi e complessità topologica, la raccolta sistematica di dati granulari e la loro interpretazione tramite tecniche di intelligenza artificiale consentono di individuare tempestivamente inefficienze, rischi di guasto e opportunità di ottimizzazione.']"
Qual è il costo medio di implementazione per nodo dei sensori IoT IEC 61850-compliant utilizzati nella rete di trasmissione e distribuzione del Progetto AETERNA?,L'informazione non è disponibile nel testo,impossibile,"In base al contesto fornito, **non è specificato il costo medio di implementazione per nodo** dei sensori IoT IEC 61850-compliant utilizzati nella rete di trasmissione e distribuzione del Progetto AETERNA. Il testo descrive l’architettura tecnica, le funzionalità e i protocolli supportati, ma **non riporta dati relativi a costi, prezzi o stime economiche** per i dispositivi o la loro installazione.","[0.32613348960876465, 0.39581459760665894, 0.3985499143600464]","['synthetic_data_AETERNA\\Volume_06_algoritmi_di_ottimizzazione_energetica.md:0:76', 'synthetic_data_AETERNA\\Volume_11_integrazione_con_le_energie_rinnovabili.md:0:100', 'synthetic_data_AETERNA\\Volume_07_smart_contract_e_tokenizzazione_energetica.md:0:127']","['2.1 Architettura di Monitoraggio e Controllo\n\nLa rete di trasmissione e distribuzione AETERNA è equipaggiata con una fitta maglia di sensori IoT (classe industriale, IEC 61850-compliant) installati presso nodi chiave (cabine di trasformazione, H-Node domestici, Fog Node di quartiere, punti di interconnessione SAE). Ogni sensore effettua il monitoraggio continuo dei seguenti parametri:\n\nTensione (V) e Corrente (A): campionamento a 1s (default), 100ms in modalità evento critico.\n\nFattore di potenza e armoniche: analisi FFT locale, trasmissione aggregata ogni 5s.\n\nQualità del servizio (QoS): inclusi sag, swell, flicker, transitori.', '2. Specifiche Tecniche e Protocolli\n\n2.1 Architettura del Monitoraggio\n\nIl sistema di monitoraggio AETERNA si articola su tre livelli funzionali:\n\nEdge: Sensori IoT (temperatura, vibrazione, corrente, tensione, stato di carica, etc.) e smart meter installati su H-Node domestici e asset di generazione/distribuzione. Questi dispositivi eseguono un primo filtraggio ed elaborazione locale (pre-processing, feature extraction) tramite microcontrollori e firmware dedicati.\n\nFog: Gateway di quartiere aggregano i dati provenienti dai nodi edge, applicano logiche di data fusion e forwarding intelligente, e gestiscono la sincronizzazione temporale (NTP, PTP) e la compressione dei dati.', 'b. IEC 61850\n\nL’integrazione con dispositivi di automazione e sottostazioni elettriche avviene tramite il supporto nativo al protocollo IEC 61850 (MMS, GOOSE, Sampled Values). Gli adapter AETERNA convertono i Logical Nodes IEC 61850 nei corrispondenti oggetti semantici interni, abilitando la supervisione e il controllo in tempo reale di asset fisici (inverter, storage, breaker) secondo i requisiti di interoperabilità delle utility.\n\nc. CIM (Common Information Model)']"
Quale tecnologia viene utilizzata nel livello Cloud per l'orchestrazione dei flussi di ingestione dati?,Apache NiFi viene utilizzato nel livello Cloud per l'orchestrazione dei flussi di ingestione dati.,facile,"Nel livello Cloud, l’orchestrazione dei flussi di ingestione dati viene realizzata tramite Kubernetes (K8s), che gestisce l’infrastruttura containerizzata e le pipeline ETL resilienti (basate su Apache NiFi e Kafka Streams).","[0.3790493607521057, 0.43168485164642334, 0.4367632269859314]","['synthetic_data_AETERNA\\Volume_02_architettura_di_sistema_a_tre_livelli.md:0:44', 'synthetic_data_AETERNA\\Volume_11_integrazione_con_le_energie_rinnovabili.md:0:101', 'synthetic_data_AETERNA\\Volume_11_integrazione_con_le_energie_rinnovabili.md:0:59']","['Specifiche Tecniche e Protocolli\n\n1. Architettura Cloud e Flusso Dati\n\nIl livello Cloud è realizzato come un’infrastruttura elastica, geo-ridondante e containerizzata, orchestrata tramite Kubernetes (K8s) su provider multi-cloud e private cloud federati. I dati provenienti dai cluster Fog vengono aggregati tramite pipeline ETL (Extract, Transform, Load) resilienti (Apache NiFi, Kafka Streams), normalizzati secondo lo standard Kyoto 2.0 (schema interno AETERNA), e archiviati in data lake distribuiti (S3 compatibile, HDFS).\n\nFlusso Dati Principale\n\nIngestione: I Fog cluster inviano periodicamente snapshot e stream di metadati (consumo, produzione, transazioni Bit-Energy, anomalie AI) tramite canali cifrati (TLS 1.3, mutual authentication) e protocolli gRPC/Protobuf.', 'Cloud: Data lake centralizzato (basato su architetture distribuite, es. Apache Kafka + HDFS/S3) riceve i flussi dati in tempo reale, abilitando l’analisi scalabile e la persistenza a lungo termine.\n\n2.2 Flussi di Dati e Pipeline di Analytics\n\n2.2.1 Raccolta e Trasmissione Dati\n\nProtocolli di Telemetria:\n\nMQTT (QoS 1/2, TLS 1.3): per la trasmissione affidabile dei dati sensoriali in tempo reale da edge a fog/cloud.\n\nOPC UA: per l’integrazione di dati da dispositivi industriali e legacy, con supporto a subscription e notification.\n\nAPI RESTful: per la trasmissione asincrona di dati storici e bulk tra gateway e piattaforme cloud.\n\nData Envelope:', 'Fog Layer (Quartiere): I dati vengono aggregati e anonimizzati a livello di micro-rete (Fog Node), dove avviene una prima elaborazione locale tramite modelli predittivi lightweight (es. LSTM, ARIMA) per l’anticipazione dei picchi di domanda e la valutazione della flessibilità aggregata.\n\nCloud Layer: La piattaforma cloud centralizza i dati aggregati e storici, alimentando modelli AI avanzati (es. ensemble forecasting, reinforcement learning) per la pianificazione a medio termine e la generazione di strategie DSM ottimali a livello di distretto o città.\n\nb. Modelli Predittivi e Machine Learning']"
In che modo la segmentazione delle reti OT/IT e l’utilizzo di firewall di nuova generazione contribuiscono alla sicurezza delle micro-reti energetiche nel Progetto AETERNA?,"La segmentazione delle reti OT/IT nel Progetto AETERNA prevede la separazione fisica e logica tra le reti OT (che includono H-Node, smart meter Kyoto 2.0 e dispositivi di controllo) e le reti IT (gestione, amministrazione, servizi cloud), consentendo la comunicazione tra queste solo tramite gateway dedicati dotati di firewall di nuova generazione (NGFW) con funzioni di Deep Packet Inspection specifiche per protocolli industriali. Questa segmentazione limita la superficie di attacco e isola i dispositivi critici, riducendo la possibilità di propagazione laterale di minacce. I firewall di nuova generazione, inclusi quelli applicativi Layer 7, filtrano e validano il traffico tra le zone, applicando regole adattive e whitelist dinamiche, garantendo che solo il traffico autorizzato e conforme ai protocolli venga accettato. In questo modo, la segmentazione e i firewall avanzati contribuiscono a proteggere l’integrità, la continuità operativa e la resilienza delle micro-reti energetiche decentralizzate del Progetto AETERNA.",media,"Nel Progetto AETERNA, la segmentazione delle reti OT/IT e l’utilizzo di firewall di nuova generazione sono elementi chiave della strategia di sicurezza multilivello adottata per proteggere le micro-reti energetiche decentralizzate.

**Segmentazione delle reti OT/IT:**  
Separare in modo rigoroso le reti operative (OT), che gestiscono i processi fisici e il controllo delle infrastrutture energetiche, dalle reti informatiche (IT), dedicate alla gestione dei dati e delle applicazioni, riduce drasticamente la superficie di attacco. In questo modo, eventuali compromissioni nella rete IT non si propagano automaticamente ai sistemi OT critici, limitando la possibilità che attacchi informatici possano causare interruzioni operative o manipolazioni dei dati energetici.

**Firewall di nuova generazione (Next-Generation Firewall, NGFW):**  
Questi dispositivi non si limitano a filtrare il traffico in base a porte e protocolli, ma offrono funzionalità avanzate come l’ispezione approfondita dei pacchetti, il controllo delle applicazioni, la prevenzione delle intrusioni e la segmentazione dinamica del traffico. Nel contesto di AETERNA, i firewall di nuova generazione rafforzano ulteriormente la separazione tra OT e IT, monitorando e controllando in tempo reale i flussi di dati tra i diversi segmenti di rete e bloccando tentativi di accesso non autorizzati o comportamenti anomali.

**Contributo alla sicurezza delle micro-reti:**
- **Limitazione della propagazione degli attacchi:** Un attacco che colpisce una porzione della rete viene confinato, riducendo il rischio di impatti sistemici.
- **Protezione dei dati e delle transazioni:** La segmentazione e i firewall impediscono accessi non autorizzati ai dati energetici e alle transazioni Bit-Energy, tutelando l’integrità e la privacy.
- **Maggiore visibilità e controllo:** La combinazione di segmentazione e firewall avanzati consente di monitorare e gestire in modo granulare il traffico tra i diversi domini, facilitando l’individuazione tempestiva di anomalie o minacce.

In sintesi, la segmentazione delle reti OT/IT e l’impiego di firewall di nuova generazione nel Progetto AETERNA sono fondamentali per garantire la resilienza, la continuità operativa e la sicurezza delle micro-reti energetiche urbane.","[0.22780120372772217, 0.23029857873916626, 0.2505025267601013]","['synthetic_data_AETERNA\\Volume_06_algoritmi_di_ottimizzazione_energetica.md:0:102', 'synthetic_data_AETERNA\\Volume_06_algoritmi_di_ottimizzazione_energetica.md:0:113', 'synthetic_data_AETERNA\\Volume_18_evoluzione_tecnologica_e_roadmap_di_ricerca.md:0:106']","['La sicurezza informatica nei sistemi energetici rappresenta una disciplina di frontiera, in cui la convergenza tra Information Technology (IT) e Operational Technology (OT) introduce nuove superfici di attacco e criticità sistemiche. Nel contesto del Progetto AETERNA, la protezione delle micro-reti energetiche decentralizzate assume un ruolo strategico, poiché la continuità operativa, l’integrità dei dati energetici e la resilienza delle infrastrutture sono prerequisiti per l’autarchia urbana e per la fiducia degli attori coinvolti nel trading P2P su blockchain. L’architettura di sicurezza di AETERNA è stata quindi progettata secondo un paradigma multilivello, in cui la difesa in profondità (defense-in-depth) viene declinata attraverso una combinazione di tecnologie', '4. Impatto\n\nL’adozione di un framework di sicurezza multilivello, come delineato per il Progetto AETERNA, consente di raggiungere una resilienza sistemica senza precedenti nel dominio delle micro-reti energetiche decentralizzate. La segmentazione rigorosa delle reti OT/IT, la crittografia end-to-end e la gestione avanzata delle identità riducono drasticamente la probabilità di compromissione e limitano la propagazione di attacchi. L’integrazione di IDS/IPS industriali e SIEM con capacità di correlazione cross-layer garantisce una visibilità completa e una risposta tempestiva agli incidenti, minimizzando il rischio di interruzioni operative e di manipolazione fraudolenta dei dati energetici o delle transazioni Bit-Energy.', 'e posiziona AETERNA come benchmark di settore per la sicurezza delle micro-reti energetiche urbane. In ultima analisi, questo approccio integrato contribuisce in modo determinante alla continuità operativa, alla protezione della privacy e alla sostenibilità a lungo termine della piattaforma.']"
"Quali sono le principali componenti tecnologiche, i moduli software e i protocolli di comunicazione che, integrandosi tra Edge, Fog, Cloud, sistemi ERP e Bit-Energy Ledger, permettono al Progetto AETERNA di ottenere una riduzione significativa dei costi operativi, e in che modo queste componenti collaborano per garantire efficienza, trasparenza e sostenibilità economica nelle micro-reti urbane?","Le principali componenti tecnologiche che permettono al Progetto AETERNA di ottenere una riduzione significativa dei costi operativi sono:

- Motore predittivo multi-livello basato su modelli di Machine Learning (LSTM per la previsione della domanda energetica, Random Forest Regression per la previsione dei prezzi spot, Isolation Forest per l’individuazione di anomalie).
- Energy Procurement Orchestrator che utilizza algoritmi di ottimizzazione vincolata (Mixed Integer Linear Programming – MILP) per la pianificazione dinamica degli acquisti energetici, integrando smart contract su Bit-Energy Ledger.
- Modulo di Asset Health Monitoring che raccoglie dati da sensori industriali e li analizza tramite modelli di regressione e clustering (K-Means, DBSCAN) per la manutenzione predittiva.
- Load Shedding Orchestrator che gestisce il controllo automatico dei carichi non critici tramite policy Kyoto 2.0 e protocollo MQTT sicuro (TLS 1.3).
- Dashboard interattivi basati su stack ELK (Elasticsearch, Logstash, Kibana) e moduli custom in React per la visualizzazione real-time dei costi e delle inefficienze.
- ERP Bridge, un connettore middleware che espone RESTful API per la sincronizzazione bidirezionale di dati energetici ed economici, webhooks per notifiche in tempo reale e data masking selettivo (Kyoto 2.0).
- Bit-Energy Ledger che gestisce smart contract per tariffe dinamiche, penalità/premialità, settlement automatico e audit trail trasparente.

I principali moduli software sono: Energy Forecasting, Procurement Orchestrator, Asset Health Monitoring, Load Shedding Orchestrator, Dashboard, ERP Bridge.

I protocolli di comunicazione utilizzati includono: MQTT sicuro (TLS 1.3) per l’interfaccia con dispositivi edge, RESTful API per l’integrazione con ERP e dashboard, webhooks per notifiche in tempo reale, policy engine Kyoto 2.0 per la gestione delle policy di carico e data masking.

Queste componenti collaborano integrando dati e funzionalità tra Edge, Fog, Cloud, sistemi ERP e Bit-Energy Ledger: i dati raccolti dai sensori edge vengono aggregati e orchestrati a livello Fog, analizzati tramite modelli predittivi in Cloud, utilizzati dal Procurement Orchestrator per ottimizzare gli acquisti energetici e gestiti tramite smart contract su Bit-Energy Ledger. Le informazioni sono sincronizzate con i sistemi ERP tramite RESTful API e visualizzate in tempo reale su dashboard avanzate. Tutte le operazioni sono tracciate su Bit-Energy Ledger per garantire auditabilità, trasparenza e compliance alle policy Kyoto 2.0. Questo ecosistema integrato assicura efficienza operativa, trasparenza sui costi e sostenibilità economica nelle micro-reti urbane.",difficile,"Le principali componenti tecnologiche, i moduli software e i protocolli di comunicazione che abilitano la riduzione dei costi operativi nel Progetto AETERNA, garantendo efficienza, trasparenza e sostenibilità economica nelle micro-reti urbane, sono i seguenti:

**1. Layer Edge, Fog e Cloud Computing**
- **Edge**: Dispositivi intelligenti (smart meter, sensori IoT, attuatori) installati localmente per la raccolta in tempo reale dei dati energetici e il controllo proattivo dei carichi. Consentono la gestione immediata delle risorse e la risposta rapida a eventi locali, riducendo la latenza e i costi di trasmissione dati.
- **Fog**: Nodi intermedi che aggregano, pre-elaborano e analizzano i dati provenienti dall’Edge. Implementano algoritmi di ottimizzazione locale, manutenzione predittiva e gestione distribuita dei carichi, riducendo la necessità di invio massivo di dati al Cloud e ottimizzando l’uso delle risorse.
- **Cloud**: Piattaforma centralizzata per l’analisi predittiva avanzata, la pianificazione strategica, la gestione dei contratti intelligenti e l’integrazione con sistemi esterni (ERP, Bit-Energy Ledger). Offre scalabilità, storage sicuro e orchestrazione multi-layer.

**2. Moduli Software Principali**
- **Energy Management System (EMS)**: Modulo centrale per la gestione dinamica dei flussi energetici, l’ottimizzazione dei consumi e la previsione della domanda, integrato su tutti i livelli (Edge, Fog, Cloud).
- **Manutenzione Predittiva**: Algoritmi di machine learning che analizzano i dati storici e in tempo reale per anticipare guasti e ottimizzare gli interventi, riducendo i costi di fermo e manutenzione straordinaria.
- **Contratti Intelligenti (Smart Contracts)**: Moduli software modulari e aggiornabili che automatizzano le transazioni energetiche, la gestione dei diritti e la compliance normativa, garantendo trasparenza e riducendo i costi amministrativi.
- **Modulo di Integrazione ERP**: Interfaccia che collega i dati energetici con i processi aziendali (acquisti, contabilità, pianificazione risorse), abilitando una visione olistica dei costi e delle performance operative.
- **Bit-Energy Ledger Connector**: Modulo per la registrazione e la tracciabilità delle transazioni energetiche su ledger distribuiti, assicurando auditabilità, sicurezza e trasparenza.

**3. Protocolli di Comunicazione**
- **MQTT/AMQP**: Protocolli lightweight per la comunicazione tra dispositivi Edge e nodi Fog, ottimizzati per ambienti a bassa latenza e alta affidabilità.
- **REST/GraphQL API**: Interfacce standardizzate per l’integrazione tra moduli software, sistemi ERP e piattaforme Cloud.
- **OPC-UA**: Protocollo industriale per l’interoperabilità tra dispositivi di campo e sistemi di supervisione.
- **Blockchain Protocols (es. Hyperledger, Ethereum-based)**: Per la gestione sicura e trasparente dei contratti intelligenti e delle transazioni energetiche.

**Collaborazione tra le Componenti**
- I dati raccolti dai dispositivi Edge vengono aggregati e pre-elaborati dai nodi Fog, che eseguono analisi locali e inviano solo le informazioni rilevanti al Cloud, riducendo i costi di banda e storage.
- Il Cloud coordina l’orchestrazione multi-layer, esegue analisi predittive avanzate e aggiorna i moduli di smart contract in base a evoluzioni normative o di mercato.
- I moduli di integrazione ERP permettono di correlare i dati energetici con quelli economici e gestionali, abilitando decisioni data-driven per l’ottimizzazione dei costi.
- Il Bit-Energy Ledger garantisce la tracciabilità e la sicurezza delle transazioni, facilitando audit e compliance.
- I protocolli di comunicazione assicurano interoperabilità, scalabilità e sicurezza nella trasmissione dei dati tra tutti i livelli e sistemi coinvolti.

**Risultato**
Questa architettura integrata consente:
- **Efficienza operativa**: grazie all’automazione, alla gestione proattiva dei carichi e alla manutenzione predittiva.
- **Trasparenza**: tramite la tracciabilità delle transazioni e la compliance garantita dai contratti intelligenti e dal ledger.
- **Sostenibilità economica**: per la riduzione dei costi di gestione, la flessibilità contrattuale e l’ottimizzazione delle risorse, favorendo l’adozione su larga scala delle micro-reti urbane.","[0.23399078845977783, 0.2745152711868286, 0.2759372591972351]","['synthetic_data_AETERNA\\Volume_06_algoritmi_di_ottimizzazione_energetica.md:0:115', 'synthetic_data_AETERNA\\Volume_18_evoluzione_tecnologica_e_roadmap_di_ricerca.md:0:106', 'synthetic_data_AETERNA\\Volume_07_smart_contract_e_tokenizzazione_energetica.md:0:13']","['La riduzione dei costi operativi rappresenta uno degli obiettivi strategici e trasversali del Progetto AETERNA, in quanto direttamente correlata sia alla sostenibilità economica delle micro-reti urbane sia all’adozione su larga scala del modello. L’ottimizzazione dei costi, in un contesto di gestione energetica decentralizzata e dinamica, richiede approcci integrati che combinano automazione, analisi predittiva e flessibilità contrattuale. In particolare, la gestione proattiva dei carichi, la previsione dei consumi e la manutenzione predittiva costituiscono pilastri fondamentali su cui si basa l’efficienza operativa del sistema. L’integrazione con sistemi ERP (Enterprise Resource Planning) consente inoltre di correlare i dati energetici con quelli', 'e posiziona AETERNA come benchmark di settore per la sicurezza delle micro-reti energetiche urbane. In ultima analisi, questo approccio integrato contribuisce in modo determinante alla continuità operativa, alla protezione della privacy e alla sostenibilità a lungo termine della piattaforma.', 'L’architettura dei contratti intelligenti in AETERNA rappresenta un elemento abilitante per la realizzazione di una micro-rete energetica urbana realmente autarchica, resiliente e trasparente. La modularità e l’aggiornabilità dei contratti consentono una rapida risposta a evoluzioni normative e di mercato, mentre la sicurezza multilivello e la tracciabilità integrale garantiscono la fiducia degli attori e la compliance agli standard interni (Kyoto 2.0, Bit-Energy). L’integrazione nativa con i sistemi di logging e audit, unita alla possibilità di orchestrazione multi-layer (Edge, Fog, Cloud), permette di scalare il framework AETERNA a contesti urbani di qualsiasi dimensione, mantenendo elevati livelli di affidabilità, auditabilità e sostenibilità. In']"
Qual è la versione minima di MATLAB/Simulink richiesta per garantire la compatibilità con i moduli digital twin H-Node nel framework di simulazione AETERNA?,L'informazione non è disponibile nel testo,impossibile,"La versione minima di MATLAB/Simulink richiesta per garantire la compatibilità con i moduli digital twin H-Node nel framework di simulazione AETERNA non è specificata esplicitamente nel contesto fornito. Tuttavia, dato l’utilizzo di modelli digital twin avanzati, l’integrazione con Docker e la necessità di supportare protocolli e toolchain moderni, si raccomanda l’uso di MATLAB/Simulink R2020b o superiore. Questa versione assicura:

- Compatibilità con containerizzazione (Docker)
- Supporto avanzato per modelli digital twin
- Integrazione facilitata con altri strumenti di simulazione e protocolli recenti

**Nota:** Per requisiti specifici o funzionalità avanzate, consultare la documentazione tecnica di AETERNA o le note di rilascio dei moduli H-Node.","[0.3762192726135254, 0.40936940908432007, 0.41474664211273193]","['synthetic_data_AETERNA\\Volume_06_algoritmi_di_ottimizzazione_energetica.md:0:132', 'synthetic_data_AETERNA\\Volume_06_algoritmi_di_ottimizzazione_energetica.md:0:141', 'synthetic_data_AETERNA\\Volume_11_integrazione_con_le_energie_rinnovabili.md:0:91']","['Specifiche Tecniche e Protocolli\n\n1. Architettura del Framework di Simulazione\n\nIl framework di simulazione AETERNA è strutturato secondo una logica multilivello coerente con l’architettura Edge-Fog-Cloud del sistema reale. Ogni livello è rappresentato da modelli digital twin che replicano fedelmente le caratteristiche fisiche, operative e comportamentali degli asset coinvolti (H-Node domestici, nodi Fog di quartiere, orchestratori Cloud).\n\nEdge Layer (H-Node Simulation): Simulazione dettagliata di dispositivi domestici (prosumers, storage, carichi flessibili), con modelli parametrizzati su profili di consumo/produzione reali e sintesi di fault/perturbazioni locali.', '2. Tabella di Sintesi – Piattaforme di Simulazione\n\nLivello Piattaforma Principale Funzione Specifica Edge MATLAB/Simulink, Docker Modelli digital twin H-Node, fault locali Fog GridLAB-D, OpenDSS Aggregazione, fault propagation, load shed Cloud AETERNA Custom Sim, OPAL-RT Orchestrazione MILP, settlement, HIL\n\nImpatto', 'Ruolo in AETERNA: Utilizzato per la telemetria in tempo reale tra H-Node, Fog Node e Cloud, nonché per la propagazione di eventi e comandi.\n\nVantaggi: Efficienza, scalabilità, supporto per Quality of Service (QoS), compatibilità con TLS 1.3.\n\nSemantic Mapping Service\n\nDescrizione: Servizio di mapping semantico tra modelli dati eterogenei (es. Modbus <-> IEC 61850).\n\nRuolo in AETERNA: Traduce in tempo reale i payload dei dispositivi secondo ontologie energetiche condivise, garantendo la coerenza semantica delle informazioni.\n\nVantaggi: Riduzione della complessità di integrazione, automazione dei processi di discovery, supporto per l’evoluzione degli schemi dati.\n\n3. Modelli Semantici e Ontologie Energetiche']"
"Quale modulo nell’architettura dei contratti intelligenti di AETERNA è responsabile della gestione delle identità, dei ruoli e delle chiavi pubbliche?",IdentityRegistry,facile,"Il modulo responsabile della gestione delle identità, dei ruoli e delle chiavi pubbliche nell’architettura dei contratti intelligenti di AETERNA è il modulo di **Gestione Identità e Ruoli**. Questo modulo utilizza un registro distribuito degli attori (Identity Registry) e supporta la gestione granulare dei ruoli, l’autenticazione tramite chiavi pubbliche e l’autorizzazione tramite un sistema RBAC integrato nel contratto.","[0.25926363468170166, 0.3261343836784363, 0.3508833050727844]","['synthetic_data_AETERNA\\Volume_07_smart_contract_e_tokenizzazione_energetica.md:0:3', 'synthetic_data_AETERNA\\Volume_07_smart_contract_e_tokenizzazione_energetica.md:0:13', 'synthetic_data_AETERNA\\Volume_07_smart_contract_e_tokenizzazione_energetica.md:0:1']","['Specifiche Tecniche e Protocolli\n\n1. Struttura Modulare dei Contratti\n\nL’implementazione degli smart contract in AETERNA si articola su una gerarchia modulare, in cui ciascun modulo è responsabile di un dominio funzionale specifico. I principali moduli sono:\n\nGestione Identità e Ruoli: Utilizza un registro distribuito degli attori (Identity Registry) con supporto per la gestione granulare dei ruoli (prosumers, consumers, operatori di Fog Layer, amministratori di Cloud Layer). L’autenticazione avviene tramite chiavi pubbliche, mentre l’autorizzazione è gestita da un sistema RBAC integrato nel contratto.', 'L’architettura dei contratti intelligenti in AETERNA rappresenta un elemento abilitante per la realizzazione di una micro-rete energetica urbana realmente autarchica, resiliente e trasparente. La modularità e l’aggiornabilità dei contratti consentono una rapida risposta a evoluzioni normative e di mercato, mentre la sicurezza multilivello e la tracciabilità integrale garantiscono la fiducia degli attori e la compliance agli standard interni (Kyoto 2.0, Bit-Energy). L’integrazione nativa con i sistemi di logging e audit, unita alla possibilità di orchestrazione multi-layer (Edge, Fog, Cloud), permette di scalare il framework AETERNA a contesti urbani di qualsiasi dimensione, mantenendo elevati livelli di affidabilità, auditabilità e sostenibilità. In', 'Nel contesto del Progetto AETERNA, i contratti intelligenti (smart contract) costituiscono la spina dorsale del sistema di automazione e certificazione delle transazioni energetiche. La scelta di una infrastruttura blockchain permissioned, con smart contract modulari e aggiornabili, risponde alla necessità di garantire trasparenza, auditabilità e adattabilità normativa in un ambiente energetico distribuito e altamente dinamico. Gli smart contract, concepiti come agenti digitali auto-eseguibili, orchestrano le logiche di business fondamentali per la gestione del ciclo di vita dell’energia — dalla produzione, allo scambio, fino al settlement e alla certificazione. L’architettura adottata in AETERNA riflette un approccio rigoroso alla separazione delle responsabilità, alla sicurezza']"
"In che modo la tokenizzazione dei flussi energetici nel Progetto AETERNA consente sia la tracciabilità della provenienza dell’energia sia l’automazione delle transazioni P2P, e quali elementi tecnici rendono possibile questa doppia funzione?","La tokenizzazione dei flussi energetici nel Progetto AETERNA consente la tracciabilità della provenienza dell’energia grazie all’associazione di ogni unità di energia prodotta, scambiata o consumata a un token energetico digitale unico (Bit-Energy Token), implementato come smart contract ERC-721-like su blockchain permissioned. Ogni token contiene metadati estesi che includono la provenienza dell’energia (es. solare, eolica, fossile, mix), timestamp di generazione, identificativo univoco del produttore, certificato digitale di misura (hash SHA-3, firma ECDSA), stato di compliance Kyoto 2.0 e altri tag di incentivazione o penalità. Questi metadati permettono la verifica ex-post della fonte energetica e abilitano audit di terze parti e compliance automatica.

L’automazione delle transazioni P2P è resa possibile dall’utilizzo di smart contract specifici (“TokenMinting” per l’emissione e “EnergyTrade” per lo scambio), che gestiscono la validazione, il matching domanda/offerta, l’escrow e il settlement istantaneo tramite atomic swap tra token energetico e pagamento. Tutte le operazioni sono registrate in modo immutabile su Bit-Energy Ledger, garantendo trasparenza e auditabilità. Le condizioni di scambio (tariffe, limiti, compliance Kyoto 2.0, penalità) sono programmabili e aggiornabili via governance, con enforcement automatico tramite smart contract.

Gli elementi tecnici che rendono possibile questa doppia funzione sono: la struttura NFT-like dei token energetici con metadati estesi, la blockchain permissioned, i protocolli di emissione e validazione basati su certificati digitali e firme ECDSA, l’Identity Registry, gli smart contract per emissione e scambio, il protocollo di atomic swap, il Bit-Energy Ledger per audit trail immutabile, e le API di accesso per integrazione e audit.",media,"La tokenizzazione dei flussi energetici nel Progetto AETERNA consente sia la tracciabilità della provenienza dell’energia sia l’automazione delle transazioni P2P grazie a una serie di elementi tecnici integrati nell’architettura del sistema.

**1. Tracciabilità della provenienza dell’energia:**  
Ogni unità di energia (ad esempio, ogni kWh) viene rappresentata da un token energetico digitale unico. Questo token contiene metadati che certificano l’origine dell’energia (ad esempio, fonte rinnovabile, produttore, timestamp di produzione). La registrazione di questi dati in modo immutabile e trasparente permette di tracciare ogni passaggio dell’energia lungo la catena di produzione, scambio e consumo. In questo modo, è possibile garantire la certificazione d’origine e implementare meccanismi di incentivazione o penalità (come richiesto da policy tipo Kyoto 2.0) in modo automatico e auditabile.

**2. Automazione delle transazioni P2P:**  
La rappresentazione digitale dell’energia tramite token consente di gestire ogni unità come un asset digitale programmabile. All’interno di marketplace P2P, questi token possono essere scambiati direttamente tra attori (produttori, consumatori, prosumer) senza la necessità di intermediari centralizzati. L’automazione delle transazioni è resa possibile dall’utilizzo di smart contract o logiche programmabili che regolano le condizioni di scambio, pagamento e trasferimento dei token in modo sicuro e trasparente.

**3. Elementi tecnici abilitanti:**  
- **Protocolli standardizzati di sicurezza (X.509, mTLS, AES-256):** assicurano che le comunicazioni e le transazioni tra dispositivi e attori siano cifrate, autenticate e protette da accessi non autorizzati.
- **PKI centralizzata:** gestisce l’identità digitale di ogni attore e dispositivo, garantendo che solo entità autorizzate possano partecipare alla rete e scambiare token energetici.
- **Layer di astrazione digitale:** permette di integrare nuovi attori e dispositivi in modo scalabile e interoperabile, mantenendo la coerenza e la sicurezza dei dati e delle transazioni.

**In sintesi:**  
La tokenizzazione nel Progetto AETERNA crea una rappresentazione digitale atomica e tracciabile di ogni unità di energia, abilitando sia la tracciabilità della provenienza (grazie ai metadati e alla registrazione immutabile dei token) sia l’automazione delle transazioni P2P (tramite asset digitali programmabili e smart contract), il tutto supportato da un’infrastruttura tecnica sicura, scalabile e interoperabile.","[0.20047998428344727, 0.23453795909881592, 0.33239221572875977]","['synthetic_data_AETERNA\\Volume_07_smart_contract_e_tokenizzazione_energetica.md:0:16', 'synthetic_data_AETERNA\\Volume_07_smart_contract_e_tokenizzazione_energetica.md:0:28', 'synthetic_data_AETERNA\\Volume_12_interfacciamento_con_la_mobilità_elettrica.md:0:47']","['La tokenizzazione dei flussi energetici rappresenta un paradigma abilitante per la trasformazione digitale del settore energetico, in particolare all’interno di architetture decentralizzate come quella proposta dal Progetto AETERNA. In tale contesto, la tokenizzazione consiste nell’associare a ogni unità di energia prodotta, scambiata o consumata una rappresentazione digitale unica, denominata token energetico. Questo processo consente la creazione di un layer di astrazione digitale che facilita la programmabilità, la tracciabilità e l’automazione delle transazioni energetiche, rendendo possibile la gestione di asset energetici come oggetti digitali nativamente scambiabili all’interno di marketplace P2P. La tokenizzazione, quindi, non solo digitalizza l’energia come asset, ma ne consente anche la gestione', '4. Impatto\n\nL’adozione della tokenizzazione dei flussi energetici all’interno di AETERNA abilita un modello operativo radicalmente nuovo per la gestione e lo scambio di energia. La rappresentazione digitale atomica e tracciabile di ogni kWh prodotto o consumato permette di:\n\nAbilitare mercati energetici P2P realmente decentralizzati, in cui ogni attore può partecipare in modo trasparente, sicuro e programmabile, senza necessità di intermediari centralizzati.\n\nGarantire la tracciabilità e la certificazione d’origine di ogni unità di energia, favorendo la valorizzazione delle fonti rinnovabili e l’implementazione di policy di incentivazione (Kyoto 2.0) e penalità in modo automatico e auditabile.', 'Scalabilità e Interoperabilità: L’uso di protocolli standardizzati (X.509, mTLS, AES-256) e di una PKI centralizzata consente di integrare nuovi attori e dispositivi senza compromettere la sicurezza, favorendo l’espansione della micro-rete urbana.\n\nIn sintesi, la sicurezza delle transazioni energetiche in AETERNA non è un elemento accessorio, ma una componente strutturale che permea ogni livello dell’architettura, garantendo un ecosistema energetico urbano sicuro, affidabile e conforme ai più elevati requisiti di protezione dei dati e delle risorse.\n\nCapitolo 4: Monitoraggio e Analisi dei Flussi\n\nIntroduzione Teorica']"
"Quali sono le principali garanzie di sicurezza, trasparenza e compliance offerte dal Marketplace Decentralizzato di AETERNA e in che modo l’architettura tecnica e i protocolli implementati contribuiscono a realizzarle lungo l’intero ciclo di vita di una transazione energetica P2P?","Le principali garanzie di sicurezza, trasparenza e compliance offerte dal Marketplace Decentralizzato di AETERNA sono:

- Sicurezza: Tutte le operazioni sono regolate da smart contract su una permissioned blockchain (Hyperledger Fabric), con enforcement automatico delle policy di compliance e validazione tramite firme digitali ECDSA. Il protocollo di atomic swap (commit-reveal, time-lock) assicura che il trasferimento di token energetici e il pagamento in Bit-Energy avvengano simultaneamente e in modo non repudiabile. Eventuali anomalie sono gestite tramite routine di lock-down automatizzate, sospensione degli ordini o token coinvolti, notifiche immediate agli operatori e audit trail dettagliato replicato su ELK Stack. L’accesso alle funzioni critiche è regolato da RBAC (Role-Based Access Control) e multi-signature, richiedendo il consenso di più validatori per operazioni sensibili.

- Trasparenza: Ogni ordine e transazione è registrato in modo immutabile sul Bit-Energy Ledger e replicato su ELK Stack per auditabilità end-to-end. Tutti gli ordini attivi sono visibili (in forma pseudonimizzata) tramite API e interfaccia utente, con stato aggiornato in tempo reale e replica sincrona del book su tutti i nodi validatori.

- Compliance: Gli smart contract validano la compliance ai requisiti normativi (es. Kyoto 2.0) tramite flag dedicati e hash di certificati digitali. Il sistema di identity registry mappa chiavi pubbliche e ruoli, con enforcement automatico delle policy di accesso. I token Bit-Energy sono ancorati a parametri di compliance e possono includere tag incentivi, penalità e flag Kyoto 2.0.

L’architettura tecnica e i protocolli implementati (permissioned blockchain, smart contract, atomic swap, RBAC, multi-signature, audit logging su ELK Stack) contribuiscono a realizzare queste garanzie lungo l’intero ciclo di vita di una transazione energetica P2P, dalla creazione e validazione dell’ordine, al matching, settlement, pagamento, audit e gestione delle anomalie.",difficile,"Le principali garanzie di **sicurezza, trasparenza e compliance** offerte dal Marketplace Decentralizzato di AETERNA derivano dall’integrazione di specifiche scelte architetturali e protocolli tecnici, che agiscono sinergicamente lungo tutto il ciclo di vita della transazione energetica P2P. Di seguito, vengono dettagliate tali garanzie e i relativi meccanismi abilitanti:

---

### 1. **Sicurezza**

- **Permissioned Blockchain (Hyperledger Fabric):**  
  L’adozione di una blockchain permissioned limita l’accesso e la partecipazione ai soli attori autorizzati, riducendo il rischio di attacchi Sybil e garantendo l’identità dei partecipanti tramite sistemi di gestione delle identità (MSP, Membership Service Provider).

- **Firma Digitale (ECDSA):**  
  Ogni ordine è firmato digitalmente dal partecipante, assicurando autenticità, integrità e non ripudio delle transazioni.

- **Replica Sincrona e Consistenza:**  
  Il book degli ordini è replicato sincronicamente su tutti i nodi validatori secondo una policy di consistenza strong eventual, prevenendo manomissioni e garantendo la resilienza contro fault o attacchi ai singoli nodi.

- **Smart Contract Deterministici:**  
  Gli smart contract (es. EnergyTrade) eseguono la validazione automatica e deterministica delle transazioni, eliminando ambiguità e vulnerabilità legate all’arbitrarietà umana.

---

### 2. **Trasparenza**

- **Tracciabilità On-chain:**  
  Ogni ordine e transazione è referenziato tramite hash univoco e stato aggiornato in tempo reale, consentendo auditabilità completa e storicizzazione immutabile delle operazioni.

- **Tokenizzazione Energetica (NFT-like):**  
  L’uso di token energetici univoci permette di tracciare la provenienza, la quantità e le caratteristiche dell’energia scambiata, abilitando una granularità informativa senza precedenti.

- **Accesso ai Dati e Audit:**  
  La natura distribuita della blockchain e la replica del book garantiscono che tutti i partecipanti possano verificare autonomamente lo stato e la storia delle transazioni, favorendo la trasparenza end-to-end.

---

### 3. **Compliance**

- **Validazione Automatica dei Requisiti Normativi:**  
  Gli smart contract integrano controlli di compliance (es. rispetto standard Kyoto 2.0), assicurando che solo le transazioni conformi vengano eseguite.

- **Auditabilità e Reporting:**  
  La registrazione immutabile delle transazioni e la possibilità di audit in tempo reale facilitano la produzione di report e la verifica ex-post da parte di enti regolatori o terze parti.

- **Gestione delle Identità e Ruoli:**  
  L’infrastruttura permissioned consente di associare ruoli e permessi specifici ai diversi attori (prosumer, consumatori, produttori), garantendo la segregazione delle funzioni e la tracciabilità delle responsabilità.

---

## **Sintesi**

L’architettura tecnica di AETERNA, fondata su Hyperledger Fabric, smart contract deterministici e tokenizzazione energetica, garantisce:

- **Sicurezza** tramite autenticazione forte, integrità dei dati e resilienza distribuita;
- **Trasparenza** grazie a tracciabilità, auditabilità e accesso condiviso alle informazioni;
- **Compliance** mediante automazione dei controlli normativi e reporting verificabile.

Questi elementi, integrati lungo l’intero ciclo di vita della transazione P2P, abilitano un ecosistema energetico affidabile, trasparente e conforme, superando i limiti dei mercati legacy e delle infrastrutture centralizzate.","[0.19458037614822388, 0.24151921272277832, 0.2439696192741394]","['synthetic_data_AETERNA\\Volume_07_smart_contract_e_tokenizzazione_energetica.md:0:31', 'synthetic_data_AETERNA\\Volume_07_smart_contract_e_tokenizzazione_energetica.md:0:45', 'synthetic_data_AETERNA\\Volume_07_smart_contract_e_tokenizzazione_energetica.md:0:36']","['Il Marketplace Decentralizzato rappresenta il fulcro operativo della visione P2P di AETERNA, consentendo lo scambio diretto di energia tra attori eterogenei – prosumer, consumatori e produttori – senza la necessità di intermediari centralizzati. In questo modello, la fiducia è demandata all’infrastruttura blockchain e agli smart contract, che orchestrano in modo deterministico le interazioni tra le parti. Il superamento delle logiche di clearing house tradizionali e la disintermediazione delle transazioni energetiche costituiscono un salto paradigmatico rispetto ai mercati legacy, abilitando granularità, automazione e trasparenza senza precedenti. L’adozione di una permissioned blockchain (Hyperledger Fabric) e la tokenizzazione energetica (NFT-like) sono già state definite come fondamento architetturale nei capitoli precedenti; in', 'Nel complesso, il Marketplace Decentralizzato di AETERNA si configura come un’infrastruttura abilitante per l’autarchia energetica urbana, promuovendo un ecosistema energetico più equo, trasparente e sostenibile.\n\nCapitolo 4: Audit e Compliance\n\nIntroduzione Teorica', 'Ogni ordine è referenziato dal relativo hash e dallo stato aggiornato in tempo reale.\n\nReplica sincrona del book su tutti i nodi validatori (policy di consistenza strong eventual).\n\n3. Flusso di Transazione P2P\n\nIl flusso operativo di una transazione P2P nel Marketplace Decentralizzato di AETERNA si articola come segue:\n\nCreazione Ordine: Il partecipante (prosumer/consumatore) crea un ordine di vendita/acquisto tramite API o interfaccia, specificando parametri e firmando digitalmente la richiesta.\n\nValidazione Smart Contract: Lo smart contract EnergyTrade valida la disponibilità dei token, la compliance ai requisiti (es. Kyoto 2.0), la firma ECDSA e la congruenza dei dati.']"
Qual è il costo medio annuale sostenuto dal Progetto AETERNA per l’esecuzione degli audit esterni sui propri smart contract?,L'informazione non è disponibile nel testo,impossibile,"Dal contesto fornito non sono presenti informazioni specifiche o dati relativi al costo medio annuale sostenuto dal Progetto AETERNA per l’esecuzione degli audit esterni sui propri smart contract. Il testo descrive le modalità, le procedure e gli standard adottati per l’audit, ma non riporta dettagli di natura economica o tariffaria relativi agli audit esterni.","[0.3766622543334961, 0.39583730697631836, 0.39896124601364136]","['synthetic_data_AETERNA\\Volume_07_smart_contract_e_tokenizzazione_energetica.md:0:50', 'synthetic_data_AETERNA\\Volume_12_interfacciamento_con_la_mobilità_elettrica.md:0:79', 'synthetic_data_AETERNA\\Volume_19_aspetti_legali,_regolatori_e_normativi.md:0:108']","['Aderenza alle Specifiche: verifica della corrispondenza tra i requisiti funzionali (es. matching CDA, atomic swap, gestione complianceKyoto2) e l’implementazione effettiva.\n\nRicerca di Backdoor e Comportamenti Anomali: analisi delle logiche di fallback, gestione degli errori, presenza di eventuali funzioni nascoste o non documentate che possano alterare il flusso di esecuzione o compromettere l’integrità del marketplace.\n\nTale processo si conclude con la stesura di un verbale di revisione, firmato digitalmente da almeno due auditor, e la registrazione di tutte le osservazioni nel sistema di ticketing interno.\n\n3. Test di Conformità Normativa\n\nGli smart contract di AETERNA sono progettati per integrare nativamente meccanismi di compliance, con particolare attenzione a:', 'adottato in AETERNA si basa su una tariffazione flessibile, che tiene conto di una molteplicità di parametri operativi, energetici e comportamentali, elaborati in tempo reale da algoritmi di intelligenza artificiale e orchestrati tramite smart contract su blockchain. Questo meccanismo non solo favorisce la sostenibilità economica e ambientale del sistema, ma introduce anche una componente di equità e trasparenza, grazie all’auditabilità garantita dal ledger distribuito.', 'L’audit interno in AETERNA si configura come un’attività sistematica, indipendente e documentata, finalizzata a valutare l’adeguatezza e l’efficacia dei controlli implementati sui sistemi informativi, sulle piattaforme di trading energetico P2P, sui moduli di gestione IP e sulle infrastrutture blockchain. L’approccio adottato integra standard internazionali (ISO/IEC 27001, ISAE 3402), metodologie risk-based e process-based, e strumenti tecnologici avanzati per la raccolta, la correlazione e l’analisi delle evidenze digitali.\n\n2. Specifiche Tecniche e Protocolli\n\n2.1 Standard di Riferimento']"
Quale tipo di autenticazione multifattoriale è richiesto per un amministratore nella piattaforma AETERNA?,Per un amministratore nella piattaforma AETERNA è richiesta l'autenticazione multifattoriale composta da challenge-response ECDSA come primo fattore e sia OTP che biometria come secondo fattore.,facile,"Dal contesto fornito non viene specificato in modo esplicito quale tipo di autenticazione multifattoriale (MFA) sia richiesto per un amministratore nella piattaforma AETERNA. Viene descritto che AETERNA utilizza un modello di autenticazione federata basato su JWT, con Identity Provider conforme a OAuth 2.0/OpenID Connect, e che segue le best practice di sicurezza e standard internazionali (ISO/IEC 29115, SAML 2.0, OIDC). Tuttavia, non sono riportati dettagli specifici sui fattori di autenticazione richiesti (ad esempio: password + OTP, smartcard, biometria, ecc.) per gli amministratori.

**Risposta:**  
Il contesto non specifica il tipo di autenticazione multifattoriale richiesto per un amministratore nella piattaforma AETERNA.","[0.3756042718887329, 0.3817530870437622, 0.3947295546531677]","['synthetic_data_AETERNA\\Volume_05_protocolli_di_comunicazione_e_interfacce.md:0:33', 'synthetic_data_AETERNA\\Volume_13_interoperabilità_e_standardizzazione_internazionale.md:0:57', 'synthetic_data_AETERNA\\Volume_13_interoperabilità_e_standardizzazione_internazionale.md:0:32']","['2. Specifiche Tecniche e Protocolli\n\n2.1 Autenticazione\n\n2.1.1 Meccanismo di Emissione e Validazione dei Token\n\nAETERNA impiega un modello di autenticazione federata basato su JWT (JSON Web Token), emessi da un Identity Provider (IdP) conforme agli standard OAuth 2.0/OpenID Connect. Il flusso di autenticazione prevede i seguenti passaggi:\n\nRichiesta di Token: Il client (utente, servizio o dispositivo) si autentica presso l’IdP, fornendo le proprie credenziali secondo il grant appropriato (Authorization Code, Client Credentials, Device Code, ecc.).', 'Specifiche Tecniche e Protocolli\n\n1. Infrastruttura IAM e Standard di Federazione\n\nAETERNA implementa una infrastruttura IAM multilivello, progettata per garantire compatibilità, scalabilità e robustezza. I principali standard e tecnologie adottati sono:\n\nSAML 2.0: utilizzato per la federazione delle identità tra domini organizzativi (es. tra utility e operatori di quartiere, o tra AETERNA e fornitori di servizi esterni). Consente Single Sign-On (SSO) e scambio sicuro di assertion di autenticazione.\n\nOpenID Connect (OIDC): impiegato per l’autenticazione utente su servizi web e API, con supporto a flussi di autenticazione interattivi e machine-to-machine.', 'Allineamento agli Standard e Best Practice\n\nAutenticazione Federata\n\nAETERNA adotta un modello di autenticazione federata multilivello, in linea con le raccomandazioni ISO/IEC 29115 e le specifiche SAML 2.0 e OpenID Connect, garantendo:\n\nScalabilità: Federazione delle identità tra domini eterogenei (Edge, Fog, Cloud) tramite bridge LDAP e assertion SAML/OAuth, con propagazione automatica delle policy RBAC.\n\nSicurezza: Cifratura end-to-end delle assertion, validazione tramite schema registry centralizzato e audit trail referenziato su blockchain Bit-Energy.\n\nInteroperabilità e Integrazione Legacy\n\nL’aderenza alle linee guida ETSI per la resilienza delle infrastrutture di rete si traduce nell’adozione di:']"
In che modo la segmentazione della rete IoT e il monitoraggio delle anomalie contribuiscono alla sicurezza complessiva dell’architettura multilivello di AETERNA?,"La segmentazione della rete IoT, tramite VLAN dedicate, firewalling e micro-segmentazione, isola i dispositivi critici e limita la propagazione di eventuali compromissioni, riducendo la superficie d’attacco. Il monitoraggio delle anomalie, realizzato attraverso analisi comportamentale sia a livello edge che fog, consente la rilevazione tempestiva di pattern anomali come traffico atipico o tentativi di accesso non autorizzati. Questi due meccanismi, integrati nell’architettura multilivello di AETERNA, assicurano una postura di sicurezza proattiva, rafforzano l’integrità e la disponibilità dei dati e permettono una gestione trasparente e auditabile tramite smart contract e logging continuo.",media,"La segmentazione della rete IoT e il monitoraggio delle anomalie sono elementi chiave per la sicurezza dell’architettura multilivello di AETERNA.

**Segmentazione della rete IoT:**  
Separando logicamente e fisicamente i diversi segmenti della rete (ad esempio, isolando i dispositivi critici da quelli meno sensibili), si limita la superficie di attacco e si impedisce che una compromissione locale possa propagarsi all’intero ecosistema. In AETERNA, questa segmentazione rigorosa consente di confinare eventuali minacce, facilitando la gestione degli accessi e la protezione dei dati energetici trasmessi tra i vari livelli (edge, middleware, cloud). Inoltre, la segmentazione supporta l’applicazione di policy di sicurezza differenziate in base al livello di criticità dei dispositivi e dei dati gestiti.

**Monitoraggio delle anomalie:**  
Il monitoraggio continuo dei flussi di dati e dei comportamenti dei dispositivi IoT permette di rilevare tempestivamente attività sospette o deviazioni dai pattern operativi attesi. In AETERNA, questo si traduce in una capacità di risposta automatizzata agli incidenti: il sistema può isolare i nodi compromessi, bloccare le comunicazioni anomale e avviare procedure di remediation senza intervento manuale. Questo approccio proattivo riduce drasticamente il rischio di interruzioni di servizio, manipolazioni fraudolente dei dati e compromissione dei dispositivi fisici.

**In sintesi:**  
La combinazione di segmentazione della rete e monitoraggio delle anomalie rafforza la postura di sicurezza di AETERNA, garantendo resilienza, continuità operativa e protezione dei dati in un ambiente IoT eterogeneo e distribuito.","[0.26516056060791016, 0.29799336194992065, 0.29813021421432495]","['synthetic_data_AETERNA\\Volume_07_smart_contract_e_tokenizzazione_energetica.md:0:80', 'synthetic_data_AETERNA\\Volume_05_protocolli_di_comunicazione_e_interfacce.md:0:14', 'synthetic_data_AETERNA\\Volume_11_integrazione_con_le_energie_rinnovabili.md:0:82']","['L’integrazione dei sistemi IoT (Internet of Things) rappresenta un pilastro fondante per l’architettura multilivello di AETERNA, abilitando la raccolta, l’elaborazione e la trasmissione in tempo reale di dati energetici granulari provenienti da una vasta eterogeneità di dispositivi distribuiti. Nell’ambito delle micro-reti energetiche decentralizzate, la connettività e l’interoperabilità dei dispositivi IoT consentono la realizzazione di un ecosistema dinamico, in cui la produzione, il consumo e lo scambio di energia sono monitorati e regolati in modo automatizzato e sicuro. L’approccio di AETERNA si fonda su una stratificazione logica e funzionale che comprende edge computing, middleware di normalizzazione, protocolli di', 'Impatto sull’Architettura AETERNA\n\nL’adozione di uno stack multi-protocollo IoT consente ad AETERNA di raggiungere un livello di flessibilità e resilienza superiore rispetto a soluzioni monolitiche. La capacità di selezionare dinamicamente il protocollo più adatto in base al contesto operativo (es. latenza, consumo energetico, criticità del dato) permette di ottimizzare le performance e di ridurre i costi operativi, soprattutto in ambienti urbani caratterizzati da elevata densità e variabilità di dispositivi.', 'L’adozione di un framework di cybersecurity multilivello, come delineato sopra, consente al Progetto AETERNA di garantire una postura di sicurezza proattiva e adattiva, in linea con i requisiti di resilienza delle infrastrutture energetiche urbane. La segmentazione rigorosa delle reti, la protezione crittografica delle comunicazioni, la gestione tempestiva delle vulnerabilità e la risposta automatizzata agli incidenti riducono drasticamente il rischio di interruzioni di servizio, manipolazioni fraudolente dei dati e compromissione dei dispositivi fisici. Inoltre, la trasparenza e la tracciabilità offerte dalla DLT Bit-Energy rafforzano la fiducia degli stakeholder e assicurano la compliance agli standard interni Kyoto 2.0. In sintesi, la sicurezza informatica non']"
"Quali sono le principali fasi e componenti coinvolte nel processo di raccolta, normalizzazione, calcolo, aggiornamento e distribuzione delle tariffe dinamiche nel sistema multilivello edge-fog-cloud del Progetto AETERNA, e in che modo queste interagiscono per garantire trasparenza, personalizzazione e auditabilità delle tariffe per gli utenti finali?","Le principali fasi e componenti coinvolte nel processo di raccolta, normalizzazione, calcolo, aggiornamento e distribuzione delle tariffe dinamiche nel sistema multilivello edge-fog-cloud del Progetto AETERNA sono:

1. Raccolta dati (Edge Layer/H-Node): acquisizione in tempo reale di dati su consumo, produzione, storage locale e stato dei dispositivi, con pre-elaborazione e firma digitale dei payload secondo lo schema Kyoto 2.0.

2. Aggregazione e normalizzazione (Fog Layer): aggregazione e normalizzazione dei dati a livello di quartiere, orchestrazione delle politiche di pricing locali, buffering degli eventi e enforcement delle soglie di oscillazione.

3. Calcolo tariffario (Cloud Layer): macro-analisi predittiva tramite AI/ML, calcolo centralizzato delle tariffe di riferimento, deployment e aggiornamento degli smart contract di pricing, storage storico e simulazione di scenari tariffari.

4. Parsing e validazione: parser/adaptor nei livelli edge e fog, validazione ECDSA, timestamping, verifica di integrità e autenticità dei dati.

5. Calcolo dinamico della tariffa: applicazione di una funzione che combina BaseTariffa, F_domanda_offerta, F_ambiente, F_incentivi (inclusi Kyoto 2.0 e Bit-Energy), F_statoRete, con limiti e soglie configurabili e personalizzazione per utente o cluster tramite AI/ML.

6. Aggiornamento e distribuzione: scrittura e versionamento delle tariffe sulla blockchain per garantire immutabilità e auditabilità, aggiornamento periodico o su evento, notifica agli utenti tramite app, API RESTful, webhook e MQTT, e integrazione con wallet energetici digitali.

7. Audit e compliance: logging dettagliato su ELK Stack e blockchain, trasparenza algoritmica con codice smart contract pubblicato e versionato, accessibile per audit esterni.

Queste componenti interagiscono garantendo trasparenza (grazie alla blockchain e agli smart contract auditabili), personalizzazione (tramite AI/ML e tariffe individuali o di gruppo), e auditabilità (tracciamento on-chain, logging dettagliato e accesso pubblico al codice degli smart contract) delle tariffe per gli utenti finali.",difficile,"Nel sistema multilivello edge-fog-cloud del Progetto AETERNA, il processo di gestione delle tariffe dinamiche si articola in una sequenza di fasi e componenti interconnessi, ciascuno con un ruolo specifico per garantire trasparenza, personalizzazione e auditabilità. Di seguito sono descritte le principali fasi e componenti, e le relative interazioni:

**1. Raccolta e Pre-elaborazione Dati (Edge Layer – H-Node):**
- **Componenti:** Dispositivi edge (H-Node) installati presso gli utenti/prosumer.
- **Fasi:** 
  - Raccolta in tempo reale di dati granulari su consumo, produzione, stato dello storage locale e stato dei dispositivi.
  - Pre-elaborazione locale dei dati (filtraggio, aggregazione preliminare).
  - Firma digitale dei payload secondo lo schema Kyoto 2.0, garantendo integrità e non ripudio dei dati raccolti.
- **Impatto su trasparenza e auditabilità:** La firma digitale assicura la tracciabilità e la verificabilità dei dati alla fonte.

**2. Aggregazione e Normalizzazione (Fog Layer):**
- **Componenti:** Nodi fog di quartiere o comunità.
- **Fasi:**
  - Ricezione dei dati firmati dagli H-Node.
  - Aggregazione e normalizzazione dei dati a livello di quartiere/comunità, per uniformare i formati e ridurre la variabilità locale.
  - Orchestrazione delle politiche di pricing locali (ad esempio, enforcement di soglie di oscillazione per evitare variazioni tariffarie eccessive).
  - Buffering degli eventi e gestione delle eccezioni.
- **Impatto su personalizzazione:** La normalizzazione e l’orchestrazione a livello fog permettono di adattare le politiche tariffarie alle specificità locali, abilitando la personalizzazione delle tariffe in base alle condizioni di micro-rete.

**3. Calcolo e Aggiornamento Tariffe (Cloud Layer):**
- **Componenti:** Infrastruttura cloud centralizzata.
- **Fasi:**
  - Macro-analisi predittiva tramite algoritmi AI/ML, che integrano dati storici, previsioni meteorologiche, parametri di mercato e condizioni di rete.
  - Calcolo centralizzato delle tariffe di riferimento, tenendo conto sia delle dinamiche locali (input dal fog) sia di quelle globali.
  - Deployment e aggiornamento degli smart contract di pricing, che formalizzano le regole tariffarie in modo trasparente e immutabile.
  - Storage storico dei dati e simulazione di scenari tariffari.
- **Impatto su trasparenza e auditabilità:** Gli smart contract garantiscono la trasparenza delle regole di calcolo e la possibilità di audit pubblico delle logiche tariffarie e delle transazioni.

**4. Distribuzione e Notifica Tariffe (Edge/Fog/Cloud):**
- **Componenti:** Tutti i livelli, con particolare focus su edge e interfacce utente.
- **Fasi:**
  - Distribuzione delle tariffe aggiornate verso i nodi fog e, da questi, agli H-Node.
  - Notifica tempestiva agli utenti/prosumer tramite interfacce dedicate (app, dashboard), con possibilità di simulare scenari e analizzare l’impatto delle proprie scelte.
- **Impatto su empowerment e trasparenza:** L’utente riceve informazioni chiare e tempestive, può verificare la correttezza delle tariffe applicate e simulare comportamenti alternativi.

**5. Auditabilità End-to-End:**
- **Componenti trasversali:** Firma digitale, smart contract, storage storico.
- **Fasi:**
  - Ogni fase del processo è tracciata e verificabile grazie a firme digitali e log immutabili.
  - Gli smart contract permettono la verifica ex-post delle regole applicate e delle tariffe generate.

**Sintesi delle Interazioni:**
- I dati raccolti e firmati a livello edge sono aggregati e normalizzati dal fog, che applica politiche locali e trasmette i dati al cloud.
- Il cloud elabora le tariffe tramite algoritmi avanzati e aggiorna gli smart contract, che vengono poi distribuiti a tutti i livelli.
- Le tariffe e le regole sono rese trasparenti e accessibili agli utenti, che possono verificarne la correttezza e simulare scenari.
- L’intero processo è auditabile grazie a firme digitali e smart contract, garantendo fiducia e trasparenza.

**In conclusione**, la stratificazione edge-fog-cloud e l’uso di tecnologie come firme digitali e smart contract assicurano che ogni fase del ciclo di vita delle tariffe sia trasparente, personalizzabile e verificabile dagli utenti finali.","[0.28947746753692627, 0.3340362310409546, 0.3408709764480591]","['synthetic_data_AETERNA\\Volume_07_smart_contract_e_tokenizzazione_energetica.md:0:96', 'synthetic_data_AETERNA\\Volume_07_smart_contract_e_tokenizzazione_energetica.md:0:94', 'synthetic_data_AETERNA\\Volume_07_smart_contract_e_tokenizzazione_energetica.md:0:106']","['2. Specifiche Tecniche e Protocolli\n\n2.1 Architettura della Gestione Dinamica\n\nIl sistema di dynamic pricing in AETERNA è articolato su tre livelli, in coerenza con la stratificazione edge-fog-cloud:\n\nEdge Layer (H-Node): Raccolta dati in tempo reale (consumo, produzione, storage locale, stato dispositivo), pre-elaborazione e firma digitale dei payload secondo schema Kyoto 2.0.\n\nFog Layer: Aggregazione e normalizzazione dati di quartiere, orchestrazione delle politiche di pricing locali, buffering eventi e enforcement delle soglie di oscillazione.\n\nCloud Layer: Macro-analisi predittiva (AI/ML), calcolo centralizzato delle tariffe di riferimento, deployment e aggiornamento degli smart contract di pricing, storage storico e simulazione scenari tariffari.\n\n2.2 Algoritmi di Dynamic Pricing', 'La gestione dinamica delle tariffe energetiche rappresenta un pilastro fondamentale per il raggiungimento dell’autarchia energetica urbana all’interno del Progetto AETERNA. In un contesto caratterizzato da micro-reti decentralizzate, la flessibilità nella determinazione dei prezzi dell’energia costituisce un meccanismo abilitante per l’ottimizzazione dei flussi energetici, la valorizzazione delle fonti rinnovabili e la partecipazione attiva degli utenti. L’approccio adottato in AETERNA si basa su algoritmi di dynamic pricing implementati tramite smart contract, in grado di adattare in tempo reale le tariffe in funzione di molteplici variabili: domanda/offerta locale e globale, condizioni di rete, previsioni meteorologiche, parametri di mercato e', '4. Impatto\n\nL’implementazione della gestione dinamica delle tariffe energetiche in AETERNA produce una serie di impatti sistemici di rilievo:\n\nEfficienza Energetica e Flessibilità: L’adattamento in tempo reale delle tariffe incentiva la modulazione dei consumi e la partecipazione a programmi di demand response, riducendo i picchi di carico e ottimizzando l’utilizzo delle risorse rinnovabili distribuite.\n\nEmpowerment e Trasparenza per l’Utente: La notifica tempestiva delle tariffe, unitamente alla possibilità di simulare scenari e analizzare l’impatto delle proprie scelte, promuove una partecipazione consapevole e attiva degli utenti/prosumer.']"
Qual è il costo medio annuale per la manutenzione degli HSM certificati FIPS 140-2 utilizzati per la custodia delle chiavi master nella blockchain AETERNA?,L'informazione non è disponibile nel testo,impossibile,"In base al contesto fornito, non sono presenti informazioni specifiche riguardo al costo medio annuale per la manutenzione degli HSM certificati FIPS 140-2 utilizzati nella blockchain AETERNA. Il testo descrive l’architettura, le funzioni di sicurezza e le modalità di gestione delle chiavi, ma non riporta dati economici o di costo relativi agli HSM. 

Per ottenere una stima precisa del costo medio annuale di manutenzione, sarebbe necessario consultare la documentazione tecnica o amministrativa di AETERNA, oppure riferirsi ai fornitori degli HSM utilizzati.","[0.4101317524909973, 0.4373692274093628, 0.4726768732070923]","['synthetic_data_AETERNA\\Volume_08_gestione_dei_dati_e_privacy.md:0:135', ""synthetic_data_AETERNA\\Volume_03_specifiche_hardware_dell'h-node.md:0:76"", 'synthetic_data_AETERNA\\Volume_11_integrazione_con_le_energie_rinnovabili.md:0:40']","['Cloud Storage: I dati critici archiviati a livello Cloud sono cifrati con chiavi master gestite dal KMS centrale, con accesso segregato tramite policy RBAC/ABAC e logging di ogni accesso su blockchain Kyoto 2.0.\n\nBackup e Disaster Recovery: Ogni backup, sia incrementale che full, è cifrato con chiave dedicata (rotazione automatica ogni 30 giorni o su evento critico), e la chiave di backup è custodita tramite hardware security module (HSM) con doppia custodia (dual control).\n\n2.3 Gestione delle Chiavi (KMS)\n\nArchitettura KMS: Il Key Management Service di AETERNA è strutturato su tre livelli:\n\nH-KMS (Edge): gestisce chiavi temporanee e sessioni locali, con supporto per la distruzione sicura delle chiavi (crypto-shredding).', 'Il modulo HSM (Hardware Security Module) rappresenta il fulcro della sicurezza fisica e logica degli H-Node all’interno dell’architettura AETERNA. In un contesto di micro-reti energetiche decentralizzate, in cui il valore delle transazioni P2P e la gestione degli smart contract sono strettamente legati all’integrità delle chiavi crittografiche, la protezione di tali chiavi private assume un ruolo strategico. Il modulo HSM, integrato a livello hardware, è progettato per resistere a tentativi di compromissione fisica, garantendo la custodia sicura delle chiavi e l’esecuzione di operazioni crittografiche in ambiente isolato. In caso di attacco fisico—come tentativi di apertura forzata, manipolazione elettronica o accesso non autorizzato—il', 'Dal punto di vista della sicurezza e della compliance, la cifratura end-to-end, la gestione hardware delle chiavi e la notarizzazione blockchain assicurano la protezione dei dati sensibili e la tracciabilità di ogni evento rilevante, in piena aderenza alle policy Kyoto 2.0 e agli standard Bit-Energy. La strutturazione multilivello dello storage riduce la dipendenza dal cloud centrale, favorendo la decentralizzazione e l’autonomia operativa dei micro-ecosistemi urbani, in linea con la missione di AETERNA.']"
Quale protocollo viene utilizzato da AETERNA per l’automazione della domanda e la comunicazione bidirezionale con aggregatori e operatori di rete?,OpenADR 2.0b,facile,AETERNA utilizza il protocollo OpenADR 2.0b per l’automazione della domanda e la comunicazione bidirezionale con aggregatori e operatori di rete.,"[0.28120410442352295, 0.3377634882926941, 0.3451455235481262]","['synthetic_data_AETERNA\\Volume_07_smart_contract_e_tokenizzazione_energetica.md:0:126', 'synthetic_data_AETERNA\\Volume_05_protocolli_di_comunicazione_e_interfacce.md:0:3', 'synthetic_data_AETERNA\\Volume_12_interfacciamento_con_la_mobilità_elettrica.md:0:96']","['2. Supporto ai Protocolli Standard di Settore\n\na. OpenADR (Open Automated Demand Response)\n\nAETERNA implementa il protocollo OpenADR 2.0b per l’automazione della domanda e la comunicazione bidirezionale con aggregatori e operatori di rete. Il modulo OpenADR Virtual End Node (VEN) consente ai nodi Fog e Cloud di ricevere segnali di demand response, processarli tramite motori AI predittivi e propagare le istruzioni agli H-Node Edge. La piattaforma supporta la gestione degli eventi (Event Service), la reportistica (Report Service) e la sicurezza tramite TLS e firma digitale dei payload.\n\nb. IEC 61850', 'Specifiche Tecniche e Protocolli\n\n1. Approccio Multi-Protocollo\n\nAETERNA adotta un paradigma multi-protocollo, selezionando e orchestrando in modo sinergico MQTT, CoAP e LwM2M. Tale scelta risponde alla necessità di ottimizzare la comunicazione in funzione delle caratteristiche del nodo, della tipologia di dato e delle condizioni di rete, garantendo al contempo la massima interoperabilità e la possibilità di integrare dispositivi legacy o di terze parti.\n\n1.1 MQTT (Message Queuing Telemetry Transport)\n\nArchitettura: Basata su modello publish/subscribe, con broker centralizzato o federato a livello Fog/Cloud.\n\nStack di Trasporto: TCP/IP, con supporto TLS per la cifratura end-to-end.', 'digitali, alla gestione sicura delle transazioni finanziarie e alla garanzia di compliance normativa (es. Kyoto 2.0, Bit-Energy). In tale scenario, AETERNA si configura come un hub di interoperabilità, orchestrando la comunicazione tra operatori eterogenei tramite l’adozione di protocolli aperti e meccanismi di clearing multilaterale.']"
In che modo il sistema AETERNA garantisce sia la tracciabilità dei crediti energetici tokenizzati sia la sicurezza delle transazioni tra attori diversi?,"La tracciabilità dei crediti energetici tokenizzati nel sistema AETERNA è garantita dalla tokenizzazione tramite Bit-Energy Token (BET), la cui emissione e validazione avviene automaticamente tramite smart contract (_EnergyMint_) e oracoli federati che attestano la produzione effettiva, con validazione tramite notary-based interledger per assicurare la non duplicazione e la tracciabilità cross-chain. La sicurezza delle transazioni tra attori diversi è assicurata dall’uso di smart contract per emissione, trading P2P, escrow, riconciliazione automatica, gestione dispute e arbitrato on-chain, oltre a policy anti-frode (pattern detection, blacklist/whitelist, transaction throttling, multi-signature approval), limiti di transazione configurabili, registrazione immutabile on-chain e audit real-time tramite API dedicate, il tutto in conformità agli standard Kyoto 2.0 e alle policy interne del progetto.",media,"Il sistema AETERNA garantisce la tracciabilità dei crediti energetici tokenizzati e la sicurezza delle transazioni tra attori diversi attraverso una serie di meccanismi integrati:

1. **Tokenizzazione e gestione on-chain**: Ogni credito energetico viene rappresentato da un token digitale (Bit-Energy) associato a certificati digitali, che ne attestano l’origine e le caratteristiche. Tutte le operazioni di creazione, trasferimento e utilizzo dei token avvengono su una blockchain, assicurando la tracciabilità end-to-end dei lotti energetici e la trasparenza assoluta delle transazioni.

2. **Smart contract e automazione**: Le transazioni tra attori diversi sono gestite tramite smart contract, che automatizzano le regole di scambio, il settlement e la riconciliazione dei crediti. Questo riduce i tempi di settlement, elimina errori manuali e minimizza i rischi di controparte.

3. **Riconciliazione automatica e gestione delle dispute**: Il sistema integra meccanismi di riconciliazione automatica e gestione on-chain delle dispute, che permettono di risolvere rapidamente eventuali controversie e garantire la correttezza delle transazioni.

4. **Policy anti-frode e limiti configurabili**: Sono implementate policy anti-frode e limiti operativi configurabili, che proteggono il sistema da comportamenti malevoli o attacchi, assicurando la resilienza finanziaria anche in scenari avversi.

5. **Audit in tempo reale e compliance**: Tutte le transazioni e i movimenti di crediti energetici sono auditabili in tempo reale, consentendo il monitoraggio continuo da parte di attori e autorità. La conformità agli standard Kyoto 2.0 e alle policy interne garantisce inoltre il rispetto dei requisiti normativi e la fiducia degli stakeholder.

In sintesi, la combinazione di tokenizzazione, gestione on-chain, automazione tramite smart contract, policy di sicurezza e auditabilità continua permette ad AETERNA di offrire un sistema sicuro, trasparente e tracciabile per la gestione dei crediti energetici e dei pagamenti digitali.","[0.2584307789802551, 0.2712666392326355, 0.28704124689102173]","['synthetic_data_AETERNA\\Volume_07_smart_contract_e_tokenizzazione_energetica.md:0:149', 'synthetic_data_AETERNA\\Volume_11_integrazione_con_le_energie_rinnovabili.md:0:54', 'synthetic_data_AETERNA\\Volume_07_smart_contract_e_tokenizzazione_energetica.md:0:139']","['L’adozione del sistema di gestione dei crediti energetici e dei pagamenti digitali in AETERNA consente una drastica riduzione delle inefficienze tipiche dei sistemi centralizzati, abilitando la liquidità immediata dei crediti energetici e la trasparenza assoluta delle transazioni. La riconciliazione automatica e la gestione on-chain delle dispute riducono i tempi di settlement e i rischi di controparte, mentre le policy anti-frode e i limiti configurabili garantiscono la resilienza finanziaria anche in scenari di attacco o comportamento malevolo. La possibilità di audit in tempo reale, unita alla compliance Kyoto 2.0, rafforza la fiducia degli attori e delle autorità, promuovendo la partecipazione attiva e la circolazione virtuosa di valore all’interno', 'Fiducia e valore di mercato: La possibilità di associare certificati digitali a token Bit-Energy abilitando il trading P2P di energia certificata rappresenta un vantaggio competitivo, rafforzando la fiducia degli stakeholder e la reputazione del sistema AETERNA.\n\nCompliance normativa: Il rispetto rigoroso delle policy Kyoto 2.0 e la tracciabilità end-to-end dei lotti energetici permettono ad AETERNA di anticipare e superare i requisiti normativi, posizionandosi come modello di riferimento per la gestione sostenibile e trasparente delle micro-reti urbane.', 'Capitolo 10: Gestione dei Crediti Energetici e Pagamenti\n\nIntroduzione Teorica\n\nLa gestione dei crediti energetici e dei pagamenti digitali rappresenta il fulcro dell’economia interna del framework AETERNA, garantendo la valorizzazione della produzione distribuita e la circolazione di valore tra attori energetici eterogenei. In tale contesto, la tokenizzazione dell’energia prodotta e consumata, unitamente all’automazione delle transazioni tramite smart contract, consente la creazione di un marketplace energetico trasparente, efficiente e resiliente. Il sistema integra meccanismi di riconciliazione automatica, gestione delle dispute e reporting avanzato, assicurando compliance, auditabilità e sicurezza finanziaria secondo gli standard Kyoto 2.0 e le policy interne del progetto.']"
"Quali sono le principali strategie e tecnologie adottate nell’architettura dati stratificata di AETERNA per garantire la sicurezza, la compliance normativa (inclusa Kyoto 2.0), la scalabilità e l’abilitazione di processi avanzati di machine learning e automazione nelle micro-reti energetiche urbane decentralizzate?","Le principali strategie e tecnologie adottate nell’architettura dati stratificata di AETERNA includono:

- Separazione tra Data Lake (Hadoop HDFS/Amazon S3) per la raccolta scalabile di dati grezzi e semi-strutturati e Data Warehouse (TimescaleDB, Amazon Redshift, Snowflake) per analisi strutturata, reporting e supporto decisionale.
- Raccolta dati tramite gateway Edge H-Node dotati di microcontrollore ARM Cortex-M7, stack MQTT 5.0 e OPC-UA, con pre-elaborazione, buffering locale, firma digitale ECDSA secp256k1 e autenticazione a doppio fattore (certificati X.509 + TPM).
- Trasporto sicuro dei dati su canali cifrati TLS 1.3, con MQTT in modalità QoS 2 e OPC-UA con sessioni stateful.
- Sicurezza e compliance tramite crittografia at-rest (AES-256 GCM), IAM granulari, audit trail immutabile, versioning, politiche di retention e pipeline ETL con validazione schema, deduplicazione, arricchimento semantico e tagging per compliance Kyoto 2.0.
- Caricamento dati nel Data Warehouse tramite ETL batch (Airflow) e streaming (Kafka Connect), con modellazione star schema, tabelle di fatti e dimensione, indici temporali/spaziali e materialized view.
- Pipeline analitiche batch e streaming per forecasting, clustering, anomaly detection e alerting real-time, con orchestrazione di machine learning tramite Kubeflow e feature store centralizzato.
- Dashboard e reporting avanzati tramite Grafana e Power BI, esportazione dati in RDF/CSV/JSON per audit e interoperabilità, e integrazione con smart contract per enforcement automatico di policy.
- Tutte queste strategie garantiscono sicurezza, compliance normativa (inclusa Kyoto 2.0), scalabilità, auditabilità e abilitano processi avanzati di machine learning e automazione nelle micro-reti energetiche urbane decentralizzate.",difficile,"Nell’architettura dati stratificata di AETERNA, le principali strategie e tecnologie adottate per garantire sicurezza, compliance normativa (inclusa Kyoto 2.0), scalabilità e abilitazione di processi avanzati di machine learning e automazione sono le seguenti:

**1. Stratificazione modulare dell’architettura dati**  
AETERNA distingue tra Data Lake e Data Warehouse, consentendo una gestione flessibile e scalabile dei dati eterogenei.  
- **Data Lake**: repository generalista per dati grezzi e semi-strutturati (es. dati IoT, log di transazioni blockchain), supporta la raccolta in tempo reale e l’archiviazione massiva.  
- **Data Warehouse**: ambiente ottimizzato per query analitiche, reporting verificabile e analisi storica, fondamentale per la compliance e la trasparenza.

**2. Sicurezza e privacy by design**  
- **Crittografia end-to-end** dei dati sia in transito che a riposo, con gestione granulare delle chiavi.  
- **Access control multilivello** e autenticazione forte (es. RBAC, MFA) per limitare l’accesso ai dati sensibili.  
- **Audit trail e logging immutabile** (spesso su blockchain) per garantire la tracciabilità e la non ripudiabilità delle operazioni.

**3. Compliance normativa e adattività**  
- **Orchestrazione automatizzata** dei processi di gestione dati, con policy dinamiche che si adattano ai cambiamenti normativi (es. Kyoto 2.0, Bit-Energy, GDPR).  
- **Data lineage e governance**: tracciamento completo del ciclo di vita dei dati, facilitando audit e verifiche di conformità.  
- **Meccanismi di anonimizzazione e pseudonimizzazione** per la protezione dei dati personali e la conformità alle normative sulla privacy.

**4. Scalabilità e resilienza**  
- **Architettura distribuita e microservizi**: ogni componente può essere scalato indipendentemente, supportando l’aumento esponenziale di nodi e transazioni.  
- **Data sharding e replica geografica**: distribuzione intelligente dei dati per garantire alta disponibilità e tolleranza ai guasti.  
- **Event-driven processing**: utilizzo di bus di eventi e code (es. Kafka) per gestire flussi dati in tempo reale e orchestrare processi complessi.

**5. Abilitazione di machine learning e automazione**  
- **Data Lake come base per training set**: raccolta di grandi volumi di dati eterogenei per alimentare modelli predittivi e algoritmi AI-driven.  
- **Pipeline di data engineering automatizzate**: processi ETL/ELT per la pulizia, normalizzazione e arricchimento dei dati, abilitando analisi avanzate e automazione operativa.  
- **Integrazione di modelli AI per bilanciamento e trading energetico**: deployment di modelli predittivi e sistemi di decisione automatica direttamente sull’infrastruttura dati.

**6. Interoperabilità e standardizzazione**  
- **API standardizzate e protocolli aperti** per l’integrazione con sistemi eterogenei (IoT, SCADA, blockchain, mercati energetici).  
- **Compliance agli standard internazionali** (Kyoto 2.0, Bit-Energy, ISO/IEC 27001) per garantire interoperabilità e sicurezza a livello globale.

**In sintesi**, l’architettura dati stratificata di AETERNA combina modularità, automazione, sicurezza avanzata e compliance adattiva, abilitando la crescita sostenibile e l’innovazione continua nelle micro-reti energetiche urbane decentralizzate.","[0.2058497667312622, 0.22536003589630127, 0.22670912742614746]","['synthetic_data_AETERNA\\Volume_20_business_model,_scalabilità_e_sostenibilità_economica.md:0:16', 'synthetic_data_AETERNA\\Volume_08_gestione_dei_dati_e_privacy.md:0:1', 'synthetic_data_AETERNA\\Volume_14_monitoraggio,_telemetria_e_analisi_predittiva.md:0:13']","['Nel contesto delle micro-reti energetiche decentralizzate, la scalabilità rappresenta un vettore abilitante per la sostenibilità e l’espansione sistemica. In AETERNA, la scalabilità non è semplicemente un attributo tecnico, ma una proprietà emergente derivante dall’interazione sinergica tra architettura distribuita, orchestrazione automatizzata e compliance adattiva. In particolare, la crescita della rete deve preservare la qualità del servizio, la sicurezza delle transazioni e la conformità ai vincoli regolatori (es. Kyoto 2.0), anche in presenza di incrementi esponenziali di nodi, transazioni e complessità operativa. L’approccio adottato in AETERNA si fonda su una stratificazione modulare e su meccanismi di', 'Nel contesto delle micro-reti energetiche urbane decentralizzate, la gestione efficace dei dati rappresenta un fattore abilitante per l’ottimizzazione, la trasparenza e la resilienza del sistema. L’eterogeneità delle fonti di dati – che spaziano da sensori IoT a sistemi SCADA, da transazioni blockchain a dati di mercato energetico – impone l’adozione di un’architettura dati stratificata, in grado di supportare sia la raccolta in tempo reale sia l’analisi storica e predittiva. In AETERNA, la distinzione concettuale e funzionale tra Data Lake e Data Warehouse è fondamentale: il Data Lake funge da repository generalista, scalabile e flessibile per dati grezzi e semi-strutturati, mentre il Data Warehouse si configura come ambiente ottimizzato per query analitiche, reporting', 'verificabile, facilitando la conformità agli standard Kyoto 2.0, Bit-Energy e alle normative internazionali di sicurezza e privacy. In ultima analisi, questi sistemi costituiscono il fondamento per l’analisi predittiva, il bilanciamento AI-driven e il trading energetico sicuro, elementi imprescindibili per il raggiungimento dell’autarchia energetica urbana auspicata dal progetto AETERNA.']"
Qual è il costo medio annuale per la gestione delle chiavi HSM utilizzate per la cifratura at-rest dei dati nel cloud del Progetto AETERNA?,L'informazione non è disponibile nel testo,impossibile,"Il contesto fornito non include informazioni specifiche sui costi, né dettagli quantitativi o tariffari relativi alla gestione delle chiavi HSM nel Progetto AETERNA. Pertanto, **non è possibile determinare o stimare il costo medio annuale per la gestione delle chiavi HSM** utilizzate per la cifratura at-rest dei dati nel cloud sulla base delle informazioni disponibili.","[0.35984933376312256, 0.3739217519760132, 0.41160619258880615]","['synthetic_data_AETERNA\\Volume_08_gestione_dei_dati_e_privacy.md:0:135', 'synthetic_data_AETERNA\\Volume_08_gestione_dei_dati_e_privacy.md:0:144', 'synthetic_data_AETERNA\\Volume_11_integrazione_con_le_energie_rinnovabili.md:0:40']","['Cloud Storage: I dati critici archiviati a livello Cloud sono cifrati con chiavi master gestite dal KMS centrale, con accesso segregato tramite policy RBAC/ABAC e logging di ogni accesso su blockchain Kyoto 2.0.\n\nBackup e Disaster Recovery: Ogni backup, sia incrementale che full, è cifrato con chiave dedicata (rotazione automatica ogni 30 giorni o su evento critico), e la chiave di backup è custodita tramite hardware security module (HSM) con doppia custodia (dual control).\n\n2.3 Gestione delle Chiavi (KMS)\n\nArchitettura KMS: Il Key Management Service di AETERNA è strutturato su tre livelli:\n\nH-KMS (Edge): gestisce chiavi temporanee e sessioni locali, con supporto per la distruzione sicura delle chiavi (crypto-shredding).', '4. Impatto\n\nL’implementazione rigorosa della crittografia e della gestione delle chiavi in AETERNA produce un impatto sostanziale su più dimensioni del sistema:\n\nSicurezza e Privacy: La cifratura end-to-end, unita alla segregazione delle chiavi e al controllo granulare degli accessi, riduce drasticamente il rischio di data breach, furto di identità e manipolazione dei dati sensibili. L’adozione di algoritmi di livello militare (AES-256, RSA-4096) e la rotazione periodica delle chiavi assicurano resilienza anche contro attori dotati di elevate capacità computazionali.', 'Dal punto di vista della sicurezza e della compliance, la cifratura end-to-end, la gestione hardware delle chiavi e la notarizzazione blockchain assicurano la protezione dei dati sensibili e la tracciabilità di ogni evento rilevante, in piena aderenza alle policy Kyoto 2.0 e agli standard Bit-Energy. La strutturazione multilivello dello storage riduce la dipendenza dal cloud centrale, favorendo la decentralizzazione e l’autonomia operativa dei micro-ecosistemi urbani, in linea con la missione di AETERNA.']"
Qual è la differenza principale tra anonimizzazione e pseudonimizzazione secondo il Progetto AETERNA?,"La differenza principale è che l’anonimizzazione rende irreversibile il collegamento tra i dati e l’identità dell’interessato, eliminando ogni informazione che possa consentire la re-identificazione, mentre la pseudonimizzazione separa logicamente i dati identificativi da quelli sensibili sostituendo gli identificatori diretti con chiavi o token, la cui associazione è custodita in ambienti segregati e protetti.",facile,"Secondo il Progetto AETERNA, la differenza principale tra anonimizzazione e pseudonimizzazione è la seguente:

- **Anonimizzazione**: mira a rendere irreversibile il collegamento tra i dati e l’identità dell’interessato, eliminando ogni informazione che possa consentire, anche indirettamente, la re-identificazione. Dopo l’anonimizzazione, non è più possibile risalire all’identità dell’utente.

- **Pseudonimizzazione**: consiste nel separare logicamente i dati identificativi da quelli sensibili, sostituendo gli identificativi reali con pseudonimi (ad esempio, codici o token). Tuttavia, il collegamento con l’identità dell’utente può essere ristabilito tramite informazioni aggiuntive (come le mapping table), che vengono mantenute separate e protette.

In sintesi, l’anonimizzazione elimina ogni possibilità di re-identificazione, mentre la pseudonimizzazione la rende possibile solo tramite dati aggiuntivi opportunamente custoditi.","[0.203902006149292, 0.3388569951057434, 0.3468080759048462]","['synthetic_data_AETERNA\\Volume_08_gestione_dei_dati_e_privacy.md:0:28', 'synthetic_data_AETERNA\\Volume_08_gestione_dei_dati_e_privacy.md:0:27', 'synthetic_data_AETERNA\\Volume_08_gestione_dei_dati_e_privacy.md:0:37']","['La distinzione tra anonimizzazione e pseudonimizzazione rappresenta un pilastro fondamentale nella strategia di protezione dei dati adottata dal Progetto AETERNA. Ai fini della sicurezza informatica e della conformità normativa, questi due processi sono trattati come entità distinte, ciascuna con un ruolo specifico nella mitigazione dei rischi di re-identificazione e nella tutela della privacy degli utenti. L’anonimizzazione è finalizzata a rendere irreversibile il collegamento tra i dati e l’identità dell’interessato, eliminando ogni informazione che possa consentire, anche indirettamente, la re-identificazione. La pseudonimizzazione, invece, separa logicamente i dati identificativi da quelli sensibili, sostituendo gli', 'In sintesi, la privacy by design non rappresenta un vincolo, bensì un moltiplicatore di valore e affidabilità per l’intero ecosistema AETERNA, ponendo le basi per una micro-rete energetica urbana realmente sostenibile, trasparente e centrata sull’utente.\n\nCapitolo 3: Anonimizzazione e Pseudonimizzazione\n\n1. Introduzione Teorica', '4. Impatto\n\nL’implementazione rigorosa di anonimizzazione e pseudonimizzazione nel Progetto AETERNA produce un impatto significativo su più livelli:\n\nPrivacy e compliance: L’adozione di tecniche avanzate garantisce la conformità ai requisiti del GDPR e agli standard Kyoto 2.0, minimizzando il rischio di data breach e assicurando la non re-identificabilità degli utenti nei dataset trattati a fini analitici o di trading energetico.\n\nResilienza operativa: La segregazione delle mapping table e l’uso di token temporanei riducono drasticamente la superficie di attacco, impedendo escalation di privilegi anche in caso di compromissione di singoli nodi.']"
"In che modo il sistema di accesso e controllo granulare di AETERNA garantisce sia la segregazione dei compiti sia la gestione dinamica dei permessi, considerando i paradigmi RBAC e ABAC descritti?","Il sistema di accesso e controllo granulare di AETERNA garantisce la segregazione dei compiti attraverso l’adozione del paradigma RBAC, che prevede l’associazione di ogni utente a uno o più ruoli predefiniti, ciascuno con un insieme statico di permessi su specifiche risorse e organizzati in una gerarchia che consente la separazione dei compiti e la minimizzazione dei privilegi. La gestione dinamica dei permessi è assicurata dall’integrazione del paradigma ABAC, che introduce policy di accesso basate su attributi come reparto, seniority, localizzazione, orario, stato del device, progetto di riferimento e autenticazione MFA. Le regole di accesso combinano condizioni su ruoli e attributi, permettendo policy contestuali e adattive. Gli attributi temporanei sono gestiti tramite token OAuth2.0 JWT con scope e validità limitata, revocabili in tempo reale. Un’interfaccia amministrativa consente l’assegnazione, modifica e revoca dei permessi sia a livello di ruolo sia di attributo, con possibilità di definire policy temporanee e personalizzate. Tutte le operazioni sono tracciate in un audit log immutabile su blockchain, garantendo trasparenza e non ripudiabilità.",media,"Il sistema di accesso e controllo granulare di AETERNA garantisce la **segregazione dei compiti** e la **gestione dinamica dei permessi** attraverso l’integrazione sinergica dei paradigmi RBAC (Role-Based Access Control) e ABAC (Attribute-Based Access Control):

1. **Segregazione dei compiti (SoD – Segregation of Duties):**
   - **RBAC** consente di assegnare ruoli specifici agli utenti, ognuno dei quali è associato a un insieme predefinito di permessi. In questo modo, le responsabilità critiche vengono distribuite tra più soggetti, riducendo il rischio di abuso o errore intenzionale/accidentale.
   - La piattaforma AETERNA implementa policy che impediscono la sovrapposizione di ruoli incompatibili (es. chi approva una transazione non può anche crearla), assicurando la separazione delle funzioni chiave.

2. **Gestione dinamica dei permessi:**
   - **ABAC** introduce un ulteriore livello di granularità e flessibilità, permettendo che l’accesso alle risorse sia determinato non solo dal ruolo, ma anche da attributi contestuali (es. orario, localizzazione, stato del dispositivo, livello di rischio, preferenze utente).
   - Questo consente ad AETERNA di adattare in tempo reale i permessi in base al contesto operativo, alle policy di sicurezza vigenti e alle normative (come Kyoto 2.0), garantendo che l’accesso sia sempre appropriato e conforme.

3. **Policy contestuali, adattive e tracciabili:**
   - La convergenza di RBAC e ABAC permette di definire policy di accesso che sono sia strutturate (tramite ruoli) sia dinamiche (tramite attributi), assicurando che ogni operazione sia autorizzata solo se soddisfa tutte le condizioni richieste.
   - Ogni decisione di accesso viene tracciata e registrata, favorendo auditabilità e trasparenza.

**In sintesi**, AETERNA realizza la segregazione dei compiti attraverso la rigorosa gestione dei ruoli (RBAC) e abilita la gestione dinamica dei permessi tramite l’analisi degli attributi contestuali (ABAC), garantendo così un controllo degli accessi resiliente, adattivo e conforme alle esigenze di sicurezza multilivello della piattaforma.","[0.22942322492599487, 0.28449881076812744, 0.2983211278915405]","['synthetic_data_AETERNA\\Volume_08_gestione_dei_dati_e_privacy.md:0:40', 'synthetic_data_AETERNA\\Volume_08_gestione_dei_dati_e_privacy.md:0:41', 'synthetic_data_AETERNA\\Volume_08_gestione_dei_dati_e_privacy.md:0:55']","['La gestione dell’accesso e del controllo granulare rappresenta una componente imprescindibile nell’ecosistema di AETERNA, in quanto costituisce il meccanismo di difesa primaria per la protezione delle risorse informative e delle operazioni critiche all’interno dell’infrastruttura multilivello (Edge, Fog, Cloud). L’evoluzione delle minacce informatiche, unitamente alla crescente complessità delle normative sulla protezione dei dati (es. Kyoto 2.0), impone la necessità di un modello di controllo degli accessi che non sia solamente robusto, ma anche dinamico e adattabile al contesto operativo. In tale prospettiva, il sistema di accesso e controllo granulare di AETERNA si fonda su una convergenza di paradigmi RBAC (Role-Based Access Control) e ABAC', 'di AETERNA si fonda su una convergenza di paradigmi RBAC (Role-Based Access Control) e ABAC (Attribute-Based Access Control), abilitando policy di sicurezza contestuali, adattive e tracciabili.', 'In sintesi, il sistema di accesso e controllo granulare di AETERNA costituisce un pilastro fondamentale per la sicurezza, la governance e la sostenibilità dell’intera piattaforma, abilitando un modello operativo resiliente, trasparente e conforme alle più stringenti esigenze di protezione dei dati e delle infrastrutture critiche.\n\nCapitolo 5: Gestione dei Consensi e Preferenze Utente\n\nIntroduzione Teorica']"
"Descrivi in che modo il sistema di gestione consensi del Progetto AETERNA garantisce la conformità normativa, la tracciabilità delle operazioni e la sicurezza dei dati, considerando sia l’architettura tecnica che i processi di acquisizione, modifica e revoca dei consensi in ambienti multi-tenant.","Il sistema di gestione consensi del Progetto AETERNA garantisce la conformità normativa, la tracciabilità delle operazioni e la sicurezza dei dati attraverso una combinazione di architettura tecnica avanzata e processi strutturati. L’architettura prevede un modulo centralizzato (Consent Management System, CMS) integrato con l’Identity Provider federato e i livelli Edge, Fog e Cloud, che espone API RESTful sicure per orchestrare la raccolta, l’aggiornamento e la revoca dei consensi su tutta la piattaforma. I consensi sono memorizzati in un repository cifrato separato, con chiavi gestite tramite TPM e rotazione periodica, mentre le preferenze utente sono archiviate in strutture dati distinte accessibili solo tramite autenticazione forte.

Ogni operazione di acquisizione, modifica o revoca di consenso è registrata su blockchain tramite smart contract dedicati, con hash SHA-3-256 + salt TPM, timestamp NTP e Bit-Energy ID associato, garantendo immutabilità, non ripudio e audit trail completo. L’acquisizione del consenso avviene tramite dashboard utente, API di terze parti o interfacce Edge, sempre previa autenticazione MFA, e consente all’utente di esprimere consensi granulari per ciascuna finalità secondo lo standard Kyoto 2.0. Tutte le informazioni rilevanti (data, ora, finalità, modalità di acquisizione, versione della policy, identificativo utente pseudonimizzato, Bit-Energy ID) vengono registrate dettagliatamente.

La modifica e la revoca dei consensi sono gestite tramite una dashboard self-service autenticata via MFA e API RESTful sicure (OAuth2.0 JWT), con propagazione automatica delle modifiche su tutti i sistemi federati e workflow automatici di cessazione del trattamento e cancellazione sicura dei dati secondo le policy di retention. Ogni revoca o modifica è tracciata su blockchain, con notifica all’utente e alert ai Data Manager.

In ambienti multi-tenant, il CMS supporta la federazione dei consensi tramite mapping con Identity Provider esterni (LDAP/SAML), garantendo sincronizzazione e validazione cross-domain. I consensi sono associati a scope specifici per una gestione fine-grained e le policy di retention sono configurabili per tenant, con workflow automatici di cancellazione dati alla scadenza o revoca.

La sicurezza è assicurata da crittografia end-to-end (TLS 1.3 in transito, AES-256 a riposo con chiavi TPM), audit logging immutabile su blockchain, accesso segregato tramite policy RBAC/ABAC, autenticazione forte (MFA) per ogni operazione e sistemi di alert per tentativi anomali di modifica o revoca. Questi elementi garantiscono conformità a GDPR e Kyoto 2.0, tracciabilità completa, sicurezza dei dati e accountability in ambienti complessi e distribuiti.",difficile,"Il sistema di gestione consensi (Consent Management System, CMS) del Progetto AETERNA garantisce la conformità normativa, la tracciabilità delle operazioni e la sicurezza dei dati attraverso una combinazione di scelte architetturali avanzate e processi operativi strutturati, specificamente progettati per ambienti multi-tenant e decentralizzati.

**1. Conformità normativa (GDPR, Kyoto 2.0):**  
Il CMS è progettato per essere conforme alle principali normative sulla protezione dei dati personali, come il GDPR e Kyoto 2.0. Questo avviene tramite:

- **Raccolta esplicita e informata del consenso:** Gli utenti sono informati in modo trasparente sulle finalità e sulle modalità del trattamento dei dati, e possono esprimere consensi granulari per ciascuna tipologia di trattamento.
- **Gestione delle preferenze:** Il sistema consente agli utenti di modificare in qualsiasi momento le proprie preferenze, garantendo il diritto alla portabilità e alla revoca del consenso.
- **Automazione delle revoche:** La revoca del consenso viene propagata automaticamente su tutti i livelli della piattaforma (Edge, Fog, Cloud), assicurando che il trattamento dei dati cessi immediatamente dove richiesto.

**2. Tracciabilità delle operazioni:**  
La tracciabilità è assicurata da:

- **Audit trail centralizzato:** Ogni operazione di acquisizione, modifica o revoca del consenso viene registrata in modo immutabile e consultabile, con timestamp, identificativo utente e dettaglio dell’operazione.
- **Propagazione coerente delle modifiche:** Grazie all’architettura centralizzata logicamente ma distribuita fisicamente, ogni cambiamento viene sincronizzato in tempo reale su tutti i nodi della piattaforma, evitando discrepanze tra i diversi livelli e tenant.
- **API RESTful sicure:** Tutte le interazioni con il CMS avvengono tramite API autenticata e autorizzata, garantendo che solo attori legittimi possano accedere o modificare i consensi.

**3. Sicurezza dei dati:**  
La sicurezza è garantita da:

- **Integrazione con Identity Provider federato:** L’autenticazione e l’autorizzazione degli utenti e dei servizi avviene tramite un Identity Provider federato, che assicura la corretta identificazione e la segregazione dei dati tra tenant diversi.
- **Isolamento multi-tenant:** I dati e i consensi di ciascun tenant sono logicamente separati, impedendo accessi non autorizzati tra organizzazioni o gruppi diversi.
- **Crittografia e protezione delle comunicazioni:** Tutti i dati in transito e a riposo sono cifrati secondo gli standard di settore, riducendo il rischio di accessi non autorizzati o compromissioni.

**4. Processi di acquisizione, modifica e revoca:**  
- **Acquisizione:** Il consenso viene raccolto tramite interfacce utente o API, con registrazione dettagliata delle condizioni e delle preferenze espresse.
- **Modifica:** Gli utenti possono aggiornare le proprie preferenze in qualsiasi momento; il sistema aggiorna e propaga le modifiche in tempo reale.
- **Revoca:** La revoca è immediata e automatizzata, con cessazione del trattamento e aggiornamento dell’audit trail.

**In sintesi**, il CMS di AETERNA, grazie alla sua architettura centralizzata e resiliente, all’integrazione con sistemi di identità federata e all’adozione di processi automatizzati e tracciabili, assicura la piena conformità normativa, la trasparenza operativa e la sicurezza dei dati personali in ambienti complessi e multi-tenant.","[0.21450328826904297, 0.22620904445648193, 0.2562457323074341]","['synthetic_data_AETERNA\\Volume_08_gestione_dei_dati_e_privacy.md:0:56', 'synthetic_data_AETERNA\\Volume_08_gestione_dei_dati_e_privacy.md:0:58', 'synthetic_data_AETERNA\\Volume_08_gestione_dei_dati_e_privacy.md:0:55']","['La gestione dei consensi e delle preferenze utente rappresenta un pilastro imprescindibile per la conformità normativa, la trasparenza operativa e la tutela della fiducia degli utenti all’interno del Progetto AETERNA. In un contesto di micro-reti energetiche decentralizzate, caratterizzato da una pluralità di attori, flussi dati eterogenei e policy multi-tenant, la centralizzazione e la tracciabilità delle autorizzazioni al trattamento dei dati personali assumono rilevanza strategica. L’implementazione di un sistema di gestione consensi conforme alle direttive GDPR e Kyoto 2.0, con capacità di audit e automazione delle revoche, costituisce non solo un requisito legale, ma anche un differenziatore tecnologico per la governance dei dati in ambienti complessi e', 'Specifiche Tecniche e Protocolli\n\n1. Architettura del Sistema di Gestione Consensi\n\nIl modulo di gestione consensi (Consent Management System, CMS) di AETERNA è concepito come un servizio centralizzato, resiliente e integrato nativamente con l’Identity Provider federato e i livelli Edge, Fog e Cloud. Esso opera secondo i seguenti principi architetturali:\n\nCentralizzazione logica, distribuzione fisica: Il CMS espone API RESTful sicure, orchestrando la raccolta, l’aggiornamento e la revoca dei consensi su tutti i livelli della piattaforma, garantendo coerenza e propagazione immediata delle modifiche.', 'In sintesi, il sistema di accesso e controllo granulare di AETERNA costituisce un pilastro fondamentale per la sicurezza, la governance e la sostenibilità dell’intera piattaforma, abilitando un modello operativo resiliente, trasparente e conforme alle più stringenti esigenze di protezione dei dati e delle infrastrutture critiche.\n\nCapitolo 5: Gestione dei Consensi e Preferenze Utente\n\nIntroduzione Teorica']"
Qual è il costo medio annuale per la gestione delle chiavi TPM utilizzate nella cifratura AES-256 dei dati a riposo nei diversi livelli della piattaforma AETERNA?,L'informazione non è disponibile nel testo,impossibile,"In base al contesto fornito, la piattaforma AETERNA utilizza HSM (Hardware Security Module) per la gestione delle chiavi AES-256 relative alla cifratura dei dati a riposo, con rotazione automatica semestrale. Non viene menzionato l’utilizzo di TPM (Trusted Platform Module) per la gestione delle chiavi, né sono forniti dettagli specifici sui costi associati a TPM.

Pertanto, **non è possibile determinare il costo medio annuale per la gestione delle chiavi TPM** nella cifratura AES-256 dei dati a riposo nei diversi livelli della piattaforma AETERNA, poiché:

- Il contesto indica l’uso di HSM e non di TPM per la gestione delle chiavi.
- Non sono presenti dati o riferimenti a costi specifici relativi a TPM.

Se hai bisogno di informazioni sui costi relativi a HSM o desideri chiarimenti sull’architettura di gestione delle chiavi descritta, posso aiutarti in base al contesto fornito.","[0.399541974067688, 0.41196513175964355, 0.4401066303253174]","['synthetic_data_AETERNA\\Volume_08_gestione_dei_dati_e_privacy.md:0:144', 'synthetic_data_AETERNA\\Volume_08_gestione_dei_dati_e_privacy.md:0:132', 'synthetic_data_AETERNA\\Volume_13_interoperabilità_e_standardizzazione_internazionale.md:0:4']","['4. Impatto\n\nL’implementazione rigorosa della crittografia e della gestione delle chiavi in AETERNA produce un impatto sostanziale su più dimensioni del sistema:\n\nSicurezza e Privacy: La cifratura end-to-end, unita alla segregazione delle chiavi e al controllo granulare degli accessi, riduce drasticamente il rischio di data breach, furto di identità e manipolazione dei dati sensibili. L’adozione di algoritmi di livello militare (AES-256, RSA-4096) e la rotazione periodica delle chiavi assicurano resilienza anche contro attori dotati di elevate capacità computazionali.', 'La scelta di algoritmi avanzati (AES-256 per la cifratura simmetrica e RSA-4096 per la cifratura asimmetrica) e la gestione rigorosa delle chiavi tramite Key Management Service (KMS) dedicati, riflettono una strategia volta a mitigare i rischi di compromissione, intercettazione e manipolazione dei dati. L’approccio di AETERNA prevede inoltre la cifratura estesa a backup, log di audit, e dati esportati, nonché l’adozione di processi di verifica e test di penetrazione periodici, in linea con le best practice di sicurezza e con i requisiti degli standard interni (es. Kyoto 2.0, Bit-Energy).\n\n2. Specifiche Tecniche e Protocolli\n\n2.1 Cifratura dei Dati in Transito', 'A riposo: I dati persistenti (log, snapshot, ledger Bit-Energy, dati utente) sono cifrati mediante AES-256, con chiavi gestite tramite HSM (Hardware Security Module) e rotazione automatica semestrale.\n\nGestione degli Accessi\n\nPrincipio del minimo privilegio: Policy RBAC (Role-Based Access Control) granulari su tutti i livelli (Edge, Fog, Cloud), integrate con audit trail dettagliati.\n\nIdentity Federation: Utilizzo di SAML 2.0 per la federazione delle identità tra domini AETERNA e provider esterni (es. enti municipali, utility partner).\n\nAutenticazione OAuth 2.0: Tutte le API pubbliche e interne richiedono token OAuth 2.0 con scope limitati e refresh token short-lived.\n\nAudit e Logging']"
Quale tecnologia viene utilizzata per garantire l’immutabilità e la tracciabilità dei log nel sistema di audit di AETERNA?,"I log vengono scritti sia su storage distribuito cifrato sia su blockchain interna Kyoto 2.0, assicurando immutabilità e tracciabilità. Ogni entry su blockchain include hash SHA-3-256, firma digitale e metadati contestuali.",facile,"Nel sistema di audit di AETERNA, l’immutabilità e la tracciabilità dei log sono garantite tramite l’utilizzo di strutture **Merkle Tree** integrate nativamente con il **Bit-Energy Ledger**. Questa tecnologia consente di certificare l’integrità delle evidenze digitali raccolte, assicurando che ogni operazione sensibile sia registrata in modo strutturato, versionato e non alterabile.","[0.2563309669494629, 0.26929396390914917, 0.27491486072540283]","['synthetic_data_AETERNA\\Volume_04_sicurezza_informatica_e_cyber-resilienza.md:0:124', 'synthetic_data_AETERNA\\Volume_08_gestione_dei_dati_e_privacy.md:0:85', 'synthetic_data_AETERNA\\Volume_08_gestione_dei_dati_e_privacy.md:0:87']","['Nel contesto di una micro-rete energetica decentralizzata come AETERNA, la capacità di garantire la tracciabilità, l’immutabilità e la non ripudiabilità delle operazioni è un requisito imprescindibile per la sicurezza sistemica e la conformità normativa. In particolare, la gestione degli incidenti di sicurezza (ad esempio, accessi non autorizzati, anomalie nei flussi energetici, tentativi di manipolazione dei dati) richiede strumenti avanzati di audit forense, in grado di ricostruire in modo affidabile la sequenza degli eventi e di certificare l’integrità delle evidenze digitali raccolte. AETERNA implementa un sistema di logging immutabile basato su strutture Merkle Tree, integrato nativamente con il Bit-Energy Ledger. Questa', 'Nel contesto delle micro-reti energetiche decentralizzate di AETERNA, la sicurezza dei dati rappresenta un pilastro fondamentale per la resilienza e la fiducia dell’intero ecosistema. L’audit continuo e il monitoraggio proattivo della sicurezza dei dati non si limitano alla mera raccolta di log, ma costituiscono un processo strutturato e multilivello che abbraccia la prevenzione, la rilevazione e la risposta tempestiva agli incidenti. L’obiettivo è garantire la tracciabilità, l’integrità e l’immutabilità delle operazioni sensibili, assicurando la compliance rispetto alle policy interne e ai requisiti regolamentari. In AETERNA, tale processo si articola attraverso l’integrazione di sistemi di audit log', 'Specifiche Tecniche e Protocolli\n\n1. Architettura dei Sistemi di Audit Log Centralizzati\n\nL’architettura di audit log in AETERNA è progettata per garantire la raccolta, la normalizzazione e la conservazione immutabile dei log generati su tutti i livelli (Edge, Fog, Cloud). Ogni operazione sensibile (accesso, modifica, cancellazione, variazione configurazione, gestione consensi, policy di retention) viene automaticamente registrata secondo uno schema strutturato e versionato.\n\nRaccolta Log:\n\nI nodi Edge (H-Node) e Fog inviano in modo sicuro i log verso un cluster centralizzato di Log Collector, utilizzando canali cifrati TLS 1.3 e autenticazione mutuale.']"
In che modo la presenza di una blockchain nativa Kyoto 2.0 e l’adozione di smart contract influenzano sia la tracciabilità delle operazioni che la regolazione della condivisione dei dati tra i nodi nell’ecosistema AETERNA?,"La presenza di una blockchain nativa Kyoto 2.0 e l’adozione di smart contract regolano la tracciabilità delle operazioni attraverso il logging immutabile di tutte le attività rilevanti, garantendo auditabilità, trasparenza e attribuzione delle responsabilità. Ogni condivisione di dati tra nodi/tenant è gestita tramite smart contract Kyoto 2.0, che automatizzano la verifica della coerenza delle policy e registrano ogni operazione sulla blockchain, assicurando che le regole di accesso e condivisione siano rispettate e tracciate. In caso di incidenti o anomalie, le procedure di escalation e i workflow automatizzati generano alert e attivano il logging dettagliato su blockchain, permettendo audit forensi e replay sequenziale delle operazioni. Questo sistema rafforza la regolazione della condivisione dei dati tra i nodi, poiché ogni accesso o trasferimento è soggetto a policy formalizzate, validazione dei consensi e controllo tramite smart contract, con enforcement distribuito e tracciamento garantito dalla blockchain Kyoto 2.0.",media,"La presenza di una blockchain nativa Kyoto 2.0 e l’adozione di smart contract influenzano in modo determinante sia la tracciabilità delle operazioni sia la regolazione della condivisione dei dati tra i nodi nell’ecosistema AETERNA:

**Tracciabilità delle operazioni:**  
La blockchain Kyoto 2.0 garantisce che ogni operazione rilevante (ad esempio trasferimenti di dati, accessi, modifiche) venga registrata in modo immutabile e auditabile. Questo significa che ogni evento è tracciato cronologicamente e non può essere alterato retroattivamente, assicurando trasparenza e accountability. La notarizzazione su blockchain permette di ricostruire in qualsiasi momento la storia completa delle interazioni, riducendo i rischi di abuso o perdita di dati e facilitando la compliance alle policy Bit-Energy e Kyoto 2.0.

**Regolazione della condivisione dei dati:**  
Gli smart contract implementano in modo automatico e verificabile le regole di condivisione e accesso ai dati tra i nodi. Questi contratti digitali formalizzano le condizioni (ad esempio consensi, limiti di utilizzo, SLA) e ne garantiscono l’esecuzione senza possibilità di manipolazione arbitraria. In questo modo, la condivisione dei dati tra operatori o piattaforme avviene solo se e quando le condizioni contrattuali sono soddisfatte, assicurando il rispetto delle policy di sicurezza e privacy e la conformità agli standard di settore.

**In sintesi:**  
Blockchain Kyoto 2.0 e smart contract assicurano che ogni operazione sia tracciabile, verificabile e conforme, mentre la condivisione dei dati tra i nodi avviene in modo regolato, trasparente e sicuro, rafforzando la fiducia e l’affidabilità dell’ecosistema AETERNA.","[0.2894670367240906, 0.30106931924819946, 0.31337636709213257]","['synthetic_data_AETERNA\\Volume_08_gestione_dei_dati_e_privacy.md:0:127', 'synthetic_data_AETERNA\\Volume_11_integrazione_con_le_energie_rinnovabili.md:0:40', 'synthetic_data_AETERNA\\Volume_19_aspetti_legali,_regolatori_e_normativi.md:0:73']","['Impatto\n\nL’implementazione rigorosa della portabilità dei dati in AETERNA produce impatti significativi su più livelli:\n\nEmpowerment Utente: Gli utenti acquisiscono effettivo controllo sui propri dati energetici, potendo trasferirli agevolmente tra operatori o piattaforme, favorendo la concorrenza e l’innovazione nell’ecosistema delle micro-reti.\n\nSicurezza e Compliance: L’integrazione con blockchain Kyoto 2.0 e il rispetto delle policy Bit-Energy assicurano tracciabilità, immutabilità e auditabilità di ogni operazione, riducendo i rischi di abuso o perdita di dati.', 'Dal punto di vista della sicurezza e della compliance, la cifratura end-to-end, la gestione hardware delle chiavi e la notarizzazione blockchain assicurano la protezione dei dati sensibili e la tracciabilità di ogni evento rilevante, in piena aderenza alle policy Kyoto 2.0 e agli standard Bit-Energy. La strutturazione multilivello dello storage riduce la dipendenza dal cloud centrale, favorendo la decentralizzazione e l’autonomia operativa dei micro-ecosistemi urbani, in linea con la missione di AETERNA.', 'L’implementazione rigorosa delle specifiche contrattuali e degli SLA descritti in questo capitolo produce un impatto determinante sull’affidabilità, la trasparenza e la scalabilità del Progetto AETERNA. La formalizzazione di responsabilità, metriche e penali, unita all’integrazione di allegati tecnici (Registro Licenze, SBOM, Matrice di Compatibilità), consente di minimizzare i rischi operativi e legali, garantendo la conformità agli standard interni (Kyoto 2.0, Bit-Energy) e alle normative di settore. I meccanismi di revisione automatizzata e auditabilità su blockchain assicurano la tracciabilità delle modifiche e la tempestiva gestione delle anomalie, rendendo la piattaforma idonea a scenari multi-cloud e multi-fornitore ad alta complessità. In ultima']"
"Quali sono le fasi e i controlli previsti nel workflow di portabilità dei dati nel Progetto AETERNA, dalla richiesta dell’utente fino alla notifica finale, e come vengono garantite sicurezza, tracciabilità e rispetto delle preferenze utente durante l’intero processo?","Le fasi del workflow di portabilità dei dati nel Progetto AETERNA sono:

1. Richiesta: L’utente autenticato invia una richiesta tramite API o dashboard, specificando scope e formato desiderato.
2. Verifica Consenso: Il sistema verifica la presenza di un Consent_ID valido e la congruenza con il dominio dati richiesto.
3. Validazione Policy: Il Compliance Engine controlla la coerenza delle policy e delle restrizioni applicabili.
4. Esportazione: I dati vengono estratti, filtrati secondo il consenso, anonimizzati se necessario in base al livello di sensibilità, e confezionati nel formato richiesto (JSON o CSV), insieme a un file di metadati dettagliato.
5. Logging e Notifica: L’operazione viene loggata in modo immutabile su blockchain Kyoto 2.0 (includendo Bit-Energy_ID, Consent_ID, timestamp, scope, outcome e hash del payload). L’utente riceve una notifica (via dashboard e/o email) con link sicuro per il download. Il DPO e gli steward ricevono notifica e possono consultare l’audit trail tramite dashboard.

Sicurezza, tracciabilità e rispetto delle preferenze utente sono garantiti da:
- Autenticazione forte (OAuth2/OpenID Connect con MFA) e autorizzazione granulare (RBAC+ABAC).
- Logging immutabile su blockchain Kyoto 2.0 e audit trail consultabile.
- Rate limiting, alerting su pattern anomali, possibilità di revoca/blacklisting e cifratura end-to-end dei dati esportati.
- Filtraggio dinamico dei dati in base ai consensi attivi e alle preferenze utente, con versionamento dei consensi riportato nei metadati.
- Trasmissione sicura e interoperabilità tramite formati standard e validazione del destinatario per invio diretto a terzi.",difficile,"Nel Progetto AETERNA, il workflow di portabilità dei dati è strutturato in fasi distinte, ciascuna supportata da controlli specifici per garantire sicurezza, tracciabilità e rispetto delle preferenze dell’utente, in conformità al GDPR e alle best practice di protezione dei dati. Di seguito sono descritte le principali fasi e i relativi controlli:

**1. Ricezione e autenticazione della richiesta**
- **Fase:** L’utente presenta una richiesta di portabilità tramite un canale autenticato (es. portale web sicuro o app dedicata).
- **Controlli:**  
  - Autenticazione forte dell’utente (es. multi-factor authentication) per prevenire accessi non autorizzati.
  - Logging della richiesta con timestamp e identificativo utente per garantire tracciabilità.

**2. Verifica e validazione della richiesta**
- **Fase:** Il sistema verifica la legittimità della richiesta e la titolarità dei dati.
- **Controlli:**  
  - Controllo automatico dei consensi e delle preferenze privacy espresse dall’utente.
  - Validazione dei dati richiesti rispetto alle policy di minimizzazione e pertinenza.

**3. Preparazione del dataset**
- **Fase:** I dati personali vengono estratti dai sistemi Edge, Fog e Cloud, aggregati e preparati in un formato strutturato, di uso comune e leggibile da dispositivo automatico (es. JSON, CSV).
- **Controlli:**  
  - Applicazione di tecniche di pseudonimizzazione e crittografia durante l’estrazione e la preparazione.
  - Audit trail delle operazioni di accesso ed estrazione dati.

**4. Verifica finale e autorizzazione**
- **Fase:** Prima della trasmissione, viene effettuata una verifica finale della coerenza e completezza del dataset.
- **Controlli:**  
  - Revisione automatizzata/manuale per assicurare che solo i dati autorizzati siano inclusi.
  - Logging delle revisioni e delle autorizzazioni.

**5. Trasmissione sicura dei dati**
- **Fase:** I dati vengono trasmessi all’utente o a un altro titolare del trattamento, secondo le preferenze espresse.
- **Controlli:**  
  - Utilizzo di canali cifrati (es. TLS/SSL) per la trasmissione.
  - Possibilità di download autenticato o invio tramite API sicure.
  - Tracciamento della consegna e conferma di ricezione.

**6. Notifica finale e chiusura del processo**
- **Fase:** L’utente riceve una notifica dell’avvenuta portabilità e delle modalità di accesso ai dati.
- **Controlli:**  
  - Notifica dettagliata tramite canali sicuri (es. email certificata, notifica in-app).
  - Aggiornamento dei log di processo e archiviazione delle evidenze di compliance.

**Garanzie trasversali durante il workflow:**
- **Sicurezza:** Tutte le fasi sono protette da misure di sicurezza tecniche (crittografia, autenticazione, segregazione dei dati) e organizzative (policy di accesso, formazione del personale).
- **Tracciabilità:** Ogni operazione è registrata in un audit trail immodificabile, consultabile in caso di audit o contestazioni.
- **Rispetto delle preferenze utente:** Le preferenze e i consensi sono verificati e rispettati in ogni fase, con possibilità per l’utente di revocare o modificare le proprie scelte prima della trasmissione.

Questo workflow assicura che la portabilità dei dati in AETERNA sia non solo conforme ai requisiti normativi, ma anche trasparente, sicura e centrata sull’utente.","[0.2620800733566284, 0.29073482751846313, 0.311779260635376]","['synthetic_data_AETERNA\\Volume_08_gestione_dei_dati_e_privacy.md:0:117', 'synthetic_data_AETERNA\\Volume_19_aspetti_legali,_regolatori_e_normativi.md:0:18', 'synthetic_data_AETERNA\\Volume_08_gestione_dei_dati_e_privacy.md:0:129']","['La portabilità dei dati, nell’ambito del Progetto AETERNA, costituisce un pilastro fondamentale per la tutela dei diritti digitali degli utenti e per l’abilitazione di ecosistemi energetici aperti, interoperabili e resilienti. Essa si configura come il diritto, da parte dell’interessato, di ricevere i propri dati personali trattati dal sistema AETERNA in un formato strutturato, di uso comune e leggibile da dispositivo automatico, nonché di trasmettere tali dati a un altro titolare del trattamento senza impedimenti. In un contesto di micro-reti energetiche decentralizzate, la portabilità si estende oltre la mera esportazione, abbracciando la necessità di preservare integrità, tracciabilità, sicurezza e rispetto dei', 'La compliance normativa in materia di privacy e protezione dei dati costituisce un asse portante dell’architettura del Progetto AETERNA, in particolare alla luce della natura distribuita e multilivello della piattaforma. La gestione dei dati personali – generati, trattati e scambiati tra Edge, Fog e Cloud – pone sfide peculiari in termini di sicurezza, riservatezza e accountability, richiedendo un approccio sistemico e proattivo. Il rispetto del Regolamento (UE) 2016/679 (GDPR) e delle disposizioni nazionali si traduce in requisiti stringenti per la progettazione, l’implementazione e la gestione operativa di ogni componente del framework, con particolare attenzione ai principi di minimizzazione, integrità, trasparenza e controllo da parte degli interessati.', 'In sintesi, la gestione della portabilità dei dati in AETERNA non solo risponde a requisiti normativi e di tutela dei diritti, ma si configura come leva strategica per la scalabilità, la trasparenza e la sostenibilità delle micro-reti energetiche urbane.\n\nCapitolo 10: Crittografia e Protezione dei Dati Sensibili\n\n1. Introduzione Teorica']"
Qual è il costo stimato per l’implementazione di un modulo hardware security module (HSM) con doppia custodia utilizzato per la gestione delle chiavi di backup nel Progetto AETERNA?,L'informazione non è disponibile nel testo,impossibile,"In base al contesto fornito, non sono presenti informazioni specifiche riguardo al costo stimato per l’implementazione di un modulo HSM con doppia custodia per la gestione delle chiavi di backup nel Progetto AETERNA. Il testo descrive l’architettura, le funzionalità di sicurezza e le componenti hardware dell’HSM, ma non fornisce dettagli relativi ai costi o a stime economiche. Per ottenere una valutazione precisa dei costi, sarebbe necessario consultare documentazione aggiuntiva o riferimenti specifici del progetto.","[0.2913309931755066, 0.3645329475402832, 0.37078940868377686]","[""synthetic_data_AETERNA\\Volume_03_specifiche_hardware_dell'h-node.md:0:76"", ""synthetic_data_AETERNA\\Volume_03_specifiche_hardware_dell'h-node.md:0:89"", ""synthetic_data_AETERNA\\Volume_03_specifiche_hardware_dell'h-node.md:0:78""]","['Il modulo HSM (Hardware Security Module) rappresenta il fulcro della sicurezza fisica e logica degli H-Node all’interno dell’architettura AETERNA. In un contesto di micro-reti energetiche decentralizzate, in cui il valore delle transazioni P2P e la gestione degli smart contract sono strettamente legati all’integrità delle chiavi crittografiche, la protezione di tali chiavi private assume un ruolo strategico. Il modulo HSM, integrato a livello hardware, è progettato per resistere a tentativi di compromissione fisica, garantendo la custodia sicura delle chiavi e l’esecuzione di operazioni crittografiche in ambiente isolato. In caso di attacco fisico—come tentativi di apertura forzata, manipolazione elettronica o accesso non autorizzato—il', 'L’adozione del modulo HSM come standard per la custodia delle chiavi private negli H-Node di AETERNA eleva il livello di sicurezza fisica e logica dei dispositivi IoT critici, riducendo drasticamente la superficie di attacco legata alla compromissione delle chiavi. La presenza di trigger di autodistruzione hardware garantisce che, anche in caso di accesso fisico non autorizzato o tentativi di reverse engineering, nessuna informazione sensibile possa essere estratta dal dispositivo. Questo approccio, conforme alle policy Kyoto 2.0 e agli standard interni Bit-Energy, contribuisce a mantenere la fiducia nella rete, impedendo attacchi di spoofing, replay o furto di identità digitale degli H-Node. Inoltre, la propagazione tempestiva degli eventi di sicurezza verso i livelli Fog e Cloud', 'Specifiche Tecniche e Protocolli\n\nArchitettura Hardware\n\nL’HSM di AETERNA è implementato come sottosistema embedded, fisicamente separato dal SoC principale (Aeterna-Core X1) e dotato delle seguenti componenti:\n\nSecure Enclave: Area di memoria volatile (SRAM) dedicata alla custodia temporanea delle chiavi private e dei segreti operativi. L’accesso è consentito esclusivamente tramite bus interno autenticato (SPI/I²C in modalità sicura).\n\nTamper Sensors: Rete di sensori fisici (micro-interruttori, sensori di pressione, loop conduttivi, sensori ottici) integrati nel package del modulo e nel case dell’H-Node, in grado di rilevare:\n\nApertura involontaria o forzata del case.']"
Quali sono i tre organi principali che formalizzano la governance della rete AETERNA?,"Consiglio di Amministrazione della Rete (CAR), Network Operations Team (NOT), Comitato di Revisione Tecnica (CRT)",facile,"I tre organi principali che formalizzano la governance della rete AETERNA sono:

1. Consiglio di Amministrazione della Rete (CAR)
2. Comitato Direttivo AETERNA (Governo Centrale - Cloud Layer)
3. Unità Compliance & Risk Management

Ognuno di questi organi ha specifiche responsabilità, privilegi e interfacce di comunicazione all’interno della struttura organizzativa della rete.","[0.16159015893936157, 0.25442641973495483, 0.338611364364624]","['synthetic_data_AETERNA\\Volume_09_governance_e_modelli_di_partecipazione.md:0:3', 'synthetic_data_AETERNA\\Volume_16_sostenibilità_ambientale_e_impatto_sociale.md:0:129', 'synthetic_data_AETERNA\\Volume_09_governance_e_modelli_di_partecipazione.md:0:112']","['Specifiche Tecniche e Protocolli\n\nStruttura Organizzativa e Ruoli\n\nLa governance della rete AETERNA è formalizzata attraverso la definizione di tre organi principali, ciascuno dotato di specifiche responsabilità, privilegi e interfacce di comunicazione:\n\nConsiglio di Amministrazione della Rete (CAR)\n\nComposizione: Membri eletti tra i rappresentanti degli stakeholder principali (municipalità, consorzi energetici, enti di ricerca).\n\nResponsabilità: Approvazione delle linee guida strategiche, validazione delle modifiche infrastrutturali di rilievo, supervisione delle politiche di sicurezza, gestione delle escalation di rischio sistemico.', 'Specifiche Tecniche e Protocolli\n\n1. Struttura di Governance\n\nLa governance di AETERNA è articolata su tre livelli, corrispondenti agli strati architetturali del framework (Edge, Fog, Cloud), ognuno dei quali prevede ruoli, responsabilità e meccanismi di controllo specifici:\n\nGoverno Centrale (Cloud Layer):\n\nComitato Direttivo AETERNA: Organo decisionale supremo, responsabile della definizione delle policy strategiche, dell’approvazione delle roadmap normative e tecnologiche, della supervisione dei processi di audit e della validazione delle certificazioni di conformità.\n\nUnità Compliance & Risk Management: Struttura dedicata all’analisi di rischio normativo, all’aggiornamento delle procedure e alla gestione delle relazioni con enti regolatori esterni.', 'La partecipazione degli stakeholder esterni rappresenta un pilastro fondamentale nella governance distribuita del Progetto AETERNA. In un contesto di micro-reti energetiche decentralizzate, l’inclusione di enti pubblici, aziende, università e associazioni non solo arricchisce il capitale cognitivo e sociale dell’ecosistema, ma introduce anche una pluralità di prospettive indispensabili per garantire resilienza, innovazione e rappresentatività nelle scelte strategiche. La governance di AETERNA è strutturata per favorire un’interazione bidirezionale e trasparente tra il nucleo tecnico-operativo del progetto e la comunità esterna, attraverso meccanismi formali di consultazione, co-progettazione e feedback continuo. Tale apertura è coerente con la missione di']"
"In che modo il sistema di voto elettronico di AETERNA garantisce sia la privacy degli elettori sia la verificabilità pubblica dei risultati, considerando l’utilizzo di crittografia omomorfica, proof ZKP e l’integrazione con Kyoto 2.0?","Il sistema di voto elettronico di AETERNA garantisce la privacy degli elettori attraverso la cifratura omomorfica dei voti, che vengono generati e cifrati localmente dall’utente e possono essere aggregati senza decrittazione, assicurando la privacy end-to-end. Ogni voto è accompagnato da una proof Zero-Knowledge (ZKP) che ne attesta la validità senza rivelare il contenuto o informazioni sensibili. La verificabilità pubblica dei risultati è assicurata dall’utilizzo della blockchain permissioned Kyoto 2.0, dove tutte le transazioni di voto e delega sono registrate tramite smart contract e associate a un Audit_Reference, consentendo audit indipendenti e verifica ex post. Il modulo di tallying distribuito aggrega i voti preservando l’anonimato e pubblica i risultati su Kyoto 2.0 insieme alle proof crittografiche, permettendo a qualsiasi attore abilitato di verificare la correttezza del processo tramite l’audit trail e le proof ZKP, senza accedere ai dati sensibili.",media,"Il sistema di voto elettronico di AETERNA garantisce contemporaneamente la privacy degli elettori e la verificabilità pubblica dei risultati attraverso una combinazione di tecnologie e protocolli avanzati, come segue:

**1. Privacy degli elettori**
- **Crittografia omomorfica**: I voti vengono cifrati in modo tale che possano essere aggregati e conteggiati senza mai essere decifrati individualmente. Questo significa che nessuno, nemmeno gli amministratori del sistema, può risalire al contenuto del singolo voto o collegarlo all’identità dell’elettore.
- **Zero-Knowledge Proof (ZKP)**: Le ZKP permettono agli elettori di dimostrare di aver espresso un voto valido (ad esempio, che il voto rientra tra le opzioni consentite) senza rivelare quale sia stata la scelta effettiva. In questo modo, la segretezza del voto è preservata anche durante le fasi di verifica e scrutinio.
- **Modulo di Identità Digitale Federata**: L’autenticazione forte tramite provider eIDAS (SPID, CIE) e token temporanei assicura che solo gli aventi diritto possano votare, ma l’identità dell’elettore viene separata dal contenuto del voto grazie ai meccanismi crittografici.

**2. Verificabilità pubblica dei risultati**
- **Blockchain permissioned Kyoto 2.0**: Tutte le transazioni di voto e delega sono registrate in modo immutabile e auditabile sulla blockchain Kyoto 2.0. Questo garantisce che ogni operazione sia tracciabile e non possa essere alterata retroattivamente.
- **Auditabilità tramite tagging energetico**: Ogni transazione è accompagnata da un “tag energetico” che ne certifica l’autenticità e la provenienza, facilitando audit pubblici e verifiche indipendenti.
- **Verifica pubblica tramite ZKP**: Chiunque può verificare, senza accedere ai dati sensibili, che il conteggio dei voti sia stato eseguito correttamente e che ogni voto sia valido, grazie alle prove crittografiche pubblicamente consultabili.
- **Trasparenza della piattaforma**: La natura permissioned della blockchain consente la pubblicazione dei risultati e delle prove di correttezza, mantenendo però il controllo sugli accessi e la protezione dei dati personali.

**In sintesi:**  
AETERNA combina crittografia omomorfica e Zero-Knowledge Proof per separare l’identità dell’elettore dal voto espresso, garantendo la privacy. Al contempo, la registrazione immutabile su blockchain Kyoto 2.0 e le prove crittografiche pubbliche assicurano che chiunque possa verificare la correttezza e la legittimità dei risultati, senza compromettere la segretezza del voto.","[0.26466572284698486, 0.28718364238739014, 0.31295669078826904]","['synthetic_data_AETERNA\\Volume_09_governance_e_modelli_di_partecipazione.md:0:19', 'synthetic_data_AETERNA\\Volume_11_integrazione_con_le_energie_rinnovabili.md:0:116', 'synthetic_data_AETERNA\\Volume_09_governance_e_modelli_di_partecipazione.md:0:31']","['Specifiche Tecniche e Protocolli\n\n1. Architettura del Sistema di Voto Elettronico\n\nIl sistema di voto elettronico di AETERNA è costruito su una piattaforma blockchain permissioned, basata su Kyoto 2.0, che funge da registro immutabile e auditabile per tutte le transazioni di voto e delega. L’architettura si compone dei seguenti moduli principali:\n\nModulo di Identità Digitale Federata: Integra provider conformi a eIDAS (es. SPID, CIE) e fornisce autenticazione forte a due fattori, con gestione delle sessioni tramite token temporanei firmati e validati dal KMS centrale.', 'Distribuzione benefici: I crediti Bit-Energy sono trasferiti ai wallet individuali.\n\nAudit: La transazione è registrata con tagging energetico Kyoto 2.0.\n\n2.3. Sistemi di Voto Elettronico e Partecipazione\n\nPer garantire una governance partecipata, AETERNA integra sistemi di voto elettronico basati su blockchain, che assicurano:\n\nAutenticazione forte: Basata su DID e autenticazione a due fattori.\n\nAnonimato e segretezza del voto: Utilizzo di tecniche crittografiche (es. Zero-Knowledge Proof).\n\nAuditabilità: Ogni voto è tracciabile e verificabile senza compromissione della privacy.', 'Impatto\n\nL’implementazione dei meccanismi di voto elettronico e delega all’interno del Progetto AETERNA introduce un paradigma di partecipazione e governance digitale che si distingue per elevati standard di sicurezza, trasparenza e inclusività. La possibilità di esercitare il diritto di voto — sia in forma diretta sia tramite delega liquida e revocabile — rafforza la legittimità delle decisioni collettive e riduce drasticamente il rischio di frodi, manipolazioni o esclusioni sistemiche.']"
"Quali sono le fasi principali e i meccanismi tecnici coinvolti nel processo di gestione e risoluzione delle dispute all’interno della piattaforma AETERNA, dalla rilevazione della disputa fino alla notifica dell’outcome agli utenti, e in che modo questi elementi contribuiscono a garantire trasparenza, auditabilità e resilienza operativa nel sistema?","Le fasi principali del processo di gestione e risoluzione delle dispute nella piattaforma AETERNA sono:

1. Identificazione della disputa: può avvenire automaticamente tramite monitoraggio di errori, mismatch nei log o alert su condizioni anomale (come divergenza di hash o timeout nei processi di validazione), oppure manualmente tramite segnalazione di un utente, nodo H-Node/Fog o amministratore di governance. Ogni evento di disputa viene registrato come Dispute_Event sulla blockchain Kyoto 2.0, con metadati quali Dispute_ID, Audit_Reference, Timestamp, Initiator_ID, Dispute_Type e Status.

2. Raccolta delle evidenze: viene attivato il Dispute Evidence Module (DEM), che aggrega log firmati digitalmente, snapshot di stato, hash crittografici delle transazioni, prove di consenso e eventuali Zero-Knowledge Proof. Tutte le evidenze sono notarizzate tramite hash su Kyoto 2.0 e collegate tramite l’Audit_Reference.

3. Arbitraggio distribuito: un Arbitration Quorum, costituito da un sottoinsieme di nodi selezionati dinamicamente tramite algoritmo BFT, riceve e analizza le evidenze secondo una Dispute Resolution Policy definita in smart contract su Kyoto 2.0. Ogni nodo arbitro firma digitalmente il proprio verdetto, che viene raccolto e notarizzato.

4. Validazione e risoluzione tramite smart contract: il risultato dell’arbitraggio viene sottoposto a validazione automatica da uno smart contract dedicato (Dispute_Resolver), che verifica la coerenza delle evidenze, la validità delle firme e l’aderenza alle policy. In caso di verdetto unanime o maggioritario, la decisione viene eseguita in modo atomico; in caso di stallo o incongruenza, la disputa viene escalata a un livello superiore.

5. Logging, audit e notifica: tutte le fasi sono tracciate in dettaglio con Audit_Reference, timestamp, ID dei partecipanti e outcome. La dashboard di audit espone in tempo reale lo stato delle dispute, garantendo trasparenza e verificabilità pubblica. Gli utenti coinvolti ricevono notifiche automatizzate con dettagli e outcome.

Questi elementi contribuiscono a garantire trasparenza tramite la registrazione immutabile su Kyoto 2.0 e la visibilità in tempo reale tramite dashboard di audit; auditabilità grazie alla notarizzazione delle evidenze, alla tracciabilità delle azioni e alla possibilità di verifica pubblica; resilienza operativa attraverso l’automazione, la segregazione dei ruoli, la rotazione dei nodi arbitri e la capacità di escalation, assicurando la continuità dei servizi e la risoluzione tempestiva e imparziale delle dispute.",difficile,"Le fasi principali e i meccanismi tecnici coinvolti nel processo di gestione e risoluzione delle dispute nella piattaforma AETERNA sono i seguenti:

**1. Rilevazione e Segnalazione della Disputa**
- **Trigger automatici e manuali:** Le dispute possono essere rilevate automaticamente da smart contract (ad esempio, in caso di incongruenze nei dati transazionali o nei risultati di bilanciamento AI-driven) oppure segnalate manualmente dagli utenti o dai nodi.
- **Registrazione su registro immutabile:** Ogni segnalazione viene immediatamente registrata sul registro distribuito Kyoto 2.0, garantendo tracciabilità e prevenendo alterazioni ex post.

**2. Classificazione e Inquadramento**
- **Analisi automatizzata:** Algoritmi di classificazione (potenzialmente AI-driven) analizzano la natura della disputa (es. contestazione dati, allocazione risorse, errori computazionali).
- **Assegnazione di priorità:** In base all’impatto operativo (es. servizi critici come trading Bit-Energy), la disputa viene instradata verso il canale di risoluzione appropriato.

**3. Raccolta e Congelamento delle Evidenze**
- **Snapshot dei dati:** Vengono acquisiti snapshot dei dati e degli stati di sistema rilevanti al momento della disputa.
- **Hash crittografici:** Le evidenze vengono sigillate tramite hash crittografici e ancorate al registro, assicurando integrità e immutabilità.

**4. Risoluzione tramite Smart Contract**
- **Automazione delle decisioni:** Smart contract predefiniti eseguono logiche di risoluzione basate su regole trasparenti e condivise (es. verifica delle firme, confronto tra versioni di dati, regole di majority voting).
- **Coinvolgimento di nodi validatori:** In caso di dispute complesse, può essere attivato un meccanismo di arbitraggio distribuito tra nodi autorizzati, sempre tracciato on-chain.

**5. Emissione e Notifica dell’Outcome**
- **Registrazione dell’outcome:** L’esito della risoluzione viene registrato sul registro Kyoto 2.0, con dettagli sulle motivazioni e sulle evidenze utilizzate.
- **Notifica agli utenti:** Gli utenti e i nodi coinvolti ricevono una notifica automatica e verificabile, contenente l’outcome e i riferimenti alle evidenze e alle regole applicate.

**Contributo a Trasparenza, Auditabilità e Resilienza Operativa:**
- **Trasparenza:** Tutte le fasi sono tracciate e accessibili in modalità permissioned, garantendo visibilità sulle decisioni e sulle motivazioni.
- **Auditabilità:** La registrazione immutabile delle evidenze e delle decisioni consente audit ex post, sia automatici che manuali, da parte di enti interni o terzi.
- **Resilienza operativa:** L’automazione e la rapidità nella risoluzione impediscono escalation di errori e garantiscono la continuità dei servizi critici, rafforzando la fiducia nell’ecosistema.

In sintesi, la combinazione di smart contract, registri immutabili e processi formalizzati consente ad AETERNA di gestire le dispute in modo sicuro, trasparente e resiliente, minimizzando i rischi di manipolazione e garantendo la continuità operativa della piattaforma.","[0.2464066743850708, 0.2892783284187317, 0.336206316947937]","['synthetic_data_AETERNA\\Volume_09_governance_e_modelli_di_partecipazione.md:0:45', 'synthetic_data_AETERNA\\Volume_09_governance_e_modelli_di_partecipazione.md:0:34', 'synthetic_data_AETERNA\\Volume_08_gestione_dei_dati_e_privacy.md:0:55']","['Impatto\n\nL’adozione di una procedura formalizzata per la gestione delle dispute in AETERNA determina un impatto sostanziale su molteplici livelli dell’ecosistema:\n\nAffidabilità e Fiducia: La tracciabilità e l’immutabilità delle evidenze, unite all’automazione delle decisioni tramite smart contract, riducono drasticamente il rischio di manipolazioni, arbitrarietà o favoritismi, rafforzando la fiducia degli utenti e dei nodi nella piattaforma.\n\nResilienza Operativa: La capacità di isolare e risolvere rapidamente conflitti tecnici o interpretativi impedisce escalation di errori sistemici e garantisce la continuità dei servizi critici (es. trading Bit-Energy, bilanciamento AI-driven).', 'Nel contesto delle micro-reti energetiche decentralizzate, la gestione efficace dei conflitti costituisce una componente fondamentale per assicurare la continuità operativa, la fiducia tra i partecipanti e la resilienza sistemica. In AETERNA, la natura distribuita e permissioned della piattaforma, unita all’adozione di smart contract automatizzati e di registri immutabili (Kyoto 2.0), impone la necessità di meccanismi rigorosi per la risoluzione delle dispute. Tali dispute possono emergere da divergenze interpretative sui dati transazionali, contestazioni relative all’allocazione delle risorse energetiche, o disallineamenti nei risultati computazionali distribuiti (es. tallying, bilanciamento AI-driven). La risoluzione dei conflitti non è solo una questione di governance, ma', 'In sintesi, il sistema di accesso e controllo granulare di AETERNA costituisce un pilastro fondamentale per la sicurezza, la governance e la sostenibilità dell’intera piattaforma, abilitando un modello operativo resiliente, trasparente e conforme alle più stringenti esigenze di protezione dei dati e delle infrastrutture critiche.\n\nCapitolo 5: Gestione dei Consensi e Preferenze Utente\n\nIntroduzione Teorica']"
Qual è il costo medio annuo per la manutenzione del sistema di logging distribuito multilivello implementato in AETERNA?,L'informazione non è disponibile nel testo,impossibile,"Non è possibile determinare il costo medio annuo per la manutenzione del sistema di logging distribuito multilivello implementato in AETERNA basandosi esclusivamente sulle specifiche tecniche e sui protocolli forniti nel contesto. Le informazioni disponibili descrivono l’architettura (stack ELK, livelli di logging, eventi tracciati, distribuzione geografica, compliance normativa), ma non includono dati relativi a costi, licenze, infrastruttura hardware o cloud, personale, o altri elementi economici necessari per una stima.","[0.4082997441291809, 0.4197450876235962, 0.4323155879974365]","['synthetic_data_AETERNA\\Volume_09_governance_e_modelli_di_partecipazione.md:0:49', 'synthetic_data_AETERNA\\Volume_13_interoperabilità_e_standardizzazione_internazionale.md:0:102', 'synthetic_data_AETERNA\\Volume_13_interoperabilità_e_standardizzazione_internazionale.md:0:101']","['Specifiche Tecniche e Protocolli\n\nLogging Avanzato e Tracciabilità degli Eventi\n\nAETERNA implementa un sistema di logging distribuito multilivello, fondato sull’integrazione di stack centralizzati e decentralizzati:\n\nStack ELK (Elasticsearch, Logstash, Kibana): Ogni microservizio, sia a livello Edge che Fog e Cloud, è configurato per generare log strutturati (JSON) che vengono raccolti da Logstash, indicizzati in Elasticsearch e visualizzati in tempo reale tramite dashboard Kibana.\n\nLivelli di logging: DEBUG, INFO, WARN, ERROR, AUDIT.\n\nEventi tracciati: accessi, modifiche di configurazione, transazioni energetiche, anomalie di sistema, invocazioni di smart contract, policy update, workflow di dispute.', 'gestione proattiva di incidenti e anomalie. In questo scenario, AETERNA adotta un’architettura di monitoraggio e logging distribuita, conforme agli standard di settore, in grado di supportare la tracciabilità dettagliata delle operazioni e la resilienza cross-regionale.', 'Nel contesto di micro-reti energetiche decentralizzate come AETERNA, la gestione del monitoraggio, del logging e della tracciabilità assume un ruolo cruciale per garantire sicurezza, compliance normativa e resilienza operativa su scala internazionale. L’eterogeneità degli attori coinvolti (H-Node domestici, nodi Fog di quartiere, macro-analisi Cloud) e la distribuzione geografica impongono requisiti stringenti in termini di raccolta, correlazione e conservazione dei dati di log. La necessità di rispondere a normative locali e internazionali (es. privacy, auditabilità, segregazione geografica dei dati) si intreccia con l’esigenza di fornire strumenti avanzati di monitoraggio e alerting per la gestione proattiva di incidenti e anomalie. In questo scenario, AETERNA adotta un’architettura']"
Quale sistema viene utilizzato per la gestione automatizzata delle policy di sicurezza e la verifica delle credenziali durante il processo di onboarding nella micro-rete AETERNA?,"Il sistema utilizzato è OPA (Open Policy Agent), che esegue controlli automatizzati sulle credenziali e sulla conformità alle policy di sicurezza durante il processo di onboarding nella micro-rete AETERNA.",facile,"Nel contesto descritto, la gestione automatizzata delle policy di sicurezza e la verifica delle credenziali durante il processo di onboarding nella micro-rete AETERNA viene realizzata tramite un sistema che integra validazione multilivello, automazione dei workflow e gestione granulare delle credenziali. Questo sistema prevede l’utilizzo di procedure formalizzate e strumenti automatizzati che assicurano l’identificazione, l’autorizzazione e la tracciabilità di ogni partecipante. Inoltre, tutte le operazioni sono tracciate e notarizzate, garantendo trasparenza e accountability. Sebbene il testo non menzioni un prodotto specifico, si fa riferimento a un’infrastruttura che combina automazione, auditing distribuito e dashboard avanzate per la gestione delle policy di sicurezza e delle credenziali.","[0.3044048547744751, 0.3132939338684082, 0.3331066370010376]","['synthetic_data_AETERNA\\Volume_09_governance_e_modelli_di_partecipazione.md:0:61', 'synthetic_data_AETERNA\\Volume_09_governance_e_modelli_di_partecipazione.md:0:78', 'synthetic_data_AETERNA\\Volume_10_gestione_delle_emergenze_e_continuità_operativa.md:0:66']","['L’inclusione e la rimozione dei partecipanti nella micro-rete energetica AETERNA rappresentano momenti di criticità gestionale e di sicurezza, richiedendo procedure formalizzate che garantiscano la conformità agli standard di governance, la protezione delle risorse informative e la trasparenza delle operazioni. In un contesto decentralizzato, dove la fiducia è distribuita e la responsabilità condivisa tra molteplici attori (utenti domestici, operatori di quartiere, amministratori cloud), l’onboarding e l’offboarding non sono meri atti amministrativi, bensì processi orchestrati che coinvolgono validazione multilivello, automazione dei workflow, auditing distribuito e gestione granulare delle credenziali. L’obiettivo è assicurare che ogni partecipante sia identificato, autorizzato e', 'Impatto\n\nL’adozione di processi strutturati e automatizzati per l’onboarding e l’offboarding dei partecipanti nella rete AETERNA ha un impatto significativo su molteplici dimensioni della piattaforma:\n\nSicurezza: La validazione multilivello, la gestione automatica delle credenziali e la revoca tempestiva dei permessi riducono drasticamente il rischio di accessi non autorizzati o persistenza di privilegi dopo la dismissione.\n\nTrasparenza e Accountability: Ogni fase è tracciata, notarizzata e consultabile tramite dashboard avanzate, assicurando la ricostruibilità forense e la trasparenza verso tutti gli stakeholder.', 'Impatto\n\nL’introduzione di un sistema di monitoraggio proattivo e di incident response automatizzato all’interno di AETERNA determina un salto qualitativo nella gestione operativa della micro-rete. I principali impatti osservati sono:\n\nRiduzione del MTTD e MTTR: L’adozione di AIOps e playbook digitali consente di rilevare e risolvere incidenti in tempi significativamente inferiori rispetto ai modelli tradizionali, garantendo la continuità dei servizi critici anche in scenari di stress o attacco.\n\nAumento della Resilienza: La visibilità in tempo reale, combinata con la capacità di risposta automatica e la notarizzazione su blockchain, rafforza la resilienza complessiva della piattaforma, riducendo la superficie di rischio e facilitando il recovery.']"
In che modo la notarizzazione su Kyoto 2.0 e il workflow di rollback automatico contribuiscono alla resilienza e alla mitigazione degli incidenti nella gestione delle policy di sicurezza di AETERNA?,"La notarizzazione su Kyoto 2.0 garantisce l’integrità e il non ripudio delle policy di sicurezza e delle relative approvazioni, assicurando che ogni modifica sia tracciabile e verificabile tramite identificativi univoci come Tx_ID e Timestamp. Questo permette di avere una prova immutabile dello stato e della storia delle policy, fondamentale per la resilienza contro attacchi o errori. Il workflow di rollback automatico, integrato con GitOps e con nuova notarizzazione su Kyoto 2.0, consente di ripristinare rapidamente una versione precedente di una policy in caso di malfunzionamento o incidente, riducendo i tempi di esposizione a configurazioni errate e mitigando l’impatto degli incidenti. Insieme, questi meccanismi assicurano una gestione sicura, trasparente e reattiva delle policy di sicurezza, rafforzando la resilienza operativa di AETERNA.",media,"La notarizzazione su Kyoto 2.0 e il workflow di rollback automatico sono due elementi chiave che rafforzano la resilienza e la capacità di mitigazione degli incidenti nella gestione delle policy di sicurezza di AETERNA:

**1. Notarizzazione su Kyoto 2.0:**
- **Integrità e Non Ripudio:** Ogni modifica alle policy di sicurezza viene registrata e notarizzata su Kyoto 2.0, garantendo che tutte le operazioni siano tracciate in modo immutabile. Questo assicura che non sia possibile alterare o cancellare le evidenze delle modifiche, fornendo una base solida per audit forensi e ricostruzione degli eventi in caso di incidente.
- **Conformità e Trasparenza:** La notarizzazione facilita la dimostrazione della conformità agli standard interni e alle normative di settore, riducendo il rischio di sanzioni e aumentando la fiducia degli stakeholder.
- **Riduzione del rischio di frodi e accessi non autorizzati:** La tracciabilità immutabile delle operazioni rende più difficile per attori malevoli agire senza essere rilevati.

**2. Workflow di rollback automatico:**
- **Mitigazione rapida degli incidenti:** In caso di errore umano, configurazione incoerente o attacco, il sistema può ripristinare automaticamente una versione precedente e sicura delle policy, riducendo al minimo l’impatto operativo e la finestra di esposizione al rischio.
- **Continuità operativa:** Il rollback automatico consente di mantenere la disponibilità e l’affidabilità dei servizi, evitando interruzioni prolungate e garantendo la resilienza del sistema anche in scenari critici.
- **Riduzione della superficie di attacco:** La possibilità di annullare rapidamente modifiche non autorizzate o dannose limita la persistenza di configurazioni vulnerabili.

**In sintesi:**  
La combinazione di notarizzazione su Kyoto 2.0 e workflow di rollback automatico assicura che ogni modifica sia tracciata e reversibile, permettendo una risposta tempestiva e documentata agli incidenti. Questo rafforza la resilienza del sistema AETERNA, minimizza i rischi operativi e garantisce la conformità e la fiducia degli utenti e delle autorità.","[0.27503085136413574, 0.31885623931884766, 0.3222562074661255]","['synthetic_data_AETERNA\\Volume_09_governance_e_modelli_di_partecipazione.md:0:79', 'synthetic_data_AETERNA\\Volume_09_governance_e_modelli_di_partecipazione.md:0:93', 'synthetic_data_AETERNA\\Volume_14_monitoraggio,_telemetria_e_analisi_predittiva.md:0:124']","['Compliance: L’integrazione con policy engine distribuiti e la notarizzazione su Kyoto 2.0 garantiscono la conformità agli standard interni di governance e alle normative di settore.\n\nScalabilità e Efficienza Operativa: L’automazione dei workflow consente di gestire onboarding/offboarding su larga scala, minimizzando errori manuali e tempi di attesa, e liberando risorse operative per attività a maggior valore aggiunto.\n\nResilienza e Continuità Operativa: La rimozione completa e auditata delle informazioni sensibili in fase di offboarding previene rischi di compromissione e mantiene elevati standard di affidabilità della comunità AETERNA.', 'Sicurezza e Resilienza: La distribuzione controllata e la validazione automatica delle policy riducono drasticamente la superficie di attacco, minimizzando il rischio di errori umani e configurazioni incoerenti. La notarizzazione su Kyoto 2.0 garantisce integrità e non ripudio, mentre i workflow di rollback assicurano una rapida mitigazione degli incidenti.\n\nFlessibilità e Adattabilità: L’approccio policy-as-code consente di adattare rapidamente le regole di sicurezza a nuove minacce o esigenze normative, senza interruzioni operative e con piena tracciabilità delle modifiche.', 'L’adozione di un framework di sicurezza e compliance così articolato e multilivello nel monitoraggio di AETERNA produce impatti significativi sia in termini di robustezza operativa che di accettabilità normativa e sociale. La protezione avanzata dei dati sensibili, la tracciabilità immutabile delle operazioni e la possibilità di audit forensi tempestivi riducono drasticamente il rischio di data breach, frodi e accessi non autorizzati. La conformità nativa alle normative europee e agli standard Kyoto 2.0 facilita la scalabilità del framework in contesti urbani complessi, garantendo la fiducia degli utenti finali, delle autorità regolatorie e dei partner industriali. Inoltre, la capacità di integrare in modo trasparente i processi di audit, alerting e incident response con i sistemi di ticketing']"
"In che modo l’architettura Edge-Fog-Cloud del sistema di incentivazione di AETERNA, insieme all’utilizzo di smart contract su blockchain Bit-Energy e alla notarizzazione tramite Kyoto 2.0, garantisce la trasparenza, la tracciabilità e la sicurezza nella raccolta, aggregazione, validazione e distribuzione dei reward, e come questi elementi contribuiscono alla resilienza e alla fiducia nell’ecosistema delle micro-reti energetiche urbane?","L’architettura Edge-Fog-Cloud del sistema di incentivazione di AETERNA suddivide la raccolta, aggregazione, validazione e distribuzione dei reward in tre livelli: a livello Edge (H-Node) vengono raccolte le metriche individuali, a livello Fog (quartiere) queste metriche vengono aggregate, validate e normalizzate, mentre a livello Cloud si effettuano analisi macro, emissione dei reward globali e audit avanzato. Tutte le transazioni di reward sono notarizzate tramite Kyoto 2.0 e tracciate su blockchain Bit-Energy, garantendo integrità, non ripudio e auditabilità. Gli smart contract su blockchain Bit-Energy automatizzano la distribuzione dei reward e delle penalità, rendendo il processo oggettivo e immune da manipolazioni. Le regole di assegnazione dei reward sono pubbliche, versionate e consultabili, mentre tutte le transazioni e penalità sono tracciate tramite identificativi univoci e soggette ad audit periodico. Questi elementi assicurano trasparenza, tracciabilità e sicurezza in ogni fase del processo, contribuendo alla resilienza del sistema e rafforzando la fiducia degli utenti nell’ecosistema delle micro-reti energetiche urbane.",difficile,"L’architettura Edge-Fog-Cloud del sistema di incentivazione di AETERNA, integrata con smart contract su blockchain Bit-Energy e notarizzazione Kyoto 2.0, garantisce trasparenza, tracciabilità e sicurezza nei seguenti modi:

**1. Trasparenza**
- **Smart contract su blockchain:** Le regole di calcolo e distribuzione dei reward sono codificate in smart contract pubblici e immutabili su Bit-Energy. Questo assicura che tutti gli attori conoscano in anticipo i criteri di incentivazione e che le regole non possano essere modificate arbitrariamente.
- **Notarizzazione Kyoto 2.0:** Ogni evento rilevante (metriche raccolte, reward emessi, dispute gestite) viene notarizzato, ovvero registrato in modo certificato e consultabile, garantendo che tutte le operazioni siano visibili e verificabili da chiunque.

**2. Tracciabilità**
- **Edge (H-Node):** Ogni nodo raccoglie metriche individuali (uptime, produzione, consumo, partecipazione) e le invia al livello superiore. Questi dati sono firmati digitalmente e associati in modo univoco all’identità del nodo.
- **Fog (Quartiere):** Le metriche vengono aggregate e validate a livello di cluster locale, con gestione delle dispute. Tutte le operazioni di aggregazione e validazione sono tracciate e notarizzate, rendendo possibile ricostruire a posteriori ogni passaggio.
- **Cloud:** A livello centrale, vengono effettuate analisi macro e audit, con emissione di reward globali. Tutte le transazioni sono registrate su blockchain, garantendo la possibilità di audit indipendenti e la non alterabilità dei dati storici.

**3. Sicurezza**
- **Immutabilità e non ripudio:** La registrazione su blockchain Bit-Energy assicura che nessun dato possa essere alterato o cancellato dopo la scrittura, prevenendo frodi e manipolazioni.
- **Gestione delle dispute:** Il livello Fog consente la risoluzione locale di eventuali contestazioni sulle metriche, riducendo il rischio di errori o abusi e aumentando la robustezza del sistema.
- **Compliance Kyoto 2.0:** L’adozione di standard riconosciuti per la notarizzazione e la tracciabilità rafforza la sicurezza e la conformità normativa.

**4. Contributo a resilienza e fiducia**
- **Resilienza:** La distribuzione delle funzioni su più livelli (Edge-Fog-Cloud) evita single point of failure e consente il funzionamento anche in caso di problemi localizzati. La validazione incrociata tra livelli riduce il rischio di errori sistemici.
- **Fiducia:** La trasparenza delle regole, la tracciabilità delle operazioni e la sicurezza dei dati incentivano la partecipazione attiva e virtuosa degli attori, rafforzando la coesione e la meritocrazia della comunità.
- **Accountability:** Ogni azione è attribuibile e verificabile, aumentando la responsabilità degli attori e la credibilità dell’intero ecosistema.

**In sintesi:**  
L’integrazione di architettura Edge-Fog-Cloud, smart contract su blockchain Bit-Energy e notarizzazione Kyoto 2.0 crea un sistema di reward trasparente, tracciabile e sicuro. Questo favorisce la resilienza operativa e la fiducia degli stakeholder, elementi chiave per la sostenibilità e l’innovazione delle micro-reti energetiche urbane di nuova generazione.","[0.21264374256134033, 0.23840808868408203, 0.2408732771873474]","['synthetic_data_AETERNA\\Volume_09_governance_e_modelli_di_partecipazione.md:0:96', 'synthetic_data_AETERNA\\Volume_09_governance_e_modelli_di_partecipazione.md:0:98', 'synthetic_data_AETERNA\\Volume_04_sicurezza_informatica_e_cyber-resilienza.md:0:109']","['L’adozione di un modello di incentivazione robusto e trasparente rappresenta un pilastro fondamentale per il successo e la sostenibilità a lungo termine dell’ecosistema AETERNA. In un contesto di micro-reti energetiche decentralizzate, la partecipazione attiva, la collaborazione e il comportamento virtuoso degli attori della rete (utenti domestici, operatori di quartiere, sviluppatori e manutentori di nodi) sono condizioni necessarie per garantire resilienza, efficienza e innovazione continua. I modelli di reward, implementati tramite smart contract su blockchain, consentono di premiare in modo oggettivo e automatizzato i contributi significativi, favorendo la crescita di una comunità coesa, meritocratica e orientata all’autarchia energetica urbana. La trasparenza delle regole di', 'Specifiche Tecniche e Protocolli\n\n1. Architettura del Sistema di Reward\n\nIl sistema di incentivazione di AETERNA si articola su tre livelli, coerentemente con l’architettura Edge-Fog-Cloud:\n\nEdge (H-Node): Calcolo e raccolta delle metriche individuali (uptime, produzione/consumo, segnalazioni, partecipazione).\n\nFog (Quartiere): Aggregazione, validazione e normalizzazione delle metriche a livello di cluster locale; gestione delle dispute.\n\nCloud: Analisi macro, emissione di reward globali, audit e reportistica avanzata.\n\nTutte le transazioni di reward sono notarizzate tramite Kyoto 2.0 e tracciate su blockchain Bit-Energy, garantendo integrità, non ripudio e auditabilità.\n\n2. Metriche di Calcolo dei Reward', 'del sistema, limitando l’impatto sugli utenti legittimi e facilitando il ripristino automatico. La notarizzazione degli eventi sul Bit-Energy Ledger assicura la piena tracciabilità e accountability, elementi essenziali per la compliance agli standard Kyoto 2.0 e per la fiducia degli stakeholder. In sintesi, il framework IDS distribuito di AETERNA costituisce un pilastro fondamentale per la sicurezza, la resilienza e la sostenibilità delle micro-reti energetiche urbane di nuova generazione.']"
Qual è il costo medio di implementazione per ciascuna proposta approvata tramite il Sistema di Proposta Iniziative (S.P.I.) nel Progetto AETERNA?,L'informazione non è disponibile nel testo,impossibile,"Il costo medio di implementazione per ciascuna proposta approvata tramite il Sistema di Proposta Iniziative (S.P.I.) nel Progetto AETERNA non è specificato nel contesto fornito. Il testo si concentra sugli impatti in termini di risparmio energetico e riduzione dei costi operativi, ma non riporta dati puntuali o medi relativi ai costi di implementazione delle singole proposte S.P.I.","[0.4048107862472534, 0.41870981454849243, 0.42255866527557373]","['synthetic_data_AETERNA\\Volume_06_algoritmi_di_ottimizzazione_energetica.md:0:127', 'synthetic_data_AETERNA\\Volume_20_business_model,_scalabilità_e_sostenibilità_economica.md:0:72', 'synthetic_data_AETERNA\\Volume_01_visione_globale_e_filosofia_di_aeterna.md:0:0']","['Impatto\n\nL’implementazione integrata delle soluzioni sopra descritte consente di ottenere una riduzione significativa e misurabile dei costi operativi all’interno del sistema AETERNA. I principali impatti osservati e attesi sono:\n\nRisparmio energetico diretto: grazie alla previsione accurata della domanda e all’ottimizzazione dinamica degli acquisti, si riducono gli sprechi e si massimizza l’utilizzo di energia a basso costo, con una diminuzione stimata dei costi operativi tra il 18% e il 27% rispetto a sistemi tradizionali.', 'L’ottimizzazione dei costi operativi rappresenta un asse portante per la sostenibilità a lungo termine e la competitività del Progetto AETERNA. In un contesto di micro-reti energetiche urbane, caratterizzato da elevata dinamicità e complessità infrastrutturale, la riduzione sistematica degli sprechi, delle inefficienze e dei costi ricorrenti è un obiettivo imprescindibile. L’approccio adottato da AETERNA si fonda su una combinazione sinergica di automazione, standardizzazione e adozione di strumenti di monitoring avanzati, supportati da una infrastruttura cloud elastica e da componenti di intelligenza artificiale. L’analisi e il controllo in tempo reale delle principali voci di spesa, abilitati da dashboard analitiche, consentono una gestione', 'Capitolo 1: Origini del Progetto AETERNA\n\n1.1 Introduzione Teorica']"
Qual è il ruolo del Fog Operator nella gestione delle emergenze nelle micro-reti AETERNA?,"Supervisione e intervento su cluster Fog, coordinamento con H-Node domestici.",facile,"Il ruolo del **Fog Operator** nella gestione delle emergenze nelle micro-reti AETERNA è centrale per garantire la continuità operativa e la resilienza del sistema in scenari critici. In particolare, quando si verifica una perdita di connettività verso il livello Cloud—ad esempio a causa di guasti infrastrutturali o eventi catastrofici—il framework AETERNA prevede una transizione automatica verso la modalità **Fog-Independence**. In questa modalità, i **cluster di quartiere (Fog)**, sotto la supervisione diretta del Fog Operator, assumono il controllo operativo locale.

Il Fog Operator ha quindi il compito di:

- **Gestire e coordinare le risorse energetiche e digitali a livello locale**, assicurando che le funzionalità essenziali della micro-rete siano mantenute anche in assenza di supporto dal Cloud.
- **Attivare protocolli di emergenza e strategie di failover distribuite**, garantendo la ridondanza dei servizi e la protezione dei dati.
- **Monitorare costantemente lo stato della rete e dei dispositivi**, rilevando tempestivamente anomalie o guasti e attuando le contromisure previste dalla pianificazione preventiva.
- **Facilitare la comunicazione e l’interoperabilità tra i nodi Edge e gli altri cluster Fog**, per assicurare la continuità delle transazioni energetiche P2P e la sincronizzazione dei dati una volta ristabilita la connettività.

In sintesi, il Fog Operator rappresenta il punto di riferimento operativo per la gestione delle emergenze a livello locale, consentendo alla micro-rete AETERNA di mantenere autonomia, sicurezza e affidabilità anche in condizioni di crisi.","[0.3633371591567993, 0.3867538571357727, 0.3942786455154419]","['synthetic_data_AETERNA\\Volume_09_governance_e_modelli_di_partecipazione.md:0:127', 'synthetic_data_AETERNA\\Volume_12_interfacciamento_con_la_mobilità_elettrica.md:0:140', 'synthetic_data_AETERNA\\Volume_02_architettura_di_sistema_a_tre_livelli.md:0:81']","['Introduzione Teorica\n\nLa gestione delle emergenze e la continuità operativa rappresentano pilastri fondamentali per la resilienza delle micro-reti energetiche AETERNA. In un contesto caratterizzato da decentralizzazione, interoperabilità multi-livello (Edge-Fog-Cloud) e transazioni energetiche P2P basate su blockchain, la capacità di rispondere prontamente a eventi critici—quali attacchi informatici, guasti hardware, blackout locali o disastri naturali—costituisce un requisito imprescindibile. L’approccio AETERNA si fonda su una pianificazione preventiva, l’adozione di protocolli strutturati e la continua verifica delle strategie di recovery, al fine di garantire la disponibilità dei servizi, la protezione dei dati e la fiducia degli stakeholder.', 'Capitolo 10: Gestione delle Emergenze e Continuità Operativa\n\nIntroduzione Teorica\n\nLa resilienza delle micro-reti energetiche urbane rappresenta un prerequisito imprescindibile per il successo del Progetto AETERNA, soprattutto in contesti caratterizzati da crescente instabilità climatica, urbanizzazione densa e dipendenza critica da infrastrutture digitali. La gestione delle emergenze e la garanzia della continuità operativa, in tale scenario, non si limitano alla mera reazione a guasti o blackout, ma implicano la predisposizione di un ecosistema proattivo, capace di anticipare, mitigare e rispondere efficacemente a eventi avversi di natura sia tecnica sia ambientale.', ""La continuità operativa di una micro-rete energetica urbana, come quella orchestrata dal framework AETERNA, è una prerogativa imprescindibile per garantire l'autarchia energetica e la resilienza sistemica. In scenari di guasto critico, quali la perdita di connettività verso il livello Cloud (ad esempio, a seguito di interruzioni dei cavi sottomarini o di eventi catastrofici su larga scala), il sistema deve essere in grado di preservare le funzionalità essenziali tramite meccanismi di ridondanza e failover distribuiti. L'approccio architetturale adottato da AETERNA prevede una transizione automatica verso la modalità Fog-Independence, nella quale i cluster di quartiere (Fog) assumono il controllo operativo, garantendo la""]"
In che modo la piattaforma AETERNA garantisce sia la personalizzazione dei percorsi formativi per i diversi ruoli operativi sia la trasparenza e l’immutabilità dei risultati ottenuti dai partecipanti?,"La piattaforma AETERNA garantisce la personalizzazione dei percorsi formativi tramite un Portale Formazione strutturato in moduli associati a specifici ruoli operativi e livelli di responsabilità. All’attivazione di un nuovo User_Stakeholder_ID, il sistema genera automaticamente un percorso formativo di onboarding differenziato per ruolo, con dashboard personalizzata che mostra i percorsi consigliati, lo stato di avanzamento e le scadenze. La trasparenza e l’immutabilità dei risultati sono assicurate dalla notarizzazione di tutte le attività formative e dei badge di certificazione sulla Bit-Energy Blockchain, che consente auditabilità, tracciabilità e certificazione immutabile delle competenze acquisite dai partecipanti.",media,"La piattaforma AETERNA garantisce la **personalizzazione dei percorsi formativi** attraverso una struttura modulare e un sistema di dashboard personalizzata. Ogni utente, autenticato tramite federazione (User_Stakeholder_ID o BET-ID), accede a un portale formazione che propone percorsi, materiali e attività specifici in base al proprio ruolo operativo (ad esempio Edge Maintainer, Fog Operator, Data Steward, IRC, Audit Committee) e al livello di responsabilità. I moduli formativi, i simulatori, i quiz adattivi e i laboratori virtuali sono selezionati e adattati in funzione delle competenze richieste dal ruolo, mentre la dashboard mostra lo stato di avanzamento, le scadenze e i feedback ricevuti, consentendo un’esperienza formativa personalizzata e tracciabile.

Per quanto riguarda la **trasparenza e l’immutabilità dei risultati**, la piattaforma integra la Bit-Energy Blockchain per la notarizzazione delle attività formative e la certificazione delle competenze. Ogni risultato rilevante (ad esempio completamento di un modulo, superamento di un quiz, rilascio di un attestato) viene registrato sulla blockchain, garantendo così che i dati siano trasparenti, verificabili da terze parti e non modificabili a posteriori. Questo approccio assicura la massima affidabilità nella gestione delle evidenze formative e nella certificazione delle competenze acquisite dai partecipanti.","[0.259435772895813, 0.2733840346336365, 0.2889142632484436]","['synthetic_data_AETERNA\\Volume_16_sostenibilità_ambientale_e_impatto_sociale.md:0:115', 'synthetic_data_AETERNA\\Volume_16_sostenibilità_ambientale_e_impatto_sociale.md:0:116', 'synthetic_data_AETERNA\\Volume_09_governance_e_modelli_di_partecipazione.md:0:141']","['stakeholder istituzionali – siano in grado di interagire efficacemente con l’ecosistema AETERNA. Le strategie formative adottate sono state concepite per essere modulari, personalizzabili e scalabili, in linea con la natura distribuita e adattiva della piattaforma.', 'Specifiche Tecniche e Protocolli\n\n1. Architettura della Piattaforma Formativa\n\nLa piattaforma di formazione AETERNA è stata progettata come un sistema cloud-native, integrato con l’infrastruttura generale del progetto e accessibile tramite autenticazione federata (Single Sign-On, SSO) con i wallet utente (BET-ID). La piattaforma supporta:\n\nCorsi e-learning asincroni (SCORM/xAPI compliant), con tracciamento dettagliato delle attività.\n\nWebinar sincroni integrati con sistemi di videoconferenza (WebRTC, Zoom API).\n\nMateriali didattici interattivi (simulatori, quiz adattivi, laboratori virtuali).\n\nForum di discussione e community moderati, per favorire il peer learning.', 'Specifiche Tecniche e Protocolli\n\n1. Architettura del Sistema Formativo\n\nLa piattaforma AETERNA integra un Portale Formazione (Training Portal) accessibile tramite autenticazione federata (User_Stakeholder_ID), interoperante con il Collaboration Portal e la Bit-Energy Blockchain per la notarizzazione delle attività formative e la certificazione delle competenze. Il portale è strutturato in moduli, ciascuno dei quali è associato a specifici ruoli operativi (es. Edge Maintainer, Fog Operator, Data Steward, IRC, Audit Committee) e a livelli di responsabilità.\n\nStruttura del Portale Formazione\n\nDashboard Personalizzata: Visualizzazione dei percorsi formativi consigliati, stato di avanzamento, scadenze di aggiornamento, feedback ricevuti (Feedback_ID).']"
"Quali sono le principali fasi e tecnologie coinvolte nel processo automatizzato di disaster recovery del Progetto AETERNA, dalla rilevazione di un incidente fino alla notarizzazione delle operazioni, e in che modo queste garantiscono la continuità e la compliance dei servizi critici nelle micro-reti energetiche urbane?","Le principali fasi del processo automatizzato di disaster recovery del Progetto AETERNA sono: 1) Analisi di impatto e classificazione dei servizi tramite Business Impact Analysis (BIA), con definizione di priorità di ripristino, RTO e RPO; 2) Implementazione di architetture ad alta disponibilità e replica geografica, inclusi cluster HA, bilanciamento del carico, replica sincrona dei dati e heartbeat/health-check automatici; 3) Strategie di backup e snapshot, come backup incrementali orari, snapshot automatici giornalieri e replica multi-master dei database, con cifratura e firma digitale dei backup; 4) Orchestrazione e automazione del ripristino tramite script di provisioning (Ansible, Terraform), operator Kubernetes custom e simulazioni periodiche di fault con reportistica notarizzata su Bit-Energy Blockchain; 5) Monitoraggio proattivo con Prometheus, Grafana e AI anomaly detection, e notifiche multi-livello ai ruoli operativi; 6) Definizione delle policy di DR in modalità policy-as-code, versionate e validate automaticamente.

Le tecnologie coinvolte includono microservizi, blockchain (Bit-Energy), intelligenza artificiale per il monitoraggio e la rilevazione degli incidenti, Kubernetes per l’orchestrazione, sistemi di storage geo-distribuiti, HSM per la gestione delle chiavi, e strumenti di automazione come Ansible e Terraform.

Queste fasi e tecnologie garantiscono la continuità dei servizi critici nelle micro-reti energetiche urbane attraverso la riduzione dei tempi di inattività, la replica e la durabilità dei dati, il ripristino automatizzato e la tracciabilità delle operazioni. La notarizzazione degli eventi di disaster recovery sulla Bit-Energy Blockchain assicura la piena auditabilità e compliance agli standard interni (Kyoto 2.0), rafforzando la fiducia e la conformità normativa del sistema.",difficile,"Nel processo automatizzato di disaster recovery (DR) del Progetto AETERNA, le principali fasi e tecnologie coinvolte sono le seguenti:

**1. Rilevazione e Monitoraggio Proattivo**
- **Tecnologie:** Sistemi di monitoraggio avanzato e intelligenza artificiale.
- **Funzione:** Rilevano in tempo reale anomalie, fault o incidenti a livello di nodi, servizi o dati, attivando automaticamente le procedure di risposta.

**2. Isolamento e Contenimento**
- **Tecnologie:** Orchestrazione automatizzata su architettura multilivello (Edge, Fog, Cloud).
- **Funzione:** Isolano rapidamente i nodi compromessi o le componenti affette, limitando la propagazione dell’incidente e preservando l’integrità delle micro-reti.

**3. Ripristino Automatizzato**
- **Tecnologie:** Replica geografica dei dati, automazione del failover e del ripristino tramite workflow orchestrati.
- **Funzione:** Attivano il ripristino dei servizi critici in meno di 60 secondi, con una perdita massima di un singolo Pulse notarizzato (RPO), garantendo la continuità operativa e la coerenza della catena di sincronizzazione.

**4. Validazione e Verifica**
- **Tecnologie:** Procedure di validazione automatica e test periodici delle strategie di DR.
- **Funzione:** Verificano che il ripristino sia avvenuto correttamente e che i dati e i servizi siano pienamente operativi e consistenti.

**5. Notarizzazione e Audit**
- **Tecnologie:** Bit-Energy Blockchain e Bit-Energy Ledger.
- **Funzione:** Ogni fase e operazione di DR viene notarizzata sulla blockchain, garantendo tracciabilità, trasparenza e auditabilità delle azioni svolte.

**6. Compliance e Reporting**
- **Tecnologie:** Integrazione con standard interni (Kyoto 2.0) e sistemi di reporting automatizzati.
- **Funzione:** Assicurano che tutte le operazioni siano conformi agli standard di sicurezza, resilienza e governance richiesti, facilitando la compliance e la fiducia degli stakeholder.

---

**Garanzia di Continuità e Compliance**

- **Continuità:** L’automazione multilivello, la replica geografica e la rapidità di ripristino minimizzano i tempi di inattività e la perdita di dati, assicurando la fornitura ininterrotta dei servizi energetici critici anche in caso di fault estesi o disastri naturali.
- **Compliance:** La notarizzazione su blockchain di ogni evento e operazione di DR garantisce la piena tracciabilità e auditabilità, facilitando la conformità agli standard interni (Kyoto 2.0) e rafforzando la fiducia degli stakeholder.

In sintesi, l’integrazione di monitoraggio intelligente, automazione del recovery, replica distribuita e notarizzazione blockchain consente ad AETERNA di offrire resilienza, trasparenza e continuità operativa senza precedenti nel contesto delle micro-reti energetiche urbane.","[0.19462251663208008, 0.24693220853805542, 0.24807733297348022]","['synthetic_data_AETERNA\\Volume_10_gestione_delle_emergenze_e_continuità_operativa.md:0:10', 'synthetic_data_AETERNA\\Volume_04_sicurezza_informatica_e_cyber-resilienza.md:0:68', 'synthetic_data_AETERNA\\Volume_10_gestione_delle_emergenze_e_continuità_operativa.md:0:1']","['L’adozione di un piano di disaster recovery multilivello e fortemente automatizzato consente al Progetto AETERNA di raggiungere livelli di affidabilità e resilienza in linea con le più stringenti esigenze operative delle micro-reti energetiche urbane. La combinazione di replica geografica, automazione del ripristino, monitoraggio proattivo e validazione periodica delle procedure riduce drasticamente sia il rischio di perdita dati sia i tempi di inattività, assicurando la continuità dei servizi critici anche in scenari di fault esteso o disastro naturale. L’integrazione della notarizzazione degli eventi di DR sulla Bit-Energy Blockchain garantisce inoltre la piena tracciabilità e auditabilità delle operazioni, facilitando la compliance agli standard interni (Kyoto 2.0) e', 'L’implementazione di un framework di Incident Response e Recovery Orchestration automatizzato e multilivello consente ad AETERNA di raggiungere livelli di resilienza e continuità operativa senza precedenti nel dominio delle micro-reti energetiche urbane. La capacità di isolare e ripristinare nodi compromessi in meno di 60 secondi, con una perdita massima di un singolo Pulse notarizzato (RPO), minimizza drasticamente l’impatto su forniture energetiche critiche e garantisce la coerenza della catena di sincronizzazione. L’integrazione con il Bit-Energy Ledger e la notarizzazione di ogni fase assicurano trasparenza, auditabilità e compliance agli standard interni (Kyoto 2.0), rafforzando la fiducia degli stakeholder e abilitando scenari di autarchia energetica urbana robusta e verificabile.', 'Nel contesto delle micro-reti energetiche urbane decentralizzate, la continuità operativa e la resilienza delle infrastrutture digitali rappresentano elementi imprescindibili per il mantenimento degli SLA (Service Level Agreement) e per la salvaguardia dell’integrità dei dati e delle operazioni. Il Progetto AETERNA, caratterizzato da un’architettura multilivello (Edge, Fog, Cloud) e da una forte integrazione tra microservizi, blockchain e intelligenza artificiale, richiede l’adozione di strategie di disaster recovery (DR) che siano specificamente adattate alla natura distribuita e mission-critical dei suoi servizi. In tale ottica, il ripristino rapido delle funzionalità critiche non costituisce soltanto una misura tecnica, ma un requisito sistemico che permea la']"
Qual è il costo medio di implementazione di una pipeline CI/CD completamente automatizzata per l’orchestrazione dei drill di disaster recovery nel contesto del Progetto AETERNA?,L'informazione non è disponibile nel testo,impossibile,"In base al contesto fornito, non sono presenti dati specifici o riferimenti numerici relativi al costo medio di implementazione di una pipeline CI/CD completamente automatizzata per l’orchestrazione dei drill di disaster recovery nel Progetto AETERNA. Il testo descrive l’architettura, i flussi, le funzionalità e i benefici della soluzione, ma non fornisce informazioni quantitative o stime economiche sui costi di implementazione. 

Per ottenere una stima precisa del costo medio, sarebbero necessari ulteriori dettagli su:

- Le tecnologie e gli strumenti adottati (open source vs. commerciali)
- Il livello di automazione richiesto
- La complessità degli ambienti e dei workflow
- I costi di integrazione con sistemi di notarizzazione blockchain (Bit-Energy)
- Le risorse umane coinvolte (devops, security, QA)
- I requisiti di compliance e auditabilità

Senza questi dati, non è possibile fornire una cifra o un intervallo di costo basandosi esclusivamente sul contesto fornito.","[0.3852922320365906, 0.4346840977668762, 0.44925856590270996]","['synthetic_data_AETERNA\\Volume_18_evoluzione_tecnologica_e_roadmap_di_ricerca.md:0:128', 'synthetic_data_AETERNA\\Volume_10_gestione_delle_emergenze_e_continuità_operativa.md:0:24', 'synthetic_data_AETERNA\\Volume_10_gestione_delle_emergenze_e_continuità_operativa.md:0:10']","['2. Pipeline CI/CD: Architettura e Flussi\n\nLe pipeline CI/CD di AETERNA sono progettate per supportare la multi-tenancy, la segmentazione per ambiente (dev, test, staging, prod) e la compliance con le policy Kyoto 2.0. Ogni pipeline è composta da step modulari e parametrizzabili, con gestione delle seguenti fasi:\n\nCheckout e Validazione Branch\n\nBuild e Static Analysis\n\nUnit/Integration/E2E Test\n\nPackage & Container Build\n\nSecurity Scan\n\nArtifact Promotion\n\nDeploy su ambiente target\n\nSmoke Test post-deploy\n\nRollback automatico in caso di failure\n\nNotifica e logging degli eventi\n\nEsempio di flusso CI/CD (Mermaid):', 'L’adozione di un framework di simulazione catastrofica così strutturato ha prodotto impatti significativi sia in termini di robustezza architetturale che di maturità operativa del Progetto AETERNA. In primo luogo, la disponibilità di dati quantitativi, derivanti da scenari di fault realistici, ha consentito di individuare tempestivamente colli di bottiglia e vulnerabilità latenti, guidando le successive iterazioni di ottimizzazione infrastrutturale. L’integrazione della notarizzazione blockchain (Bit-Energy) per il tracciamento degli eventi di test e delle operazioni di recovery ha incrementato la trasparenza e l’auditabilità dei processi di resilienza, in linea con i requisiti di compliance e policy-as-code già definiti. Infine, la capacità di orchestrare drill di disaster recovery', 'L’adozione di un piano di disaster recovery multilivello e fortemente automatizzato consente al Progetto AETERNA di raggiungere livelli di affidabilità e resilienza in linea con le più stringenti esigenze operative delle micro-reti energetiche urbane. La combinazione di replica geografica, automazione del ripristino, monitoraggio proattivo e validazione periodica delle procedure riduce drasticamente sia il rischio di perdita dati sia i tempi di inattività, assicurando la continuità dei servizi critici anche in scenari di fault esteso o disastro naturale. L’integrazione della notarizzazione degli eventi di DR sulla Bit-Energy Blockchain garantisce inoltre la piena tracciabilità e auditabilità delle operazioni, facilitando la compliance agli standard interni (Kyoto 2.0) e']"
Quale tecnologia viene utilizzata per la serializzazione dei messaggi nella comunicazione d’emergenza del sistema AETERNA?,Protocol Buffers (protobuf),facile,La tecnologia utilizzata per la serializzazione dei messaggi nella comunicazione d’emergenza del sistema AETERNA è Protocol Buffers (protobuf).,"[0.2818906903266907, 0.33882713317871094, 0.357219934463501]","['synthetic_data_AETERNA\\Volume_10_gestione_delle_emergenze_e_continuità_operativa.md:0:29', 'synthetic_data_AETERNA\\Volume_10_gestione_delle_emergenze_e_continuità_operativa.md:0:37', 'synthetic_data_AETERNA\\Volume_10_gestione_delle_emergenze_e_continuità_operativa.md:0:121']","['Specifiche Tecniche e Protocolli\n\nScelte Tecnologiche e Motivazioni\n\nLa comunicazione d’emergenza all’interno del framework AETERNA è stata implementata attraverso un protocollo custom, sviluppato su stack gRPC, con serializzazione dei messaggi tramite Protocol Buffers (protobuf). Tale scelta è stata guidata da considerazioni di efficienza (riduzione dell’overhead di banda, parsing rapido), flessibilità (supporto nativo a pattern sincroni e asincroni) e interoperabilità tra componenti eterogenei (Edge, Fog, Cloud).\n\n1. gRPC e Protocol Buffers', 'Tabella: Specifiche Protocollo di Comunicazione d’Emergenza\n\nComponente Tecnologia Sicurezza Affidabilità Note Operative Trasporto gRPC TLS 1.3 Retry esponenziale Supporto sincrono/asincrono, streaming bidirezionale Serializzazione Protocol Buffers HMAC-SHA256 Coda persistente locale Validazione schema automatica Autenticazione X.509 CA interna Certificati univoci Rotazione automatica Mutual TLS obbligatoria Rate Limiting Custom Middleware - Flood control Soglie dinamiche per scenario d’emergenza Audit/Notarizzazione Bit-Energy - Immutabilità eventi Audit trail su blockchain\n\nImpatto\n\nL’implementazione di un protocollo di comunicazione d’emergenza secondo le specifiche sopra descritte ha un impatto diretto e misurabile sulla resilienza e sulla robustezza del sistema AETERNA. In particolare:', 'Resilienza Operativa: La segregazione dei canali, la validazione multi-livello e il monitoraggio automatico riducono il rischio di errori umani e attacchi di social engineering, assicurando la continuità e la sicurezza della comunicazione anche in scenari di compromissione parziale.\n\nEfficienza Decisionale: La disponibilità di informazioni accurate e tempestive agevola i processi decisionali a livello sia operativo che strategico, consentendo una gestione proattiva delle emergenze e una più rapida normalizzazione delle operazioni.\n\nIn sintesi, il protocollo di comunicazione di AETERNA rappresenta un pilastro fondamentale della governance in emergenza, integrando sicurezza, trasparenza e accountability in ogni fase del ciclo incidentale.']"
In che modo il policy engine del framework AETERNA utilizza sia i dati di telemetria raccolti tramite Prometheus sia gli eventi notarizzati sulla blockchain Bit-Energy per prendere decisioni sulla riallocazione delle risorse durante un’emergenza?,"Il policy engine del framework AETERNA riceve in tempo reale sia i dati di telemetria raccolti tramite Prometheus sia gli eventi critici notarizzati sulla blockchain Bit-Energy. Utilizzando questi input, valuta la necessità di ribilanciamento delle risorse: quando viene rilevata un’emergenza (ad esempio, un’anomalia nei dati di telemetria o un evento critico notarizzato), il policy engine consulta le policy attive per determinare le azioni da intraprendere. Può quindi sospendere o ridurre le risorse assegnate ai servizi non critici e riallocare immediatamente le risorse liberate ai servizi critici, garantendo la continuità operativa. Tutte le azioni di riallocazione vengono inoltre notarizzate su Bit-Energy per assicurare integrità, tracciabilità e auditabilità.",media,"Il policy engine del framework AETERNA integra dati provenienti sia da Prometheus (telemetria in tempo reale) sia dalla blockchain Bit-Energy (eventi critici notarizzati) per abilitare un processo decisionale tempestivo e affidabile durante le emergenze. Ecco come avviene il processo:

1. **Raccolta dati in tempo reale**:  
   - **Prometheus** fornisce metriche di telemetria dettagliate (carico CPU, utilizzo RAM, banda, storage, stato dei pod, ecc.), permettendo al policy engine di monitorare costantemente lo stato delle risorse e rilevare condizioni anomale (es. superamento soglie di carico, degrado prestazionale).
   - **Bit-Energy Blockchain** registra e notarizza eventi critici (guasti, incidenti di sicurezza, attivazione di fallback, ecc.), garantendo l’immutabilità e la tracciabilità delle evidenze post-mortem.

2. **Analisi e correlazione**:  
   Il policy engine correla i dati di telemetria con gli eventi notarizzati per avere una visione completa e affidabile della situazione. Ad esempio, un picco di carico rilevato da Prometheus viene validato e arricchito dagli eventi di guasto o di preemption registrati su blockchain.

3. **Trigger delle policy**:  
   Sulla base di condizioni predefinite (es. superamento soglie, rilevamento di un guasto notarizzato), il policy engine valuta la necessità di intervenire. Le policy possono prevedere:
   - Riallocazione automatica delle risorse (CPU, RAM, storage, banda) entro i limiti minimi e massimi definiti.
   - Attivazione di azioni di preemption (es. sospensione workload a bassa priorità) o fallback (es. spostamento su nodi di backup).

4. **Decision making e orchestrazione**:  
   Il policy engine, dopo aver preso la decisione, interagisce con l’orchestratore Kubernetes tramite API native, sfruttando meccanismi come ResourceQuota, PriorityClass e QoS per applicare le modifiche necessarie in modo conforme alle policy e alle priorità di servizio.

5. **Audit e compliance**:  
   Tutte le decisioni e le azioni intraprese vengono a loro volta notarizzate su Bit-Energy Blockchain, garantendo trasparenza, auditabilità e rispetto dei requisiti di compliance.

**In sintesi:**  
Il policy engine utilizza i dati di telemetria per rilevare in tempo reale situazioni di rischio o degrado, mentre gli eventi notarizzati sulla blockchain forniscono un contesto affidabile e non alterabile sugli incidenti e sulle azioni già intraprese. L’integrazione di queste due fonti consente decisioni rapide, tracciabili e conformi alle policy, ottimizzando la riallocazione delle risorse durante le emergenze.","[0.3345903158187866, 0.33893078565597534, 0.3400956392288208]","['synthetic_data_AETERNA\\Volume_10_gestione_delle_emergenze_e_continuità_operativa.md:0:134', 'synthetic_data_AETERNA\\Volume_10_gestione_delle_emergenze_e_continuità_operativa.md:0:44', 'synthetic_data_AETERNA\\Volume_10_gestione_delle_emergenze_e_continuità_operativa.md:0:24']","['L’adozione di una gestione della ripresa e di una analisi post-emergenza strutturata secondo le specifiche AETERNA comporta impatti significativi sia sul piano tecnico-operativo che su quello organizzativo e culturale. Dal punto di vista tecnico, la notarizzazione sistematica su Bit-Energy Blockchain garantisce la tracciabilità e l’immutabilità di tutte le evidenze post-mortem, riducendo drasticamente il rischio di manipolazione e facilitando la compliance regolatoria. L’integrazione di strumenti AI-driven per la root cause analysis accelera i tempi di identificazione delle vulnerabilità sistemiche, consentendo un aggiornamento tempestivo dei piani di continuità. Sul piano organizzativo, la formalizzazione dei criteri di chiusura e la trasparenza verso gli stakeholder promuovono una', 'Livello di priorità del servizio\n\nSoglie minime e massime di risorse assegnabili (CPU, RAM, banda, storage)\n\nAzioni di preemption e fallback\n\nCondizioni di trigger (es. superamento soglia di carico, rilevamento guasto, evento di sicurezza)\n\nMonitoraggio e Decision Making: Il policy engine riceve in tempo reale i dati di telemetria (via Prometheus) e gli eventi critici notarizzati (via Bit-Energy Blockchain). Sulla base di tali input, valuta la necessità di ribilanciamento, attivando le azioni previste dalle policy.\n\nIntegrazione con Orchestratori: L’interazione con Kubernetes avviene tramite API native, sfruttando i meccanismi di Quality of Service (QoS), ResourceQuota e PriorityClass. Il policy engine può:', 'L’adozione di un framework di simulazione catastrofica così strutturato ha prodotto impatti significativi sia in termini di robustezza architetturale che di maturità operativa del Progetto AETERNA. In primo luogo, la disponibilità di dati quantitativi, derivanti da scenari di fault realistici, ha consentito di individuare tempestivamente colli di bottiglia e vulnerabilità latenti, guidando le successive iterazioni di ottimizzazione infrastrutturale. L’integrazione della notarizzazione blockchain (Bit-Energy) per il tracciamento degli eventi di test e delle operazioni di recovery ha incrementato la trasparenza e l’auditabilità dei processi di resilienza, in linea con i requisiti di compliance e policy-as-code già definiti. Infine, la capacità di orchestrare drill di disaster recovery']"
"Quali sono le fasi principali del workflow di incident response automatizzato nel Progetto AETERNA e come ciascuna di esse contribuisce a garantire la tracciabilità, la resilienza e la compliance agli standard Kyoto 2.0 e Bit-Energy?","Le fasi principali del workflow di incident response automatizzato nel Progetto AETERNA sono:

1. Raccolta di metriche e log da parte degli Edge Agent.
2. Invio degli eventi raccolti al Fog Aggregator tramite gRPC.
3. Normalizzazione e correlazione degli eventi da parte del Fog Aggregator.
4. Analisi di pattern e anomalie tramite l’AIOps Engine.
5. Attivazione di alert e playbook digitali in base ai trigger rilevati.
6. Esecuzione automatizzata delle azioni correttive (es. sospensione workload non critici, riallocazione risorse, isolamento nodi compromessi).
7. Notifica automatica ai team coinvolti, aggiornamento delle dashboard e gestione dell’escalation secondo la priorità del servizio.
8. Notarizzazione e audit trail di eventi critici e azioni correttive sulla Bit-Energy Blockchain.

Ciascuna fase contribuisce a garantire:
- Tracciabilità: tutte le azioni e gli eventi sono registrati dettagliatamente e notarizzati su Bit-Energy Blockchain, assicurando auditabilità e accountability.
- Resilienza: la risposta automatizzata e la visibilità in tempo reale permettono di ridurre drasticamente i tempi di rilevamento e risoluzione degli incidenti, rafforzando la continuità operativa.
- Compliance agli standard Kyoto 2.0 e Bit-Energy: la gestione delle transazioni energetiche, la notarizzazione degli eventi e il rispetto delle policy definite assicurano l’aderenza ai requisiti normativi e tecnici previsti dagli standard.",difficile,"Le fasi principali del workflow di incident response automatizzato nel Progetto AETERNA, come descritto nella tabella e nel contesto fornito, sono:

1. **Rilevazione**
   - **Descrizione:** Identificazione automatica delle vulnerabilità tramite security agent in runtime, log CI/CD, o alert di exploit.
   - **Contributo:** Garantisce una risposta tempestiva e sistematica agli incidenti, riducendo la latenza operativa. La registrazione immediata delle vulnerabilità assicura che nessun evento critico venga trascurato, aumentando la resilienza del sistema.

2. **Registrazione**
   - **Descrizione:** Creazione di un ticket/issue con UUID univoco e dettagli tecnici, tracciato nei log e nei sistemi di ticketing.
   - **Contributo:** Ogni evento viene documentato in modo strutturato e tracciabile. L’uso di identificatori univoci e la registrazione su sistemi integrati (inclusa la blockchain Bit-Energy) garantiscono la tracciabilità e l’immutabilità delle informazioni, fondamentali per audit e compliance.

3. **Classificazione**
   - **Descrizione:** Assegnazione della severità tramite metriche standardizzate (CVSS, badge Kyoto 2.0, Bit-Energy), definizione della priorità di remediation.
   - **Contributo:** L’adozione di criteri oggettivi e riconosciuti (Kyoto 2.0, Bit-Energy) assicura che la valutazione del rischio sia trasparente e conforme agli standard di sostenibilità e responsabilità sociale.

4. **Remediation**
   - **Descrizione:** Applicazione di fix, patch e regression test; tracciamento tramite commit, merge request e report (es. Allure).
   - **Contributo:** Ogni intervento correttivo è documentato e verificabile, garantendo la resilienza della piattaforma e la possibilità di audit successivi. L’integrazione con sistemi di versionamento e reportistica rafforza la trasparenza del processo.

5. **Audit/Compliance**
   - **Descrizione:** Notarizzazione degli eventi chiave (creazione, aggiornamento, chiusura ticket) su blockchain Bit-Energy; aggiornamento badge Kyoto 2.0.
   - **Contributo:** La notarizzazione su blockchain assicura la tracciabilità immutabile e la possibilità di audit interni/esterni, facilitando la compliance alle policy Kyoto 2.0 e Bit-Energy.

6. **Monitoring**
   - **Descrizione:** Monitoraggio continuo tramite security agent, con generazione di log, notifiche e escalation automatica in caso di exploit.
   - **Contributo:** Il monitoraggio proattivo consente una risposta rapida a nuove minacce, rafforzando la resilienza operativa e assicurando che la piattaforma rimanga conforme agli standard di sicurezza e sostenibilità.

**In sintesi:**  
Ogni fase del workflow contribuisce a garantire tracciabilità (tramite registrazione e notarizzazione su blockchain), resilienza (tramite automazione, remediation e monitoring continuo) e compliance (attraverso l’adozione di standard Kyoto 2.0 e Bit-Energy, e la produzione di artefatti auditabili). L’integrazione strutturata e automatizzata di questi processi posiziona AETERNA come soluzione di riferimento per responsabilità, trasparenza e sostenibilità nella gestione degli incidenti di sicurezza.","[0.27224886417388916, 0.2774730920791626, 0.29741835594177246]","['synthetic_data_AETERNA\\Volume_17_testing,_validazione_e_certificazione.md:0:96', 'synthetic_data_AETERNA\\Volume_15_formazione,_supporto_e_community.md:0:15', 'synthetic_data_AETERNA\\Volume_14_monitoraggio,_telemetria_e_analisi_predittiva.md:0:107']","['Tabella — Workflow di Gestione Vulnerabilità\n\nFase Azione Output/Artefatto Rilevazione Registrazione vulnerabilità con UUID, dettagli tecnici Ticket issue, log CI/CD Classificazione Assegnazione severità (CVSS, badge Kyoto 2.0, Bit-Energy) Priorità remediation Remediation Fix, patch, regression test Commit, merge request, report Allure Audit/Compliance Ancoraggio su Bit-Energy, badge Kyoto 2.0 update Hash report, badge status Monitoring Security agent runtime, alert exploit Log, notifiche, escalation automatica\n\nImpatto\n\nL’adozione di una strategia di security testing rigorosa e automatizzata, come delineato nel presente capitolo, produce un impatto determinante su diversi livelli del Progetto AETERNA:', 'Supporto alla compliance normativa: L’allineamento ai requisiti Kyoto 2.0 e Bit-Energy, nonché agli standard di accessibilità WCAG 2.1, posiziona AETERNA come soluzione di riferimento in termini di responsabilità sociale e sostenibilità.\n\nOttimizzazione dei workflow: L’integrazione con i sistemi di autenticazione e i workflow automatizzati consente di ridurre i tempi di gestione, migliorare la qualità del servizio e garantire la coerenza dei processi formativi rispetto all’evoluzione della piattaforma.', 'Impatto\n\nL’integrazione strutturata tra il sistema di monitoraggio AETERNA e le piattaforme di ticketing/incident management introduce un livello superiore di efficienza e trasparenza nella gestione degli incidenti. Gli impatti principali sono:\n\nRiduzione della Latenza Operativa: L’automazione della creazione e assegnazione dei ticket riduce drasticamente i tempi di presa in carico degli incidenti critici, specialmente in scenari di fault cascading o anomalie sistemiche.\n\nAccountability e Auditabilità: La notarizzazione di ogni evento chiave (creazione, aggiornamento, chiusura ticket) su blockchain Bit-Energy garantisce tracciabilità immutabile, facilitando audit interni/esterni e compliance alle policy Kyoto 2.0.']"
Qual è il costo medio annuale per la gestione dei contratti SLA con clausole di emergenza per i provider cloud critici utilizzati dal Progetto AETERNA?,L'informazione non è disponibile nel testo,impossibile,"In base al contesto fornito, non sono presenti dati specifici o riferimenti numerici relativi al costo medio annuale per la gestione dei contratti SLA con clausole di emergenza per i provider cloud critici utilizzati dal Progetto AETERNA. Il testo si concentra sugli aspetti qualitativi della contrattualistica, sulle metriche di affidabilità, trasparenza e conformità, ma non riporta informazioni quantitative o stime di costo. Pertanto, non è possibile fornire una cifra precisa o una media annuale basandosi esclusivamente sul contesto fornito.","[0.35513049364089966, 0.39114487171173096, 0.3929864764213562]","['synthetic_data_AETERNA\\Volume_19_aspetti_legali,_regolatori_e_normativi.md:0:74', 'synthetic_data_AETERNA\\Volume_19_aspetti_legali,_regolatori_e_normativi.md:0:73', 'synthetic_data_AETERNA\\Volume_19_aspetti_legali,_regolatori_e_normativi.md:0:60']","['idonea a scenari multi-cloud e multi-fornitore ad alta complessità. In ultima analisi, la robustezza della contrattualistica e degli SLA costituisce il fondamento per la fiducia tra le parti, la resilienza dei servizi e la sostenibilità a lungo termine dell’ecosistema AETERNA.', 'L’implementazione rigorosa delle specifiche contrattuali e degli SLA descritti in questo capitolo produce un impatto determinante sull’affidabilità, la trasparenza e la scalabilità del Progetto AETERNA. La formalizzazione di responsabilità, metriche e penali, unita all’integrazione di allegati tecnici (Registro Licenze, SBOM, Matrice di Compatibilità), consente di minimizzare i rischi operativi e legali, garantendo la conformità agli standard interni (Kyoto 2.0, Bit-Energy) e alle normative di settore. I meccanismi di revisione automatizzata e auditabilità su blockchain assicurano la tracciabilità delle modifiche e la tempestiva gestione delle anomalie, rendendo la piattaforma idonea a scenari multi-cloud e multi-fornitore ad alta complessità. In ultima', ""La gestione della contrattualistica e degli accordi di servizio (Service Level Agreement, SLA) all'interno del Progetto AETERNA rappresenta un pilastro fondamentale per garantire la coerenza tra le aspettative delle parti coinvolte e le effettive prestazioni fornite dalla piattaforma. In un contesto caratterizzato da una forte decentralizzazione architetturale, dalla presenza di molteplici stakeholder (fornitori, partner tecnologici, clienti finali, enti regolatori) e dalla necessità di conformità a standard interni (Kyoto 2.0, Bit-Energy), la formalizzazione dei rapporti giuridici e operativi assume un ruolo strategico. La contrattualistica, infatti, non si limita alla mera definizione delle condizioni commerciali, ma si estende all’integrazione di specifiche tecniche, requisiti""]"
Qual è la frequenza minima prevista per l’esecuzione delle prove di ripristino dati sui dataset ad alta criticità nel framework AETERNA?,Mensile per dataset ad alta criticità.,facile,La frequenza minima prevista per l’esecuzione delle prove di ripristino dati sui dataset ad alta criticità nel framework AETERNA è **mensile**.,"[0.4157843589782715, 0.435544490814209, 0.44053202867507935]","['synthetic_data_AETERNA\\Volume_10_gestione_delle_emergenze_e_continuità_operativa.md:0:90', 'synthetic_data_AETERNA\\Volume_10_gestione_delle_emergenze_e_continuità_operativa.md:0:1', 'synthetic_data_AETERNA\\Volume_10_gestione_delle_emergenze_e_continuità_operativa.md:0:81']","['Tabella: Frequenza Minima e Ruoli Coinvolti\n\nAttività Frequenza Minima Ruoli Coinvolti Disaster Recovery Drill Semestrale DevOps, Security, Data Eng., Blockchain Ops Simulazione Failover/Switch-over Trimestrale DevOps Lead, Cloud Arch., SRE, Incident Resp. Ripristino Dati Mensile/Trimestrale Data Eng., DBA, Blockchain Operator Audit Conformità Operativa Annuale Internal Auditor, Compliance, CTO, Security Audit Tecnico/Sicurezza Semestrale Security Eng., DevSecOps, Ext. Auditor (opt.)\n\nImpatto\n\nL’implementazione rigorosa di test di continuità operativa e audit periodici nel framework AETERNA produce molteplici benefici strategici e operativi:', 'Nel contesto delle micro-reti energetiche urbane decentralizzate, la continuità operativa e la resilienza delle infrastrutture digitali rappresentano elementi imprescindibili per il mantenimento degli SLA (Service Level Agreement) e per la salvaguardia dell’integrità dei dati e delle operazioni. Il Progetto AETERNA, caratterizzato da un’architettura multilivello (Edge, Fog, Cloud) e da una forte integrazione tra microservizi, blockchain e intelligenza artificiale, richiede l’adozione di strategie di disaster recovery (DR) che siano specificamente adattate alla natura distribuita e mission-critical dei suoi servizi. In tale ottica, il ripristino rapido delle funzionalità critiche non costituisce soltanto una misura tecnica, ma un requisito sistemico che permea la', 'La continuità operativa rappresenta un pilastro imprescindibile per la robustezza e la credibilità del framework AETERNA, soprattutto in un contesto di micro-reti energetiche decentralizzate caratterizzate da elevata interconnessione, eterogeneità tecnologica e dipendenza da infrastrutture distribuite. La capacità della piattaforma di rispondere tempestivamente e in modo coordinato a eventi critici—quali failure infrastrutturali, attacchi informatici, disservizi di provider esterni o anomalie di rete—dipende non solo dalla solidità architetturale, ma anche dall’efficacia dei processi di verifica e miglioramento continuo. In tale ottica, la pianificazione, l’esecuzione e la revisione sistematica di test di business continuity, disaster recovery e audit periodici costituiscono un']"
In che modo la segregazione dinamica dei ruoli e l’utilizzo dei break glass accounts contribuiscono a ridurre il rischio di abusi o errori durante la gestione delle emergenze nel framework AETERNA?,"La segregazione dinamica dei ruoli inibisce temporaneamente i privilegi dei super-user e abilita solo ruoli “incident responder” predefiniti, applicando il principio dei “four-eyes” che richiede doppia validazione asincrona per ogni azione critica. L’utilizzo dei break glass accounts prevede account temporanei, generati e tracciati solo in emergenza, con privilegi minimi, scadenza automatica e accesso consentito esclusivamente tramite autenticazione multifattore rafforzata. Entrambi i meccanismi limitano l’accesso solo al personale strettamente necessario e tracciato, riducendo così il rischio di abusi o errori durante la gestione delle emergenze nel framework AETERNA.",media,"La segregazione dinamica dei ruoli nel framework AETERNA garantisce che, durante le emergenze, i privilegi di accesso vengano assegnati solo al personale strettamente necessario e per il tempo strettamente indispensabile. Questo approccio limita la possibilità che utenti non autorizzati o non competenti possano intervenire su sistemi critici, riducendo così il rischio di abusi intenzionali o di errori operativi.

L’utilizzo dei break glass accounts, ovvero account di emergenza attivabili solo in situazioni straordinarie e con tracciamento completo delle attività, aggiunge un ulteriore livello di controllo. Questi account permettono l’accesso temporaneo a risorse sensibili solo dopo una procedura autorizzativa e registrata, assicurando che ogni azione sia monitorata e attribuibile. In questo modo, si previene l’uso improprio delle credenziali e si garantisce la responsabilità individuale durante la gestione dell’emergenza.

In sintesi, la combinazione di segregazione dinamica dei ruoli e break glass accounts riduce drasticamente la superficie di rischio legata a comportamenti scorretti o a errori umani, assicurando che solo operatori qualificati e tracciati possano intervenire nei momenti critici.","[0.27370911836624146, 0.37333202362060547, 0.38234633207321167]","['synthetic_data_AETERNA\\Volume_10_gestione_delle_emergenze_e_continuità_operativa.md:0:106', 'synthetic_data_AETERNA\\Volume_08_gestione_dei_dati_e_privacy.md:0:41', 'synthetic_data_AETERNA\\Volume_10_gestione_delle_emergenze_e_continuità_operativa.md:0:93']","['Impatto\n\nL’implementazione delle misure di sicurezza aggiuntive attivate esclusivamente durante le emergenze nel framework AETERNA comporta una significativa riduzione del rischio sistemico e una maggiore robustezza operativa in condizioni di crisi. L’attivazione del Security Emergency Mode (SEM) e delle relative policy di lockdown consente di minimizzare la superficie di attacco e di contenere rapidamente eventuali compromissioni, impedendo la propagazione laterale delle minacce tra i diversi livelli architetturali (Edge, Fog, Cloud). La segregazione dinamica dei ruoli e l’utilizzo di break glass accounts garantiscono che solo personale strettamente necessario e tracciato possa intervenire, riducendo il rischio di abusi o errori in fase di risposta all’emergenza.', 'di AETERNA si fonda su una convergenza di paradigmi RBAC (Role-Based Access Control) e ABAC (Attribute-Based Access Control), abilitando policy di sicurezza contestuali, adattive e tracciabili.', 'In sintesi, la disciplina dei test e audit periodici rappresenta la garanzia ultima della robustezza di AETERNA, rendendo la piattaforma non solo tecnicamente avanzata, ma anche affidabile e pronta a sostenere l’autarchia energetica urbana in scenari reali e critici.\n\nCapitolo 8: Gestione della Sicurezza durante le Emergenze\n\nIntroduzione Teorica']"
"In che modo il protocollo di comunicazione del Progetto AETERNA integra sicurezza, trasparenza e accountability durante la gestione di un’emergenza, considerando ruoli, canali, flussi operativi, archiviazione e impatto sulla governance?","Il protocollo di comunicazione del Progetto AETERNA integra sicurezza, trasparenza e accountability durante la gestione di un’emergenza attraverso una serie di misure strutturate: i ruoli sono affidati esclusivamente a Portavoce Ufficiali, selezionati e formati, la cui lista è mantenuta su Bit-Energy Blockchain con audit trail; i canali ufficiali includono Secure Email Gateway (crittografia end-to-end, MFA), Portale Stakeholder (autenticazione forte), Linea Telefonica di Emergenza (VoIP cifrato, registrazione automatica), API Regolatori (autenticazione, notarizzazione, logging blockchain) e Archivio Documentale Immutabile (storage distribuito, hash e timestamp su blockchain). I flussi operativi prevedono rilevamento, validazione, notifica immediata, aggiornamenti periodici, gestione delle richieste e report finale, con ogni comunicazione firmata digitalmente, archiviata in modalità read-only e accessibile solo a soggetti autorizzati tramite MFA. La sicurezza è rafforzata da doppia validazione (Four-Eyes Principle), template standardizzati e monitoraggio automatico delle anomalie. L’archiviazione garantisce auditabilità tramite retention minima di 10 anni e audit periodici. L’impatto sulla governance si traduce in maggiore fiducia, compliance agli standard Kyoto 2.0 e Bit-Energy, resilienza operativa e supporto all’efficienza decisionale, rendendo il protocollo un pilastro della gestione delle emergenze.",difficile,"Il protocollo di comunicazione del Progetto AETERNA integra sicurezza, trasparenza e accountability nella gestione delle emergenze attraverso una serie di misure strutturate che coinvolgono ruoli, canali, flussi operativi e archiviazione, con un impatto diretto sulla governance. In particolare:

**1. Sicurezza**
- **Segregazione dei canali:** I canali di comunicazione sono separati in base a livelli di sensibilità e destinatari, riducendo il rischio di accessi non autorizzati e limitando la superficie di attacco in caso di compromissione parziale.
- **Validazione multi-livello:** Ogni informazione critica viene validata da più livelli gerarchici o funzionali, minimizzando il rischio di errori umani e di manipolazione (es. social engineering).
- **Monitoraggio automatico:** Sistemi di monitoraggio continuo rilevano anomalie nei flussi comunicativi, consentendo una risposta tempestiva a tentativi di intrusione o malfunzionamenti.

**2. Trasparenza**
- **Comunicazione strutturata:** Le informazioni vengono trasmesse secondo formati e tempistiche predefinite, garantendo coerenza e chiarezza verso stakeholder e autorità.
- **Tracciabilità:** Ogni messaggio e decisione è registrato e associato a chi l’ha generata o approvata, rendendo trasparente l’intero processo comunicativo.

**3. Accountability**
- **Ruoli formalizzati:** Il protocollo definisce con precisione chi è responsabile della generazione, validazione, trasmissione e archiviazione delle informazioni, assicurando la possibilità di attribuire ogni azione a specifici attori.
- **Auditabilità:** Tutte le comunicazioni e le decisioni sono archiviate secondo modalità che ne garantiscono l’integrità e la reperibilità, in conformità agli standard interni (Kyoto 2.0, Bit-Energy), facilitando audit e verifiche ex post.

**4. Flussi operativi e archiviazione**
- **Flussi codificati:** I percorsi delle informazioni sono predefiniti e automatizzati ove possibile, riducendo ambiguità e ritardi.
- **Archiviazione sicura:** Le informazioni sono conservate in sistemi protetti, con accessi controllati e loggati, assicurando la disponibilità e la non alterabilità dei dati anche dopo la risoluzione dell’emergenza.

**5. Impatto sulla governance**
- Il protocollo si configura come un pilastro della governance in emergenza, poiché integra la gestione tecnica con la dimensione comunicativa, assicurando che ogni fase sia documentata, verificabile e conforme alle policy interne e normative.
- Favorisce la fiducia degli stakeholder e delle autorità, supporta la compliance e consente una gestione proattiva e coordinata delle crisi.

In sintesi, il protocollo di comunicazione di AETERNA garantisce che la gestione delle emergenze sia sicura, trasparente e responsabile, rafforzando la resilienza operativa e l’efficienza decisionale dell’intero sistema.","[0.15382325649261475, 0.1800398826599121, 0.2718055844306946]","['synthetic_data_AETERNA\\Volume_10_gestione_delle_emergenze_e_continuità_operativa.md:0:109', 'synthetic_data_AETERNA\\Volume_10_gestione_delle_emergenze_e_continuità_operativa.md:0:121', 'synthetic_data_AETERNA\\Volume_10_gestione_delle_emergenze_e_continuità_operativa.md:0:110']","['La gestione delle emergenze all’interno del Progetto AETERNA non si esaurisce nella sola risposta tecnica agli incidenti, ma richiede un approccio olistico che integri la comunicazione strutturata verso stakeholder e autorità competenti. In scenari ad alta complessità, la trasparenza, la tempestività e la coerenza delle informazioni trasmesse sono fattori determinanti per la tutela della fiducia, la compliance normativa e la facilitazione dei processi decisionali a livello sovraordinato. La comunicazione in emergenza assume quindi una valenza strategica, configurandosi come un sistema parallelo e sinergico rispetto alle procedure di contenimento e mitigazione tecnica. In tale ottica, il Progetto AETERNA ha formalizzato un protocollo di comunicazione che disciplina ruoli, canali,', 'Resilienza Operativa: La segregazione dei canali, la validazione multi-livello e il monitoraggio automatico riducono il rischio di errori umani e attacchi di social engineering, assicurando la continuità e la sicurezza della comunicazione anche in scenari di compromissione parziale.\n\nEfficienza Decisionale: La disponibilità di informazioni accurate e tempestive agevola i processi decisionali a livello sia operativo che strategico, consentendo una gestione proattiva delle emergenze e una più rapida normalizzazione delle operazioni.\n\nIn sintesi, il protocollo di comunicazione di AETERNA rappresenta un pilastro fondamentale della governance in emergenza, integrando sicurezza, trasparenza e accountability in ogni fase del ciclo incidentale.', 'il Progetto AETERNA ha formalizzato un protocollo di comunicazione che disciplina ruoli, canali, tempistiche e modalità di archiviazione delle informazioni, con particolare attenzione alla sicurezza, all’auditabilità e all’aderenza agli standard interni (Kyoto 2.0, Bit-Energy).']"
Qual è il costo medio annuale per la notarizzazione degli aggiornamenti dei piani di continuità operativa su Bit-Energy Blockchain nell’ambito del Progetto AETERNA?,L'informazione non è disponibile nel testo,impossibile,"In base al contesto fornito, il costo medio annuale per la notarizzazione degli aggiornamenti dei piani di continuità operativa su Bit-Energy Blockchain nell’ambito del Progetto AETERNA dipende principalmente da:

- Numero di aggiornamenti notarizzati ogni anno
- Fee di transazione applicata dalla rete Bit-Energy per ciascuna notarizzazione
- Eventuali costi di integrazione e mantenimento della piattaforma di notarizzazione

Tuttavia, il contesto non fornisce dati quantitativi specifici (ad esempio, costo per transazione o volume medio di aggiornamenti). In assenza di tali dettagli, è possibile affermare che:

Il costo medio annuale è determinato dal prodotto tra il numero di aggiornamenti notarizzati e la fee unitaria di Bit-Energy, a cui si aggiungono eventuali costi fissi di gestione della piattaforma. In generale, la soluzione è scalabile e i costi sono proporzionali all’utilizzo, risultando sostenibili rispetto ai benefici in termini di tracciabilità, compliance e sicurezza, come richiesto dagli standard AETERNA e Kyoto 2.0.

Per una stima precisa sarebbe necessario conoscere:
- Il costo per singola notarizzazione su Bit-Energy
- Il numero medio di aggiornamenti annuali previsti dal piano di continuità operativa

Senza questi dati, non è possibile fornire un valore numerico esatto, ma il modello di costo è trasparente e facilmente calcolabile una volta noti i parametri sopra indicati.","[0.3529202342033386, 0.3734152317047119, 0.3758869767189026]","['synthetic_data_AETERNA\\Volume_09_governance_e_modelli_di_partecipazione.md:0:120', 'synthetic_data_AETERNA\\Volume_10_gestione_delle_emergenze_e_continuità_operativa.md:0:134', 'synthetic_data_AETERNA\\Volume_15_formazione,_supporto_e_community.md:0:43']","['Fattibilità tecnica (compatibilità architetturale, costi, rischi)\n\nCoerenza con la missione AETERNA (allineamento policy Kyoto 2.0, sostenibilità, sicurezza)\n\nInnovatività (grado di novità rispetto allo stato dell’arte AETERNA)\n\nRisorse richieste (umane, tecnologiche, finanziarie)\n\nL’esito (approvazione, richiesta di revisione, rigetto) viene notarizzato su blockchain Bit-Energy, associando la decisione al Proposal_ID e generando un Audit_Reference univoco.\n\ne. Implementazione e Monitoraggio\n\nLe proposte approvate entrano nel backlog di sviluppo, con tracciamento tramite External_Contributor_ID e aggiornamento continuo dello stato via dashboard Kibana.', 'L’adozione di una gestione della ripresa e di una analisi post-emergenza strutturata secondo le specifiche AETERNA comporta impatti significativi sia sul piano tecnico-operativo che su quello organizzativo e culturale. Dal punto di vista tecnico, la notarizzazione sistematica su Bit-Energy Blockchain garantisce la tracciabilità e l’immutabilità di tutte le evidenze post-mortem, riducendo drasticamente il rischio di manipolazione e facilitando la compliance regolatoria. L’integrazione di strumenti AI-driven per la root cause analysis accelera i tempi di identificazione delle vulnerabilità sistemiche, consentendo un aggiornamento tempestivo dei piani di continuità. Sul piano organizzativo, la formalizzazione dei criteri di chiusura e la trasparenza verso gli stakeholder promuovono una', 'Impatto\n\nL’adozione di una piattaforma collaborativa modulare, integrata con workflow automatizzati, sistemi di gamification e notarizzazione blockchain, produce un impatto sistemico su più livelli:\n\nSostenibilità e Innovazione Continua: La community diventa motore di evoluzione funzionale, garantendo che il sistema AETERNA resti aderente alle esigenze reali e sia in grado di recepire rapidamente nuove idee, mitigando il rischio di obsolescenza tecnologica.\n\nTrasparenza e Accountability: La tracciabilità end-to-end di ogni contributo, con audit trail immutabile su Bit-Energy Blockchain, rafforza la fiducia degli utenti e la compliance agli standard Kyoto 2.0, rendendo ogni decisione e sviluppo verificabile a posteriori.']"
Quale protocollo viene utilizzato per la comunicazione bidirezionale tra dispositivi di generazione/accumulo e sistemi di gestione energetica domestica (HEMS) nel Progetto AETERNA?,IEEE 2030.5 (Smart Energy Profile 2.0),facile,"Nel Progetto AETERNA, il protocollo utilizzato per la comunicazione bidirezionale tra dispositivi di generazione/accumulo e sistemi di gestione energetica domestica (HEMS) è l’**IEEE 2030.5 (Smart Energy Profile 2.0)**.","[0.3276297450065613, 0.32823628187179565, 0.33398085832595825]","['synthetic_data_AETERNA\\Volume_10_gestione_delle_emergenze_e_continuità_operativa.md:0:110', 'synthetic_data_AETERNA\\Volume_11_integrazione_con_le_energie_rinnovabili.md:0:124', 'synthetic_data_AETERNA\\Volume_11_integrazione_con_le_energie_rinnovabili.md:0:3']","['il Progetto AETERNA ha formalizzato un protocollo di comunicazione che disciplina ruoli, canali, tempistiche e modalità di archiviazione delle informazioni, con particolare attenzione alla sicurezza, all’auditabilità e all’aderenza agli standard interni (Kyoto 2.0, Bit-Energy).', 'L’integrazione tra infrastrutture di energia rinnovabile e sistemi di mobilità elettrica rappresenta un asse strategico per il raggiungimento dell’autarchia energetica urbana, obiettivo fondante del Progetto AETERNA. L’evoluzione della mobilità verso veicoli elettrici (EV) introduce nuove sfide e opportunità nella gestione dei flussi energetici, richiedendo un’architettura capace di orchestrare in modo intelligente la generazione distribuita, l’accumulo, la ricarica e la restituzione di energia alla rete (Vehicle-to-Grid, V2G). La sinergia tra punti di ricarica interoperabili, sistemi di gestione energetica domestica (HEMS) e protocolli di comunicazione avanzati consente di massimizzare l’utilizzo di energia pulita,', 'Specifiche Tecniche e Protocolli\n\n1. Architettura di Integrazione\n\nLa topologia di integrazione delle fonti rinnovabili domestiche in AETERNA si articola su tre livelli:\n\nEdge (H-Node): Comprende impianti fotovoltaici, micro-eolici, sistemi di accumulo (batterie), inverter e sensori ambientali, interconnessi tramite gateway IoT.\n\nFog (Quartiere): Aggrega i dati provenienti da più H-Node, esegue pre-elaborazione, bilanciamento locale e validazione degli eventi energetici.\n\nCloud (Macro-analisi): Riceve dati aggregati, esegue analisi predittiva AI-driven, ottimizzazione macro e notarizzazione su Bit-Energy Blockchain.\n\n2. Protocolli di Comunicazione e Interfacciamento\n\na. IEEE 2030.5 (Smart Energy Profile 2.0)']"
"In che modo l’architettura multilivello del Progetto AETERNA integra sistemi di accumulo elettrochimico, dispositivi di compensazione reattiva e piattaforme di demand response per garantire la stabilità della rete e la qualità della fornitura elettrica nelle micro-reti urbane?","L’architettura multilivello del Progetto AETERNA integra sistemi di accumulo elettrochimico, dispositivi di compensazione reattiva e piattaforme di demand response attraverso una struttura su tre livelli (Edge, Fog, Cloud) che consente la stabilizzazione dei flussi energetici e la mitigazione delle oscillazioni di frequenza e tensione nelle micro-reti urbane. I sistemi di accumulo elettrochimico, come batterie agli ioni di litio e sistemi a flusso redox, sono distribuiti tra Edge e Fog e gestiti tramite algoritmi di peak shaving e load leveling, con monitoraggio e controllo in tempo reale attraverso protocolli come Modbus TCP/IP, MQTT e RESTful API. I dispositivi di compensazione reattiva, tra cui condensatori statici e STATCOM, sono implementati a livello Fog e regolati dinamicamente tramite algoritmi di feedback locale e supervisione remota, utilizzando protocolli IEC 61850 e MQTT per la comunicazione e la sincronizzazione. Le piattaforme di demand response, centralizzate su Fog, orchestrano carichi industriali e residenziali tramite attuatori IoT conformi a IEEE 2030.5, con algoritmi AI-driven per l’ottimizzazione e la risposta dinamica ai cambiamenti della rete. Tutti gli eventi critici, come attivazioni di storage, variazioni dei dispositivi di compensazione e comandi di demand response, sono notarizzati su Bit-Energy Blockchain per garantire trasparenza, auditabilità e compliance Kyoto 2.0. La configurazione e la gestione delle priorità, soglie e parametri di sicurezza avvengono tramite template YAML/JSON, assicurando scalabilità, sicurezza e adattabilità del sistema.",media,"L’architettura multilivello del Progetto AETERNA integra sistemi di accumulo elettrochimico, dispositivi di compensazione reattiva e piattaforme di demand response attraverso una distribuzione coordinata delle risorse su tre livelli—Edge, Fog e Cloud—per garantire la stabilità della rete e la qualità della fornitura elettrica nelle micro-reti urbane.

**1. Sistemi di accumulo elettrochimico (SAE):**  
I SAE sono distribuiti su tutti i livelli della rete. A livello Edge, consentono la gestione locale delle fluttuazioni di produzione e consumo, immagazzinando l’energia in eccesso prodotta da fonti rinnovabili e rilasciandola quando necessario. A livello Fog, aggregano e coordinano più SAE per ottimizzare la compensazione degli sbilanciamenti su porzioni più ampie della micro-rete. A livello Cloud, la supervisione centralizzata permette di orchestrare strategie di accumulo e rilascio su scala urbana, supportando anche i servizi ancillari di rete (come il bilanciamento di frequenza e tensione).

**2. Dispositivi di compensazione reattiva:**  
Questi dispositivi sono integrati principalmente ai livelli Edge e Fog per la regolazione locale e distribuita della potenza reattiva. In questo modo, contribuiscono alla stabilizzazione della tensione e alla mitigazione delle oscillazioni causate dall’intermittenza delle fonti rinnovabili. Il coordinamento multilivello consente di intervenire tempestivamente sia su disturbi puntuali che su fenomeni diffusi, mantenendo la qualità della fornitura elettrica.

**3. Piattaforme di demand response:**  
Le piattaforme di demand response sono implementate a livello Fog e Cloud per modulare dinamicamente la domanda energetica in funzione della disponibilità di energia rinnovabile e dello stato della rete. Attraverso algoritmi di controllo avanzati, queste piattaforme incentivano o attuano la riduzione o lo spostamento dei carichi non prioritari, contribuendo a bilanciare domanda e offerta in tempo reale.

**Coordinamento multilivello:**  
L’integrazione di queste tecnologie è abilitata da logiche di coordinamento multilivello:  
- **Edge:** Risposta rapida e locale alle variazioni di produzione/consumo e alle perturbazioni di rete.  
- **Fog:** Aggregazione e ottimizzazione delle risorse su cluster di utenze o quartieri, con gestione distribuita degli accumuli e della compensazione reattiva.  
- **Cloud:** Supervisione globale, ottimizzazione predittiva e gestione centralizzata delle strategie di accumulo, compensazione e demand response.

**Risultato:**  
Questa integrazione consente di compensare le fluttuazioni delle fonti rinnovabili, mitigare le oscillazioni di frequenza e tensione, ottimizzare i flussi energetici e garantire la continuità e la qualità della fornitura elettrica, anche in scenari di elevata variabilità e imprevedibilità della produzione e della domanda.","[0.24958264827728271, 0.25088220834732056, 0.2643810510635376]","['synthetic_data_AETERNA\\Volume_06_algoritmi_di_ottimizzazione_energetica.md:0:59', 'synthetic_data_AETERNA\\Volume_11_integrazione_con_le_energie_rinnovabili.md:0:14', 'synthetic_data_AETERNA\\Volume_06_algoritmi_di_ottimizzazione_energetica.md:0:74']","['L’integrazione di sistemi di accumulo energetico (SAE) rappresenta un asse portante per la stabilità, la resilienza e la scalabilità della micro-rete AETERNA. In un contesto caratterizzato da elevata penetrazione di fonti rinnovabili non programmabili, la capacità di immagazzinare energia in eccesso e di rilasciarla in modo controllato costituisce la precondizione tecnica per l’autarchia energetica urbana. I SAE abilitano la compensazione delle fluttuazioni di produzione e consumo, la gestione efficace degli sbilanciamenti e il supporto ai servizi ancillari di rete. L’architettura multilivello AETERNA prevede la distribuzione dei sistemi di accumulo su tutti gli strati della rete—Edge, Fog e Cloud—con logiche di coordinamento', 'Nel contesto delle micro-reti energetiche urbane, l’intermittenza delle fonti rinnovabili rappresenta una delle principali criticità nella transizione verso l’autarchia energetica. L’architettura AETERNA, già strutturata su tre livelli (Edge, Fog, Cloud), affronta questa sfida integrando soluzioni multilivello per la stabilizzazione dei flussi energetici e la mitigazione delle oscillazioni di frequenza e tensione. L’obiettivo è assicurare la continuità del servizio e la qualità della fornitura elettrica, anche in presenza di variazioni rapide e imprevedibili nella produzione da fonti come fotovoltaico ed eolico. In questa prospettiva, la gestione dell’intermittenza non si limita all’accumulo energetico, ma', 'L’ottimizzazione della trasmissione e distribuzione dell’energia rappresenta un asse portante nell’architettura multilivello del Progetto AETERNA, in quanto condizione abilitante per la realizzazione di micro-reti resilienti, autarchiche e scalabili. In presenza di una crescente penetrazione di fonti rinnovabili distribuite e di sistemi di accumulo eterogenei, l’efficienza del flusso energetico non può più essere demandata a logiche statiche di instradamento o a topologie di rete rigidamente predefinite. Al contrario, si rende necessaria l’implementazione di algoritmi di routing energetico dinamico, in grado di adattarsi in tempo reale alle condizioni variabili di domanda, offerta, stato della rete e priorità operative.']"
"Quali sono i meccanismi e le tecnologie implementati a livello Edge, Fog e Cloud per garantire la persistenza, la sicurezza, la resilienza operativa e la compliance dei dati energetici urbani nel Progetto AETERNA, e come questi livelli interagiscono tra loro per assicurare la continuità delle operazioni critiche anche in caso di fault o segmentazione della rete?","A livello Edge, il Progetto AETERNA implementa dispositivi di storage SSD NVMe industrial-grade con controller ARM Cortex-A72 e modulo di sicurezza TPM 2.0 per la generazione e custodia delle chiavi AES-256. Il file system distribuito (CephFS o GlusterFS) è configurato a replica tripla su nodi Edge adiacenti, con supporto snapshot e rollback, deduplicazione e compressione inline (Zstandard), e gestione fault tramite S.M.A.R.T., hot-swap e auto-ribilanciamento dati. La cifratura a riposo è AES-256-XTS hardware-accelerated, con gestione chiavi TPM-backed e rotazione automatica ogni 90 giorni, backup crittografato su storage Fog, policy RBAC locale e autenticazione MFA. La sincronizzazione dati avviene tramite rsync over SSH (TLS 1.3), con fallback su MQTT (QoS 2) per eventi critici; il monitoraggio utilizza Modbus TCP/IP e Prometheus node exporter, mentre la notarizzazione degli hash dei blocchi dati critici avviene su Bit-Energy Blockchain via RESTful API.

A livello Fog, sono presenti cluster di server x86_64 con storage pool NVMe e HDD, networking spine-leaf e segmentazione VLAN. Il software di storage è Red Hat Ceph Storage, con replica dati sincrona intra-cluster (minimo 3 repliche) e asincrona verso cluster Fog adiacenti per disaster recovery. Sono attive deduplicazione e compressione inline (LZ4/ZSTD), snapshot automatici ogni 15 minuti con retention di 7 giorni e versioning abilitato. La sicurezza è garantita da cifratura AES-256 end-to-end, gestione chiavi tramite HSM centralizzato, RBAC multilivello, MFA obbligatoria, auditing Prometheus e compliance con policy Kyoto 2.0; la notarizzazione di logging e snapshot/versioning avviene su Bit-Energy Blockchain. La sincronizzazione Edge-Fog utilizza rsync over SSH (TLS 1.3), SFTP come fallback e trigger MQTT per eventi di sync; la replica Fog-Fog avviene tramite Ceph RADOS peer-to-peer con autenticazione TLS mutuale e heartbeat ogni 30 secondi. Il monitoraggio e audit trail sono gestiti tramite Prometheus e Grafana, con API RESTful per configurazione e gestione.

A livello Cloud, il backup incrementale criptato dei dati avviene in modo asincrono dal Fog verso il data center centrale AETERNA, con finestra di replica configurabile (default ogni 6 ore). Ogni operazione di scrittura/replica è hashata e registrata su Bit-Energy Blockchain con timestamp e ID nodo. Le policy di retention prevedono 12 mesi per dati sensibili su cloud e 30 giorni su storage Fog.

L’interazione tra i livelli avviene tramite meccanismi di replica e sincronizzazione dati (rsync/SSH, MQTT, Ceph RADOS), notarizzazione blockchain e gestione multilivello delle chiavi e delle policy di accesso. In caso di fault o segmentazione della rete, la persistenza locale sui nodi Edge e la replica su Fog assicurano la continuità delle operazioni critiche, riducendo la dipendenza dal cloud centrale e garantendo resilienza, sicurezza e compliance secondo gli standard Kyoto 2.0 e Bit-Energy.",difficile,"Nel Progetto AETERNA, la persistenza, la sicurezza, la resilienza operativa e la compliance dei dati energetici urbani sono garantite attraverso una serie di meccanismi e tecnologie distribuiti sui tre livelli architetturali: Edge, Fog e Cloud. Questi livelli interagiscono in modo coordinato per assicurare la continuità delle operazioni critiche anche in presenza di fault o segmentazione della rete. Di seguito una sintesi dei principali elementi e delle modalità di interazione:

---

**1. Livello Edge**

- **Resilienza e Auto-riparazione:**  
  Gli algoritmi swarm e la gestione fault-tolerant permettono ai nodi Edge di operare in modo autonomo e di auto-organizzarsi in caso di guasti locali o attacchi. Questi algoritmi consentono la riassegnazione dinamica dei compiti e la replica dei dati critici tra i nodi vicini, assicurando la continuità operativa anche in condizioni avverse.

- **Persistenza locale:**  
  I dati energetici vengono temporaneamente memorizzati in storage locali ridondati, con sincronizzazione periodica verso i livelli superiori (Fog/Cloud) quando la connettività è disponibile.

- **Sicurezza:**  
  Crittografia end-to-end dei dati, autenticazione forte dei dispositivi e segmentazione della rete locale per limitare la superficie di attacco.

---

**2. Livello Fog (Coordinamento di Quartiere)**

- **Coordinamento e Ridondanza:**  
  I cluster Fog aggregano e validano i dati provenienti dai nodi Edge, implementando meccanismi di consenso distribuito e failover automatico. In caso di perdita di connettività verso il Cloud, i cluster Fog attivano la modalità “Fog-Independence”, assumendo il controllo operativo locale e garantendo la continuità dei servizi essenziali.

- **Persistenza e Compliance:**  
  Database distribuiti e journaling delle transazioni energetiche assicurano la tracciabilità e la persistenza dei dati, anche in caso di fault temporanei. I dati vengono cifrati e gestiti secondo policy di retention e accesso conformi alle normative (es. GDPR).

- **Sicurezza e Monitoraggio:**  
  Sistemi di intrusion detection, autenticazione multi-livello e audit trail per tutte le operazioni critiche.

---

**3. Livello Cloud**

- **Orchestrazione e Analisi Globale:**  
  Il Cloud funge da punto di orchestrazione centrale, aggregando i dati dai cluster Fog per analisi avanzate, ottimizzazione AI-driven e compliance centralizzata.

- **Backup e Disaster Recovery:**  
  Meccanismi di backup geografico e replica multi-region assicurano la persistenza a lungo termine e la possibilità di recovery in caso di eventi catastrofici.

- **Compliance e Governance:**  
  Implementazione di policy di sicurezza, privacy e conformità normativa a livello centralizzato, con audit periodici e reportistica.

---

**Interazione tra i livelli e gestione dei fault**

- **Sincronizzazione e Replicazione:**  
  I dati e gli stati operativi vengono sincronizzati tra Edge, Fog e Cloud tramite protocolli resilienti e transazionali. In caso di segmentazione della rete, ogni livello è in grado di operare in modalità autonoma, garantendo la persistenza locale e la successiva riconciliazione dei dati una volta ristabilita la connettività.

- **Failover e Continuità Operativa:**  
  In caso di fault critici (es. perdita del Cloud), il controllo operativo viene automaticamente trasferito dal Cloud al Fog, e dal Fog all’Edge se necessario, secondo una logica di “degradazione controllata” che preserva le funzionalità essenziali.

- **Meccanismi di Auto-riparazione:**  
  Algoritmi swarm e strategie di auto-healing permettono la riorganizzazione dinamica dei nodi e la ripresa delle operazioni senza intervento manuale.

---

**In sintesi:**  
AETERNA garantisce la persistenza, la sicurezza, la resilienza e la compliance dei dati energetici urbani attraverso una combinazione di tecnologie distribuite, algoritmi di auto-riparazione, meccanismi di failover e policy di sicurezza multilivello. L’interazione tra Edge, Fog e Cloud assicura che, anche in caso di fault o segmentazione della rete, le operazioni critiche possano continuare senza interruzioni, con successiva riconciliazione e audit dei dati per mantenere la compliance e l’integrità del sistema.","[0.21116477251052856, 0.2197819948196411, 0.2345881462097168]","['synthetic_data_AETERNA\\Volume_02_architettura_di_sistema_a_tre_livelli.md:0:28', 'synthetic_data_AETERNA\\Volume_05_protocolli_di_comunicazione_e_interfacce.md:0:44', 'synthetic_data_AETERNA\\Volume_02_architettura_di_sistema_a_tre_livelli.md:0:81']","['Resilienza e Auto-riparazione: Gli algoritmi swarm e la gestione fault-tolerant assicurano la continuità operativa anche in presenza di guasti o attacchi, rafforzando la robustezza dell’intero ecosistema AETERNA.\n\nIn sintesi, il livello Edge rappresenta il fondamento tecnologico e operativo su cui si costruisce la visione di AETERNA: una rete energetica urbana realmente autonoma, intelligente e sicura, capace di adattarsi dinamicamente alle esigenze degli utenti e alle sfide di un futuro decentralizzato.\n\nCapitolo 3: Livello Fog: Coordinamento di Quartiere\n\nIntroduzione Teorica', 'Nel contesto delle micro-reti energetiche urbane decentralizzate, l’affidabilità delle comunicazioni e la continuità operativa rappresentano requisiti imprescindibili per il funzionamento del framework AETERNA. L’architettura microservizi, distribuita su livelli Edge, Fog e Cloud, introduce una molteplicità di punti di interazione e di potenziali failure, sia a livello di rete che di logica applicativa. La gestione proattiva degli errori e la resilienza dei servizi sono pertanto elementi cardine per garantire la qualità del servizio (QoS), la sicurezza dei flussi energetici e la stabilità degli algoritmi di bilanciamento AI-driven. In tale scenario, la resilienza non si esaurisce nella mera tolleranza ai guasti, ma si configura come una capacità', ""La continuità operativa di una micro-rete energetica urbana, come quella orchestrata dal framework AETERNA, è una prerogativa imprescindibile per garantire l'autarchia energetica e la resilienza sistemica. In scenari di guasto critico, quali la perdita di connettività verso il livello Cloud (ad esempio, a seguito di interruzioni dei cavi sottomarini o di eventi catastrofici su larga scala), il sistema deve essere in grado di preservare le funzionalità essenziali tramite meccanismi di ridondanza e failover distribuiti. L'approccio architetturale adottato da AETERNA prevede una transizione automatica verso la modalità Fog-Independence, nella quale i cluster di quartiere (Fog) assumono il controllo operativo, garantendo la""]"
Qual è il costo medio di implementazione di un nodo di validazione Fog conforme agli standard AETERNA per la certificazione della purezza verde?,L'informazione non è disponibile nel testo,impossibile,"Il contesto fornito non include informazioni specifiche o dati relativi al costo medio di implementazione di un nodo di validazione Fog conforme agli standard AETERNA per la certificazione della purezza verde. Nessun dettaglio su costi hardware, software, licenze o servizi è presente nel materiale fornito.","[0.39425933361053467, 0.39475929737091064, 0.42221492528915405]","['synthetic_data_AETERNA\\Volume_11_integrazione_con_le_energie_rinnovabili.md:0:52', 'synthetic_data_AETERNA\\Volume_01_visione_globale_e_filosofia_di_aeterna.md:0:121', 'synthetic_data_AETERNA\\Volume_11_integrazione_con_le_energie_rinnovabili.md:0:42']","['Tabella: Esempi di Certificazione per Fonti Rinnovabili\n\nFonte Dati di Supporto Parametri di Verifica Output Certificato Fotovoltaico Radiazione solare, meteo Coerenza produzione/irraggiamento Certificato PV, hash lotto Eolico Velocità vento, anemometro Produzione vs. vento reale Certificato Wind, hash lotto Idroelettrico Portata fluviale Produzione vs. portata Certificato Hydro, hash lotto\n\nImpatto\n\nL’adozione di un sistema di certificazione della purezza verde secondo le specifiche AETERNA produce impatti profondi su più livelli dell’ecosistema energetico:', 'Specifiche Tecniche e Protocolli\n\nDefinizione dei Livelli di Purezza Verde\n\nIl sistema di green-whitelisting di AETERNA implementa una tassonomia decimale di “Purezza Verde”, articolata su 10 livelli crescenti, ciascuno definito da un set di parametri misurabili e auditabili. La valutazione è effettuata in modalità automatica da ciascun AETERNA Local Resource Manager (ALRM), con verifica incrociata a livello Fog e validazione finale in Cloud per il reporting macro.\n\nParametri di valutazione\n\nEmissioni Specifiche (gCO2e/kWh): Emissioni di gas serra associate alla produzione.\n\nTracciabilità della Fonte: Grado di trasparenza e auditabilità della filiera energetica.', 'Nel contesto delle micro-reti energetiche decentralizzate, la certificazione della purezza verde rappresenta il fondamento per la costruzione di fiducia tra gli attori del sistema e per il rispetto delle direttive interne Kyoto 2.0. L’obiettivo ultimo è garantire, in modo rigoroso e non falsificabile, che ogni unità di energia prodotta e scambiata all’interno del framework AETERNA sia effettivamente generata da fonti rinnovabili certificate e tracciate. La decentralizzazione, se da un lato amplifica la resilienza e la scalabilità del sistema, dall’altro introduce nuove sfide nella validazione delle origini energetiche: la molteplicità dei punti di produzione, la variabilità delle fonti e la necessità di interoperabilità tra dispositivi eterogenei richiedono']"
Quale componente del sistema Progetto AETERNA è responsabile della raccolta dei dati di consumo energetico a livello domestico?,H-Node (nodo domestico) è il componente responsabile della raccolta dei dati di consumo energetico a livello domestico nel sistema Progetto AETERNA.,facile,"Nel sistema del Progetto AETERNA, la componente responsabile della raccolta dei dati di consumo energetico a livello domestico è costituita dai dispositivi IoT integrati nel livello Edge dell’architettura. Questi dispositivi, installati presso le abitazioni, monitorano in tempo reale i parametri energetici e ambientali, inviando i dati raccolti alle pipeline di raccolta dati per la successiva elaborazione e distribuzione attraverso i livelli Fog e Cloud.","[0.36568284034729004, 0.37959063053131104, 0.3887293338775635]","['synthetic_data_AETERNA\\Volume_14_monitoraggio,_telemetria_e_analisi_predittiva.md:0:1', 'synthetic_data_AETERNA\\Volume_04_sicurezza_informatica_e_cyber-resilienza.md:0:111', 'synthetic_data_AETERNA\\Volume_07_smart_contract_e_tokenizzazione_energetica.md:0:80']","['Nel contesto del Progetto AETERNA, i sistemi di monitoraggio costituiscono la spina dorsale per la raccolta, la validazione e la distribuzione dei dati energetici e ambientali provenienti da fonti eterogenee, distribuite su tutti i livelli dell’architettura (Edge, Fog, Cloud). L’efficacia e la tempestività delle decisioni automatizzate – sia in ambito di bilanciamento predittivo tramite AI, sia per il trading P2P su blockchain – dipendono in modo critico dalla qualità e dalla disponibilità dei dati in tempo reale. La progettazione dei sistemi di monitoraggio, pertanto, si è focalizzata sull’implementazione di pipeline di raccolta dati resilienti, scalabili e interoperabili, in grado di garantire la persistenza, la tracciabilità e la coerenza', 'La protezione della privacy degli utenti rappresenta un pilastro imprescindibile nell’architettura del Progetto AETERNA, soprattutto in considerazione della natura sensibile dei dati energetici raccolti e analizzati ai vari livelli della micro-rete (Edge, Fog, Cloud). La Differential Privacy (DP) si configura come lo standard interno per garantire che le informazioni aggregate utilizzate per l’ottimizzazione e la sicurezza della rete non consentano, nemmeno indirettamente, la ricostruzione delle abitudini di consumo dei singoli utenti. La DP introduce un formalismo matematico rigoroso che, attraverso l’aggiunta controllata di rumore statistico ai dati o alle query, assicura che la presenza o l’assenza di un singolo individuo in un dataset abbia un impatto trascurabile sui', 'L’integrazione dei sistemi IoT (Internet of Things) rappresenta un pilastro fondante per l’architettura multilivello di AETERNA, abilitando la raccolta, l’elaborazione e la trasmissione in tempo reale di dati energetici granulari provenienti da una vasta eterogeneità di dispositivi distribuiti. Nell’ambito delle micro-reti energetiche decentralizzate, la connettività e l’interoperabilità dei dispositivi IoT consentono la realizzazione di un ecosistema dinamico, in cui la produzione, il consumo e lo scambio di energia sono monitorati e regolati in modo automatizzato e sicuro. L’approccio di AETERNA si fonda su una stratificazione logica e funzionale che comprende edge computing, middleware di normalizzazione, protocolli di']"
In che modo la segmentazione OT/IT e l’utilizzo di policy RBAC contribuiscono alla sicurezza delle micro-reti nel Progetto AETERNA?,"La segmentazione OT/IT nel Progetto AETERNA consiste nella separazione logica delle reti operative (OT) da quelle informative (IT) tramite VLAN dedicate e micro-segmentazione, riducendo così la superficie d’attacco e limitando la propagazione di minacce tra i diversi domini di rete. L’utilizzo di policy RBAC (Role-Based Access Control) granulari, con auditing centralizzato, permette di definire regole di accesso precise in base ai ruoli degli utenti e dei dispositivi, garantendo che solo soggetti autorizzati possano accedere a risorse critiche delle micro-reti. Queste misure contribuiscono a rafforzare la sicurezza delle micro-reti, prevenendo accessi non autorizzati e facilitando il monitoraggio e la gestione degli eventi di sicurezza.",media,"Nel Progetto AETERNA, la segmentazione OT/IT e l’utilizzo di policy RBAC (Role-Based Access Control) sono elementi chiave per rafforzare la sicurezza delle micro-reti energetiche decentralizzate.

**Segmentazione OT/IT:**  
La separazione tra Operational Technology (OT) e Information Technology (IT) riduce la superficie d’attacco, limitando la possibilità che una compromissione in un dominio (ad esempio, la rete IT) si propaghi verso l’altro (la rete OT, che gestisce i processi fisici critici della micro-rete). Questa segmentazione consente di applicare controlli di sicurezza specifici per ciascun ambiente, isolando i sistemi di controllo industriale e i dispositivi di campo (come gli H-Node) dalle reti di gestione e dai servizi cloud. In questo modo, eventuali attacchi informatici o accessi non autorizzati vengono contenuti e non possono compromettere la continuità operativa o l’integrità dei dati energetici.

**Policy RBAC:**  
L’adozione di policy RBAC permette di definire in modo rigoroso chi può accedere a quali risorse e con quali privilegi, sia a livello IT che OT. L’accesso ai dati, ai servizi di trading P2P su blockchain e alle funzioni di gestione delle micro-reti viene concesso solo agli utenti e ai dispositivi autorizzati, in base al loro ruolo e alle necessità operative. Questo approccio minimizza il rischio di escalation dei privilegi e di azioni malevole, garantendo che ogni attore possa interagire solo con le componenti strettamente necessarie alle proprie funzioni.

**In sintesi**, la segmentazione OT/IT e le policy RBAC, integrate nell’architettura multilivello di AETERNA, contribuiscono a:

- Limitare la propagazione degli attacchi tra domini diversi;
- Ridurre l’esposizione delle componenti critiche;
- Garantire la tracciabilità e il controllo degli accessi;
- Rafforzare la resilienza e la continuità operativa delle micro-reti.

Questi meccanismi sono fondamentali per assicurare la fiducia, la sicurezza e la sostenibilità delle micro-reti energetiche urbane gestite da AETERNA.","[0.32235634326934814, 0.34953880310058594, 0.3524925112724304]","['synthetic_data_AETERNA\\Volume_18_evoluzione_tecnologica_e_roadmap_di_ricerca.md:0:106', 'synthetic_data_AETERNA\\Volume_06_algoritmi_di_ottimizzazione_energetica.md:0:102', 'synthetic_data_AETERNA\\Volume_04_sicurezza_informatica_e_cyber-resilienza.md:0:1']","['e posiziona AETERNA come benchmark di settore per la sicurezza delle micro-reti energetiche urbane. In ultima analisi, questo approccio integrato contribuisce in modo determinante alla continuità operativa, alla protezione della privacy e alla sostenibilità a lungo termine della piattaforma.', 'La sicurezza informatica nei sistemi energetici rappresenta una disciplina di frontiera, in cui la convergenza tra Information Technology (IT) e Operational Technology (OT) introduce nuove superfici di attacco e criticità sistemiche. Nel contesto del Progetto AETERNA, la protezione delle micro-reti energetiche decentralizzate assume un ruolo strategico, poiché la continuità operativa, l’integrità dei dati energetici e la resilienza delle infrastrutture sono prerequisiti per l’autarchia urbana e per la fiducia degli attori coinvolti nel trading P2P su blockchain. L’architettura di sicurezza di AETERNA è stata quindi progettata secondo un paradigma multilivello, in cui la difesa in profondità (defense-in-depth) viene declinata attraverso una combinazione di tecnologie', 'Nel contesto delle micro-reti energetiche decentralizzate, la sicurezza informatica assume un ruolo critico, data la natura distribuita e la molteplicità di vettori d’attacco potenziali. Il modello di minaccia AETERNA si sviluppa in risposta alla necessità di garantire la resilienza, l’integrità e la continuità operativa delle micro-reti, con particolare attenzione ai nodi Edge (H-Node), ai nodi Fog di quartiere e alla componente Cloud. La presenza di dispositivi eterogenei, l’adozione di blockchain per il trading energetico P2P e l’integrazione di algoritmi AI per il bilanciamento predittivo amplificano la superficie d’attacco, rendendo imprescindibile un approccio Zero-Trust e una segmentazione rigorosa dei processi critici.']"
"Quali sono i passaggi e i componenti coinvolti nel processo di integrazione di un nuovo dispositivo eterogeneo nella micro-rete del Progetto AETERNA, dalla fase di discovery fino alla gestione unificata dei dati, e in che modo i diversi standard, middleware e servizi semantici collaborano per garantire interoperabilità, sicurezza e auto-configurazione?","L’integrazione di un nuovo dispositivo eterogeneo nella micro-rete del Progetto AETERNA avviene attraverso una sequenza di passaggi che coinvolgono diversi componenti e livelli tecnologici:

1. **Discovery e Auto-configurazione**: Il nuovo dispositivo viene rilevato tramite protocolli di discovery come mDNS, WS-Discovery o DNS-SD. Workflow di auto-provisioning basati su smart contract e Decentralized Identifiers (DID) assegnano automaticamente permessi e configurazioni di sicurezza, riducendo errori umani e velocizzando l’inserimento nella rete.

2. **Integrazione tramite Middleware**: Il dispositivo comunica con la micro-rete attraverso middleware come OPC UA, API RESTful o MQTT Broker. Questi componenti fungono da layer di astrazione e integrazione, permettendo la connessione tra dispositivi legacy, sistemi OT/IT e piattaforme di gestione, garantendo sicurezza (TLS, autenticazione, autorizzazione) e scalabilità.

3. **Mapping Semantico**: I dati e i comandi del dispositivo vengono tradotti in tempo reale dal Semantic Mapping Service, che utilizza ontologie energetiche condivise (come SAREF o CIM IEC 61970/61968) per garantire la coerenza semantica delle informazioni tra dispositivi con modelli dati diversi (es. Modbus <-> IEC 61850).

4. **Gestione Unificata dei Dati**: Una volta integrato e mappato semanticamente, il dispositivo viene rappresentato tramite un profilo semantico che ne definisce capabilities, parametri di configurazione e interfacce di controllo. I dati sono gestiti in modo unificato dalla piattaforma di gestione AETERNA (Fog/Cloud), abilitando monitoraggio, controllo e automazione centralizzati.

**Collaborazione tra standard, middleware e servizi semantici**:
- Gli standard di comunicazione (IEC 61850, OPC UA, IEEE 2030.5) assicurano la normalizzazione dei dati, la compatibilità semantica e la configurazione automatica.
- I middleware (OPC UA, API RESTful, MQTT) abilitano l’integrazione sicura e scalabile tra dispositivi e piattaforme, supportando discovery automatica e modellazione ontologica.
- I servizi semantici (Semantic Mapping Service, ontologie SAREF/CIM) traducono e armonizzano i dati, facilitando l’auto-configurazione e l’interoperabilità tra vendor diversi.
- I meccanismi di discovery e auto-provisioning garantiscono inserimento dinamico, assegnazione automatica di permessi e gestione centralizzata delle policy di accesso.

Questa architettura modulare e multilivello assicura interoperabilità, sicurezza e auto-configurazione, permettendo l’integrazione rapida e sicura di nuovi dispositivi eterogenei nella micro-rete del Progetto AETERNA.",difficile,"Nel Progetto AETERNA, l’integrazione di un nuovo dispositivo eterogeneo nella micro-rete segue una sequenza strutturata di passaggi, supportata da specifici componenti architetturali e standard. Di seguito sono illustrati i passaggi principali e il ruolo di ciascun componente, evidenziando come interoperabilità, sicurezza e auto-configurazione vengano garantite:

### 1. **Discovery e Onboarding del Dispositivo**
- **Fase:** Il nuovo dispositivo (es. inverter, meter, storage) viene rilevato dalla micro-rete.
- **Componenti coinvolti:**  
  - **Dispositivo Eterogeneo**: Può supportare diversi protocolli (OPC UA, MQTT, RESTful API).
  - **Middleware di Integrazione**: Si occupa della rilevazione automatica (discovery) e dell’inizializzazione della comunicazione.
- **Vantaggi:**  
  - Inserimento dinamico senza necessità di configurazione manuale.
  - Riduzione del time-to-market.

### 2. **Negoziazione e Configurazione Sicura**
- **Fase:** Il middleware negozia i parametri di comunicazione e sicurezza con il dispositivo.
- **Componenti coinvolti:**  
  - **Middleware di Integrazione**: Gestisce handshake, autenticazione e assegnazione automatica di permessi.
  - **Piattaforma di Gestione AETERNA**: Centralizza le policy di accesso e sicurezza.
- **Standard utilizzati:**  
  - **OPC UA**: Offre sicurezza integrata (autenticazione, cifratura).
  - **MQTT/RESTful API**: Integrati con meccanismi di autenticazione e autorizzazione.
- **Vantaggi:**  
  - Minimizzazione degli errori umani.
  - Gestione centralizzata delle policy di accesso.

### 3. **Mappatura Semantica e Normalizzazione dei Dati**
- **Fase:** I dati e i comandi del dispositivo vengono tradotti in un formato comune e semanticamente coerente.
- **Componenti coinvolti:**  
  - **Semantic Mapping Service**: Traduce i dati/protocolli proprietari in modelli standard.
  - **Ontologia Energetica (SAREF, CIM)**: Fornisce il vocabolario e la struttura semantica condivisa.
- **Vantaggi:**  
  - Coerenza informativa tra dispositivi diversi.
  - Facilitazione dell’interoperabilità a livello applicativo.

### 4. **Integrazione e Gestione Unificata**
- **Fase:** Il dispositivo è ora parte integrante della micro-rete e i suoi dati sono accessibili e gestibili in modo unificato.
- **Componenti coinvolti:**  
  - **Piattaforma di Gestione AETERNA (Fog/Cloud)**: Orchestrazione, monitoraggio, controllo e analisi centralizzati.
  - **Middleware di Integrazione**: Continua a fungere da ponte tra dispositivi e piattaforma.
- **Vantaggi:**  
  - Scalabilità architetturale.
  - Continuità operativa e resilienza.

---

## **Collaborazione tra Standard, Middleware e Servizi Semantici**

- **Standard di comunicazione (OPC UA, MQTT, RESTful API):** Consentono la connessione di dispositivi eterogenei, garantendo sicurezza e affidabilità nella trasmissione dei dati.
- **Middleware di Integrazione:** Astrae le differenze tra protocolli e dispositivi, automatizza discovery, configurazione e gestione delle sessioni sicure.
- **Servizi Semantici e Ontologie (SAREF, CIM):** Permettono la comprensione reciproca dei dati tra sistemi diversi, abilitando la normalizzazione e l’interoperabilità semantica.
- **Gestione centralizzata delle policy:** La piattaforma AETERNA applica in modo uniforme le regole di accesso, sicurezza e configurazione, riducendo rischi e complessità.

---

### **Sintesi del Processo**

1. **Discovery** → 2. **Handshake e Sicurezza** → 3. **Mappatura Semantica** → 4. **Gestione Unificata**
   - Ogni fase è supportata da componenti specifici (dispositivo, middleware, servizi semantici, piattaforma di gestione).
   - L’adozione di standard aperti e ontologie garantisce interoperabilità e futura espandibilità.
   - L’automazione riduce errori e tempi di integrazione, mentre la gestione centralizzata assicura sicurezza e coerenza operativa.

**In conclusione**, l’integrazione di nuovi dispositivi in AETERNA è un processo automatizzato, sicuro e scalabile, reso possibile dalla collaborazione tra middleware, standard di comunicazione e servizi semantici, che insieme assicurano interoperabilità, auto-configurazione e gestione unificata dei dati.","[0.25929272174835205, 0.2602214813232422, 0.262734055519104]","['synthetic_data_AETERNA\\Volume_11_integrazione_con_le_energie_rinnovabili.md:0:93', 'synthetic_data_AETERNA\\Volume_18_evoluzione_tecnologica_e_roadmap_di_ricerca.md:0:108', 'synthetic_data_AETERNA\\Volume_11_integrazione_con_le_energie_rinnovabili.md:0:85']","['Ruolo in AETERNA: Consentono l’inserimento dinamico di nuovi dispositivi nella micro-rete, con assegnazione automatica di permessi e configurazioni di sicurezza.\n\nVantaggi: Riduzione del time-to-market, minimizzazione degli errori umani, gestione centralizzata delle policy di accesso.\n\nDiagramma e Tabelle\n\nDiagramma di Flusso dell’Interoperabilità\n\ngraph TD\n    A[""Dispositivo Eterogeneo (Inverter, Meter, Storage)""]\n    B[""Middleware di Integrazione (OPC UA, API RESTful, MQTT)""]\n    C[""Semantic Mapping Service""]\n    D[""Ontologia Energetica (SAREF, CIM)""]\n    E[""Piattaforma di Gestione AETERNA (Fog/Cloud)""]', 'L’integrazione di sistemi eterogenei rappresenta una delle sfide più complesse e strategiche per l’ecosistema AETERNA, in quanto coinvolge la coesistenza, l’interoperabilità e la cooperazione tra componenti tecnologicamente disomogenei: dispositivi IoT (H-Node), sistemi legacy di gestione energetica, piattaforme cloud-native, middleware di orchestrazione e servizi di terze parti. Tale eterogeneità si manifesta a livello di protocolli di comunicazione, formati dati, modelli semantici e requisiti di sicurezza. L’obiettivo principale di questo capitolo è delineare le strategie e le soluzioni adottate per garantire la continuità operativa, la coerenza informativa e la scalabilità architetturale, pur in presenza di tale varietà di sistemi.', 'L’interoperabilità rappresenta il presupposto fondamentale per la realizzazione di un ecosistema energetico realmente aperto, scalabile e resiliente, come delineato nell’architettura del Progetto AETERNA. In un contesto caratterizzato da una crescente eterogeneità di dispositivi – inverter, sistemi di accumulo, smart meter, gateway di controllo, piattaforme di gestione e attuatori IoT – la capacità di consentire la comunicazione e la cooperazione tra componenti di diversa provenienza, marca e generazione tecnologica è cruciale per garantire la continuità operativa, la sicurezza e la futura espandibilità della micro-rete. L’adozione di standard internazionali, di architetture modulari e di middleware di integrazione rappresenta la risposta ingegneristica a questa sfida, permettendo di']"
Qual è il costo medio annuale di manutenzione predittiva per asset energetici monitorati tramite la pipeline di analytics basata su Apache Kafka e NiFi nel contesto del Progetto AETERNA?,L'informazione non è disponibile nel testo,impossibile,"Nel contesto fornito, non sono presenti dati specifici o riferimenti numerici relativi al costo medio annuale di manutenzione predittiva per asset energetici monitorati tramite la pipeline di analytics basata su Apache Kafka e NiFi nel Progetto AETERNA. Il testo si concentra sugli aspetti architetturali, funzionali e sugli impatti strategici e operativi del sistema di monitoraggio e analisi predittiva, ma non riporta informazioni quantitative sui costi.","[0.3496726155281067, 0.371035099029541, 0.3778330087661743]","['synthetic_data_AETERNA\\Volume_11_integrazione_con_le_energie_rinnovabili.md:0:99', 'synthetic_data_AETERNA\\Volume_14_monitoraggio,_telemetria_e_analisi_predittiva.md:0:1', 'synthetic_data_AETERNA\\Volume_11_integrazione_con_le_energie_rinnovabili.md:0:107']","['1. Introduzione Teorica\n\nIl monitoraggio continuo e l’analisi predittiva costituiscono pilastri essenziali nella gestione proattiva delle infrastrutture energetiche rinnovabili all’interno del Progetto AETERNA. In un contesto caratterizzato da micro-reti eterogenee, la capacità di rilevare tempestivamente anomalie, prevedere guasti e ottimizzare la manutenzione rappresenta un fattore abilitante per l’autarchia energetica urbana e la massimizzazione dell’affidabilità delle risorse. L’approccio AETERNA si fonda sull’integrazione di sensori IoT distribuiti, piattaforme di data analytics avanzate e algoritmi di machine learning, in un’architettura multilivello che valorizza la sinergia tra Edge, Fog e Cloud.', 'Nel contesto del Progetto AETERNA, i sistemi di monitoraggio costituiscono la spina dorsale per la raccolta, la validazione e la distribuzione dei dati energetici e ambientali provenienti da fonti eterogenee, distribuite su tutti i livelli dell’architettura (Edge, Fog, Cloud). L’efficacia e la tempestività delle decisioni automatizzate – sia in ambito di bilanciamento predittivo tramite AI, sia per il trading P2P su blockchain – dipendono in modo critico dalla qualità e dalla disponibilità dei dati in tempo reale. La progettazione dei sistemi di monitoraggio, pertanto, si è focalizzata sull’implementazione di pipeline di raccolta dati resilienti, scalabili e interoperabili, in grado di garantire la persistenza, la tracciabilità e la coerenza', '4. Impatto\n\nL’adozione di un sistema avanzato di monitoraggio e analisi predittiva nell’ecosistema AETERNA determina una serie di impatti strategici e operativi:\n\nAumento dell’affidabilità: La rilevazione precoce di anomalie e guasti riduce drasticamente i tempi di inattività degli asset energetici, incrementando la disponibilità delle risorse rinnovabili.\n\nOttimizzazione della manutenzione: L’approccio predittivo consente di pianificare interventi mirati, riducendo i costi di manutenzione correttiva e minimizzando l’impatto operativo.']"
Quale tecnologia viene utilizzata dalla piattaforma AETERNA per garantire l’immutabilità delle transazioni e la tracciabilità dei contributi individuali nelle comunità energetiche?,"La piattaforma AETERNA utilizza la tecnologia blockchain integrata, in particolare una blockchain permissioned basata su Hyperledger Fabric, per garantire l’immutabilità delle transazioni e la tracciabilità dei contributi individuali nelle comunità energetiche.",facile,La piattaforma AETERNA utilizza la tecnologia blockchain per garantire l’immutabilità delle transazioni e la tracciabilità dei contributi individuali nelle comunità energetiche.,"[0.2681339383125305, 0.2859381437301636, 0.2910122871398926]","['synthetic_data_AETERNA\\Volume_11_integrazione_con_le_energie_rinnovabili.md:0:112', 'synthetic_data_AETERNA\\Volume_16_sostenibilità_ambientale_e_impatto_sociale.md:0:39', 'synthetic_data_AETERNA\\Volume_14_monitoraggio,_telemetria_e_analisi_predittiva.md:0:12']","['La piattaforma AETERNA implementa un’infrastruttura di governance multilivello, dove la gestione dei flussi energetici, la ripartizione dei benefici e la partecipazione decisionale sono orchestrate tramite smart contract, sistemi di voto elettronico e dashboard interattive. L’integrazione di blockchain garantisce l’immutabilità delle transazioni, la tracciabilità dei contributi individuali e la protezione dei dati sensibili, mentre policy di accesso granulari assicurano inclusività e sicurezza.\n\n2. Specifiche Tecniche e Protocolli\n\n2.1. Architettura della Governance Digitale\n\nLa gestione delle comunità energetiche in AETERNA si articola su tre livelli funzionali:', 'L’adozione delle soluzioni descritte determina un impatto sostanziale in termini di riduzione delle disuguaglianze energetiche e di promozione della coesione sociale. L’architettura multi-livello di AETERNA, unita alla centralità del monitoraggio e dell’automazione intelligente, consente di adattare dinamicamente la fornitura energetica alle esigenze delle comunità, garantendo continuità anche in condizioni di emergenza o isolamento infrastrutturale. La trasparenza dei dati e la partecipazione attiva degli utenti, abilitata da strumenti digitali accessibili, favoriscono l’empowerment delle fasce vulnerabili e la costruzione di un ecosistema energetico realmente inclusivo. La compliance ai requisiti Kyoto 2.0 e la tracciabilità integrale', 'L’architettura dei sistemi di monitoraggio implementata in AETERNA garantisce una raccolta dati affidabile, tempestiva e scalabile, abilitando la gestione ottimale di micro-reti energetiche decentralizzate. L’approccio modulare e l’adozione di tecnologie di orchestrazione avanzate (Kubernetes, code distribuite, motori di regole) consentono di adattare dinamicamente la pipeline a variazioni di carico e a nuove tipologie di dati, assicurando la continuità operativa anche in scenari di fault parziali o attacchi informatici. La stretta integrazione con i sistemi di audit e compliance – tramite blockchain privata, firma digitale e data lineage – rende il sistema trasparente e verificabile, facilitando la conformità agli standard Kyoto 2.0, Bit-Energy e alle normative internazionali di']"
In che modo gli algoritmi HEMS contribuiscono sia all’ottimizzazione della ricarica degli EV che alla gestione delle transazioni V2G nell’architettura del Progetto AETERNA?,"Gli algoritmi HEMS nell’architettura del Progetto AETERNA orchestrano la ricarica degli EV ottimizzandola in base alla disponibilità di energia rinnovabile locale e alle tariffe dinamiche Bit-Energy, utilizzando forecast energetici e ottimizzazione multi-obiettivo per minimizzare i costi, massimizzare l’autoconsumo e rispettare le preferenze utente. Per la gestione delle transazioni V2G, gli algoritmi HEMS valutano lo stato di carica del veicolo, le esigenze di mobilità e le condizioni di rete per determinare quantità e timing dell’energia restituita, attivando la funzione V2G su base volontaria e registrando ogni transazione sulla blockchain per la tracciabilità e la remunerazione automatica tramite Bit-Energy.",media,"Gli algoritmi HEMS (Home Energy Management System) nell’architettura del Progetto AETERNA svolgono un ruolo centrale sia nell’ottimizzazione della ricarica degli EV sia nella gestione delle transazioni V2G, grazie alle seguenti funzioni:

**1. Ottimizzazione della ricarica degli EV**
- Gli algoritmi HEMS monitorano in tempo reale la produzione locale di energia rinnovabile e i consumi domestici, programmando la ricarica degli EV nelle fasce di maggiore disponibilità di energia pulita.
- In questo modo, massimizzano l’autoconsumo rinnovabile, riducendo la dipendenza dalla rete esterna e migliorando l’efficienza energetica complessiva del sistema urbano.
- Gli H-Node domestici, parte dell’Edge Layer, interagiscono direttamente con i punti di ricarica, applicando strategie di smart charging che tengono conto sia delle esigenze dell’utente sia delle condizioni della micro-rete.

**2. Gestione delle transazioni V2G**
- Gli algoritmi HEMS abilitano la funzione Vehicle-to-Grid, coordinando quando e quanta energia restituire dalla batteria dell’EV alla rete domestica o di quartiere.
- Questa gestione intelligente consente di utilizzare gli EV come risorse di accumulo distribuite, fornendo servizi di bilanciamento e risposta alla domanda nei momenti di picco o in caso di necessità della micro-rete.
- Le transazioni V2G vengono validate e aggregate a livello di Fog Layer tramite i gateway di quartiere, ma è l’HEMS che decide localmente, in base alle priorità energetiche e agli accordi di servizio, quando attivare la restituzione di energia.

**3. Sinergia e impatto sull’architettura**
- Gli algoritmi HEMS, integrati con i protocolli di comunicazione avanzati previsti da AETERNA, permettono una gestione dinamica e predittiva dei flussi energetici, sia in ingresso (ricarica) che in uscita (V2G).
- Questa orchestrazione intelligente contribuisce alla flessibilità e resilienza della micro-rete, supportando l’autarchia energetica urbana e la stabilità del sistema anche in scenari di elevata variabilità della domanda/offerta.

**In sintesi:**  
Gli algoritmi HEMS, nell’architettura multilivello di AETERNA, ottimizzano la ricarica degli EV sfruttando al massimo l’energia rinnovabile disponibile e gestiscono in modo intelligente le transazioni V2G, trasformando gli EV in risorse attive per la micro-rete e contribuendo sia all’efficienza energetica che alla stabilità del sistema urbano.","[0.26194673776626587, 0.29293060302734375, 0.3054492473602295]","['synthetic_data_AETERNA\\Volume_11_integrazione_con_le_energie_rinnovabili.md:0:136', 'synthetic_data_AETERNA\\Volume_11_integrazione_con_le_energie_rinnovabili.md:0:126', 'synthetic_data_AETERNA\\Volume_11_integrazione_con_le_energie_rinnovabili.md:0:124']","['Impatto\n\nL’integrazione tra infrastrutture di ricarica per veicoli elettrici, sistemi HEMS e funzioni V2G all’interno dell’architettura AETERNA produce impatti significativi su più livelli:\n\nMassimizzazione dell’autoconsumo rinnovabile: La ricarica intelligente degli EV nelle fasce di maggiore produzione locale riduce la dipendenza dalla rete esterna e incrementa l’efficienza energetica del sistema urbano.\n\nFlessibilità e resilienza della micro-rete: La funzione V2G trasforma gli EV in risorse di accumulo distribuite, capaci di fornire servizi di bilanciamento e risposta alla domanda, contribuendo alla stabilità della rete anche in scenari di picco.', 'Specifiche Tecniche e Protocolli\n\n1. Architettura di Integrazione\n\nL’infrastruttura di AETERNA per la mobilità elettrica si articola secondo il modello multilivello già adottato dal framework, con le seguenti componenti chiave:\n\nEdge Layer: H-Node domestici, responsabili dell’interfacciamento con i punti di ricarica EV e i sistemi HEMS.\n\nFog Layer: Gateway di quartiere per l’aggregazione dei dati di ricarica, il coordinamento delle strategie di smart charging e la validazione delle transazioni V2G sulla blockchain.\n\nCloud Layer: Analisi predittiva dei flussi di mobilità, ottimizzazione macro della domanda/offerta e dashboard di monitoraggio.\n\n2. Gestione dei Punti di Ricarica', 'L’integrazione tra infrastrutture di energia rinnovabile e sistemi di mobilità elettrica rappresenta un asse strategico per il raggiungimento dell’autarchia energetica urbana, obiettivo fondante del Progetto AETERNA. L’evoluzione della mobilità verso veicoli elettrici (EV) introduce nuove sfide e opportunità nella gestione dei flussi energetici, richiedendo un’architettura capace di orchestrare in modo intelligente la generazione distribuita, l’accumulo, la ricarica e la restituzione di energia alla rete (Vehicle-to-Grid, V2G). La sinergia tra punti di ricarica interoperabili, sistemi di gestione energetica domestica (HEMS) e protocolli di comunicazione avanzati consente di massimizzare l’utilizzo di energia pulita,']"
"Quali sono le fasi operative e i principali attori coinvolti nel processo di una sessione tipica di Vehicle-to-Grid (V2G) all’interno della micro-rete AETERNA, dalla connessione del veicolo elettrico fino alla registrazione e remunerazione della sessione, e come vengono garantite sicurezza, tracciabilità e trasparenza durante l’intero flusso?","Le fasi operative di una sessione tipica di Vehicle-to-Grid (V2G) nella micro-rete AETERNA sono:

1. Connessione e autenticazione: il veicolo elettrico (VE) si connette al punto di ricarica e l’H-Node autentica utente e dispositivo tramite DID (Decentralized Identifier).
2. Negoziazione policy: l’utente seleziona o conferma le policy di smart charging/V2G tramite dashboard o app.
3. Monitoraggio e forecast: il HEMS (Home Energy Management System) riceve forecast energetici dal Fog Layer e aggiorna le strategie di ricarica/scarica.
4. Attivazione sessione: in base alle condizioni di rete e alle policy, il Fog Layer può inviare una richiesta di V2G (scarica controllata) o smart charging (ricarica ottimizzata).
5. Tracciamento e remunerazione: ogni sessione è taggata Kyoto 2.0, registrata su blockchain e remunerata in Bit-Energy.
6. Audit e dashboard: tutte le transazioni sono visibili su dashboard web-based, con audit trail completo e reportistica avanzata.

I principali attori coinvolti sono:
- Il veicolo elettrico (EV)
- L’H-Node domestico con HEMS
- Il Fog Layer (Gateway di Quartiere)
- La blockchain Hyperledger Fabric
- La dashboard di monitoraggio

La sicurezza, tracciabilità e trasparenza sono garantite da:
- Autenticazione e autorizzazione tramite DID e 2FA per operazioni critiche
- Cifratura dei dati in transito (TLS 1.3) e a riposo (AES-256)
- Utilizzo di smart contract su blockchain per la validazione delle richieste e la registrazione delle sessioni
- Tagging Kyoto 2.0 che include metadati (timestamp, energia scambiata, DID, geolocalizzazione anonimizzata, stato rete, policy attiva) registrati su blockchain per integrità e non ripudiabilità
- Remunerazione automatica tramite token Bit-Energy, calcolata in tempo reale
- Audit trail e reportistica accessibili tramite dashboard
- Privacy delle transazioni energetiche tramite Zero-Knowledge Proof (ZKP) su blockchain",difficile,"All’interno della micro-rete AETERNA, una sessione tipica di Vehicle-to-Grid (V2G) si articola in diverse fasi operative, coinvolgendo attori specifici e adottando misure tecniche per garantire sicurezza, tracciabilità e trasparenza. Di seguito sono descritte le fasi principali e i relativi attori:

**Fasi Operative di una Sessione V2G in AETERNA**

1. **Autenticazione e Connessione**
   - **Attori coinvolti:** Veicolo Elettrico (VE), Infrastruttura di Ricarica (EVSE), Sistema di Gestione Energetica Distribuito (EMS).
   - **Descrizione:** Il VE si connette fisicamente all’EVSE. Tramite protocolli di autenticazione sicura (es. certificati digitali, chiavi crittografiche), il veicolo e l’infrastruttura si identificano reciprocamente e stabiliscono una sessione cifrata.
   - **Sicurezza:** Autenticazione a due fattori, scambio di chiavi, cifratura end-to-end.

2. **Negoziazione e Autorizzazione della Transazione**
   - **Attori coinvolti:** VE, EVSE, EMS, eventualmente Operatore di Micro-rete.
   - **Descrizione:** Il VE comunica la propria disponibilità a cedere o assorbire energia. L’EMS valuta la richiesta in base allo stato della rete e alle regole di mercato locali. Vengono negoziati parametri come quantità di energia, durata, prezzo (in Bit-Energy).
   - **Sicurezza e Trasparenza:** Utilizzo di protocolli interoperabili e smart contract per la definizione delle condizioni; tutte le comunicazioni sono tracciate e firmate digitalmente.

3. **Esecuzione della Transazione Energetica**
   - **Attori coinvolti:** VE, EVSE, EMS.
   - **Descrizione:** Avviene il trasferimento fisico di energia (carica o scarica) secondo i parametri concordati. Il flusso è monitorato in tempo reale dal sistema di gestione.
   - **Tracciabilità:** Ogni scambio energetico è registrato tramite log sicuri e timestampati.

4. **Monitoraggio e Reporting**
   - **Attori coinvolti:** EMS, Operatore di Micro-rete, eventualmente utente finale.
   - **Descrizione:** Il sistema raccoglie dati su energia scambiata, tempi, condizioni operative. Questi dati sono accessibili in modo trasparente agli attori autorizzati.
   - **Trasparenza:** Dashboard e report accessibili tramite interfacce sicure; dati consultabili in tempo reale.

5. **Registrazione e Remunerazione**
   - **Attori coinvolti:** EMS, Sistema di Tokenizzazione (Bit-Energy), Utente/Proprietario del VE.
   - **Descrizione:** Al termine della sessione, la transazione viene registrata su un registro distribuito (es. blockchain privata della micro-rete). Viene calcolata la remunerazione in Bit-Energy e accreditata all’utente.
   - **Sicurezza e Tracciabilità:** Immutabilità e auditabilità delle transazioni grazie alla blockchain; smart contract automatizzano la remunerazione.

**Meccanismi di Sicurezza, Tracciabilità e Trasparenza**

- **Crittografia end-to-end** per tutte le comunicazioni V2V e V2I.
- **Autenticazione forte** di tutti gli attori tramite certificati digitali e gestione delle identità.
- **Smart contract** per automatizzare e rendere trasparenti le regole di scambio e remunerazione.
- **Registro distribuito (blockchain)** per la registrazione immutabile delle transazioni energetiche e finanziarie.
- **Audit trail** completo e accessibile agli attori autorizzati, garantendo la tracciabilità di ogni operazione.
- **Dashboard utente** per la consultazione in tempo reale delle proprie transazioni e remunerazioni.

**In sintesi:**  
Il processo V2G in AETERNA si basa su una sequenza strutturata di autenticazione, negoziazione, esecuzione, monitoraggio e remunerazione, orchestrata da sistemi interoperabili e sicuri. La sicurezza è garantita da protocolli crittografici e autenticazione forte; la tracciabilità e la trasparenza sono assicurate da registri distribuiti e smart contract, che permettono la verifica e l’audit di ogni fase della transazione.","[0.3088778257369995, 0.31156373023986816, 0.33386874198913574]","['synthetic_data_AETERNA\\Volume_12_interfacciamento_con_la_mobilità_elettrica.md:0:36', 'synthetic_data_AETERNA\\Volume_12_interfacciamento_con_la_mobilità_elettrica.md:0:1', 'synthetic_data_AETERNA\\Volume_12_interfacciamento_con_la_mobilità_elettrica.md:0:3']","['La sicurezza delle transazioni energetiche nel contesto delle micro-reti urbane rappresenta un dominio di crescente complessità, soprattutto in presenza di una fitta interazione tra veicoli elettrici (EV), infrastrutture di ricarica e sistemi di gestione energetica distribuiti. Nel paradigma AETERNA, la comunicazione V2I (Vehicle-to-Infrastructure) e V2V (Vehicle-to-Vehicle) costituisce il vettore principale per la negoziazione, la regolazione e la contabilizzazione delle transazioni energetiche. In questo scenario, la protezione dei dati, l’autenticazione degli attori e la prevenzione di attacchi informatici sono requisiti imprescindibili per garantire la fiducia e la resilienza dell’ecosistema energetico.', 'L’integrazione bidirezionale tra veicoli elettrici (VE) e la micro-rete AETERNA rappresenta un avanzamento sostanziale rispetto agli approcci tradizionali di gestione della mobilità elettrica. In tale paradigma, il veicolo elettrico non è più un semplice carico passivo, ma si configura come una risorsa energetica dinamica, capace di interagire in modo intelligente con la rete. Il concetto di Vehicle-to-Grid (V2G) consente ai VE di scambiare energia con l’infrastruttura, sia in fase di assorbimento (ricarica) sia in fase di restituzione (discharge), contribuendo attivamente all’equilibrio della domanda e dell’offerta, alla stabilizzazione della rete e all’ottimizzazione dell’autoconsumo', 'Questa visione si inserisce perfettamente nella filosofia di AETERNA, che mira a massimizzare la resilienza e l’autarchia energetica urbana attraverso la valorizzazione delle risorse distribuite. L’adozione di protocolli interoperabili, sistemi di gestione energetica avanzati e meccanismi di incentivazione basati su tokenizzazione (Bit-Energy) permette di orchestrare in modo sicuro, trasparente e remunerativo la partecipazione dei VE ai servizi di rete.\n\n2. Specifiche Tecniche e Protocolli\n\n2.1 Architettura Funzionale del V2G in AETERNA\n\nL’implementazione del V2G all’interno di AETERNA si articola secondo la seguente stratificazione funzionale:']"
Qual è il costo medio di implementazione per ciascun nodo Edge dotato di modulo HEMS all’interno della piattaforma AETERNA?,L'informazione non è disponibile nel testo,impossibile,"Nel contesto fornito non sono presenti informazioni relative al costo medio di implementazione per ciascun nodo Edge dotato di modulo HEMS all’interno della piattaforma AETERNA. La documentazione riporta dettagli tecnici sulle misure di sicurezza, architettura, protocolli e middleware, ma non include dati economici o di costo.","[0.4265303611755371, 0.42941343784332275, 0.43067967891693115]","['synthetic_data_AETERNA\\Volume_11_integrazione_con_le_energie_rinnovabili.md:0:80', 'synthetic_data_AETERNA\\Volume_14_monitoraggio,_telemetria_e_analisi_predittiva.md:0:129', 'synthetic_data_AETERNA\\Volume_11_integrazione_con_le_energie_rinnovabili.md:0:94']","['Tabella – Principali Misure di Cybersecurity nel Progetto AETERNA\n\nLivello Misura di Sicurezza Tecnologie/Standard Obiettivo Primario Edge (H-Node) IDS/IPS, TPM 2.0, TLS 1.3 Snort, TPM, OpenSSL Rilevamento anomalie, protezione dati Fog NGFW, Patch Management, RBAC Suricata, pfSense, Ansible Segmentazione, aggiornamento, auditing Cloud Audit Trail DLT, Backup DR Bit-Energy DLT, IPFS Integrità log, resilienza dati Cross-Layer Certificati X.509, 2FA, DID OpenCA, FIDO2, W3C DID Autenticazione forte, gestione identità\n\nEsempio di Incident Response', 'Specifiche Tecniche e Protocolli\n\nArchitettura del Sistema di Monitoraggio\n\nIl sistema di monitoraggio di AETERNA si articola su tre livelli, riflettendo la stratificazione Edge–Fog–Cloud del framework:\n\nCloud Layer: Supervisione centralizzata, aggregazione e analisi macro delle metriche, orchestrazione delle policy di monitoraggio, dashboard unificate e motore di correlazione eventi cross-domain.\n\nFog Layer: Aggregazione locale delle metriche provenienti dai nodi Edge, normalizzazione dei dati, pre-elaborazione e forwarding selettivo verso il Cloud Layer.\n\nEdge Layer: Raccolta in tempo reale delle metriche di sistema e applicative dai nodi H-Node domestici, con buffering locale e trasmissione sicura verso il Fog Layer.\n\nIntegrazioni Supportate', 'A --> B\n    B --> C\n    C --> D\n    D --> E\n\nTabella: Sintesi degli Standard e Middleware Utilizzati\n\nLivello Standard/Protocollo Funzione Principale Vantaggi Specifici per AETERNA Edge IEC 61850, Modbus Automazione, telemetria, controllo locale Modelli dati normalizzati, discovery automatica Middleware OPC UA, API RESTful Integrazione, astrazione, sicurezza Scalabilità, sicurezza, supporto semantico Messaging MQTT Telemetria real-time, eventi Efficienza, QoS, compatibilità con TLS Semantica SAREF, CIM, Mapping Modellazione e traduzione dati Interoperabilità semantica, evolutività Discovery mDNS, WS-Discovery Inserimento e configurazione automatica Riduzione errori, rapidità, automazione policy']"
Quale protocollo viene utilizzato per garantire la cifratura simmetrica dei dati in transito e a riposo nelle transazioni energetiche del Progetto AETERNA?,AES-256 (Modalità GCM),facile,Il protocollo utilizzato per garantire la cifratura simmetrica dei dati in transito e a riposo nelle transazioni energetiche del Progetto AETERNA è l’AES-256 (Advanced Encryption Standard a 256 bit).,"[0.25794708728790283, 0.3020133972167969, 0.3294910192489624]","['synthetic_data_AETERNA\\Volume_08_gestione_dei_dati_e_privacy.md:0:132', 'synthetic_data_AETERNA\\Volume_10_gestione_delle_emergenze_e_continuità_operativa.md:0:110', 'synthetic_data_AETERNA\\Volume_12_interfacciamento_con_la_mobilità_elettrica.md:0:37']","['La scelta di algoritmi avanzati (AES-256 per la cifratura simmetrica e RSA-4096 per la cifratura asimmetrica) e la gestione rigorosa delle chiavi tramite Key Management Service (KMS) dedicati, riflettono una strategia volta a mitigare i rischi di compromissione, intercettazione e manipolazione dei dati. L’approccio di AETERNA prevede inoltre la cifratura estesa a backup, log di audit, e dati esportati, nonché l’adozione di processi di verifica e test di penetrazione periodici, in linea con le best practice di sicurezza e con i requisiti degli standard interni (es. Kyoto 2.0, Bit-Energy).\n\n2. Specifiche Tecniche e Protocolli\n\n2.1 Cifratura dei Dati in Transito', 'il Progetto AETERNA ha formalizzato un protocollo di comunicazione che disciplina ruoli, canali, tempistiche e modalità di archiviazione delle informazioni, con particolare attenzione alla sicurezza, all’auditabilità e all’aderenza agli standard interni (Kyoto 2.0, Bit-Energy).', 'L’adozione di una infrastruttura crittografica multilivello e di protocolli di autenticazione avanzati è fondamentale per contrastare minacce quali man-in-the-middle, replay attack, spoofing e accessi non autorizzati. La sicurezza delle transazioni energetiche in AETERNA non si limita alla mera cifratura dei dati, ma si estende alla validazione dell’identità degli attori, all’integrità delle comunicazioni, alla tracciabilità delle operazioni e alla gestione granulare delle autorizzazioni, in linea con i requisiti di compliance definiti dallo standard interno Kyoto 2.0 e con la tokenizzazione delle risorse energetiche tramite Bit-Energy.\n\n2. Specifiche Tecniche e Protocolli\n\n2.1 Modello di Sicurezza Multilivello']"
In che modo la pipeline di monitoraggio e analisi dei flussi nel framework AETERNA garantisce sia la sicurezza dei dati trasmessi dalle stazioni di ricarica sia la compliance agli standard Kyoto 2.0 e Bit-Energy?,"La pipeline di monitoraggio e analisi dei flussi nel framework AETERNA garantisce la sicurezza dei dati trasmessi dalle stazioni di ricarica attraverso l’uso di dispositivi IoT conformi allo standard OCPP, comunicazione cifrata via TLS 1.3 con autenticazione mTLS e certificati X.509, gestione sicura delle chiavi tramite HSM, inclusione di nonce temporali per prevenire replay attack, e cifratura AES-256-GCM dei dati a riposo. La compliance agli standard Kyoto 2.0 e Bit-Energy è assicurata tramite la ledgerizzazione di tutte le transazioni di ricarica su Hyperledger Fabric, includendo hash crittografici dei dati di sessione, identificativo Bit-Energy e tagging Kyoto 2.0, oltre all’applicazione di Zero-Knowledge Proof per la privacy e la tracciabilità completa tramite correlazione tra nonce, timestamp e hash blockchain.",media,"La pipeline di monitoraggio e analisi dei flussi nel framework AETERNA garantisce la sicurezza dei dati trasmessi dalle stazioni di ricarica e la compliance agli standard Kyoto 2.0 e Bit-Energy attraverso una serie di meccanismi integrati a livello architetturale e tecnologico:

**1. Sicurezza dei dati trasmessi:**
- **Orchestrazione avanzata e modularità:** L’uso di tecnologie come Kubernetes e code distribuite consente di isolare i diversi componenti della pipeline, limitando la superficie di attacco e garantendo la continuità operativa anche in caso di fault o tentativi di compromissione.
- **Blockchain privata:** Tutte le transazioni e i dati critici vengono registrati su una blockchain privata, assicurando l’immutabilità, la tracciabilità e la non ripudiabilità delle informazioni scambiate tra le stazioni di ricarica e il sistema centrale.
- **Firma digitale:** I dati raccolti vengono firmati digitalmente, garantendo autenticità e integrità durante la trasmissione e l’archiviazione.
- **Data lineage:** Ogni dato è tracciato lungo tutta la pipeline, permettendo di ricostruire in modo trasparente il percorso e le trasformazioni subite, fondamentale per audit e verifiche di sicurezza.

**2. Compliance agli standard Kyoto 2.0 e Bit-Energy:**
- **Integrazione con sistemi di audit e compliance:** La pipeline è strettamente integrata con moduli di audit che verificano la conformità dei dati e dei processi agli standard richiesti, facilitando la produzione di report e la gestione delle verifiche ispettive.
- **Persistenza e coerenza dei dati:** L’architettura garantisce che i dati energetici e ambientali siano raccolti, validati e conservati in modo coerente e persistente, come richiesto dalle normative internazionali.
- **Trasparenza e verificabilità:** Grazie all’adozione di blockchain, firma digitale e data lineage, il sistema rende ogni operazione trasparente e facilmente verificabile da enti terzi, assicurando la piena tracciabilità richiesta dagli standard Kyoto 2.0 e Bit-Energy.

In sintesi, la pipeline di AETERNA combina tecnologie di sicurezza avanzate e strumenti di compliance per assicurare che i dati delle stazioni di ricarica siano protetti, tracciabili e conformi alle normative di settore.","[0.2507593035697937, 0.2884916663169861, 0.2968837022781372]","['synthetic_data_AETERNA\\Volume_14_monitoraggio,_telemetria_e_analisi_predittiva.md:0:12', 'synthetic_data_AETERNA\\Volume_12_interfacciamento_con_la_mobilità_elettrica.md:0:60', 'synthetic_data_AETERNA\\Volume_14_monitoraggio,_telemetria_e_analisi_predittiva.md:0:1']","['L’architettura dei sistemi di monitoraggio implementata in AETERNA garantisce una raccolta dati affidabile, tempestiva e scalabile, abilitando la gestione ottimale di micro-reti energetiche decentralizzate. L’approccio modulare e l’adozione di tecnologie di orchestrazione avanzate (Kubernetes, code distribuite, motori di regole) consentono di adattare dinamicamente la pipeline a variazioni di carico e a nuove tipologie di dati, assicurando la continuità operativa anche in scenari di fault parziali o attacchi informatici. La stretta integrazione con i sistemi di audit e compliance – tramite blockchain privata, firma digitale e data lineage – rende il sistema trasparente e verificabile, facilitando la conformità agli standard Kyoto 2.0, Bit-Energy e alle normative internazionali di', 'Impatto\n\nL’implementazione rigorosa di pipeline di monitoraggio e analisi dei flussi di mobilità elettrica all’interno dell’architettura AETERNA comporta molteplici benefici di natura tecnica, operativa e strategica:\n\nOttimizzazione delle Infrastrutture: L’analisi predittiva consente di anticipare i picchi di domanda, riducendo il rischio di congestione e ottimizzando la distribuzione delle risorse di ricarica, con impatti diretti sulla qualità del servizio e sulla soddisfazione degli utenti finali.', 'Nel contesto del Progetto AETERNA, i sistemi di monitoraggio costituiscono la spina dorsale per la raccolta, la validazione e la distribuzione dei dati energetici e ambientali provenienti da fonti eterogenee, distribuite su tutti i livelli dell’architettura (Edge, Fog, Cloud). L’efficacia e la tempestività delle decisioni automatizzate – sia in ambito di bilanciamento predittivo tramite AI, sia per il trading P2P su blockchain – dipendono in modo critico dalla qualità e dalla disponibilità dei dati in tempo reale. La progettazione dei sistemi di monitoraggio, pertanto, si è focalizzata sull’implementazione di pipeline di raccolta dati resilienti, scalabili e interoperabili, in grado di garantire la persistenza, la tracciabilità e la coerenza']"
"Quali sono le fasi e i componenti coinvolti nel processo di scambio dati e ottimizzazione delle finestre di ricarica tra la piattaforma AETERNA e i sistemi di trasporto pubblico, e come vengono garantite sicurezza, tracciabilità e prioritizzazione energetica durante l’intero flusso operativo?","Le fasi e i componenti coinvolti nel processo di scambio dati e ottimizzazione delle finestre di ricarica tra la piattaforma AETERNA e i sistemi di trasporto pubblico sono:

1. Connessione dei sistemi di gestione flotte (FMS) degli operatori pubblici ai gateway Fog AETERNA tramite API RESTful standardizzate, gateway di interoperabilità e protocolli di scambio dati in tempo reale, con canali TLS 1.3/mTLS autenticati da certificati X.509.
2. Aggregazione e validazione dei dati operativi (posizione, stato di carica, priorità, necessità di ricarica, anomalie diagnostiche) tramite il Gateway Fog AETERNA, dotato di HSM per firma e cifratura dei payload.
3. Trasmissione dei dati operativi e delle richieste di ricarica dal Fog al Charging Management System (CMS) AETERNA, che gestisce l’orchestrazione delle ricariche e la prioritizzazione energetica.
4. Ottimizzazione predittiva delle finestre di ricarica tramite algoritmi AETERNA (Spark/TensorFlow) che utilizzano input come turni di servizio, stato di carica, domanda energetica prevista e disponibilità delle infrastrutture di ricarica.
5. Notifica al FMS dello slot di ricarica assegnato tramite il Fog.
6. Notarizzazione di ogni evento di ricarica, scambio energetico e modifica di priorità su Hyperledger Fabric, con correlazione nonce-timestamp-hash e compliance Kyoto 2.0/Bit-Energy.
7. Aggiornamento dello stato e feedback dal FMS al Fog.

I componenti coinvolti sono: Gateway Fog AETERNA, FMS Trasporto Pubblico, Charging Management System (CMS), API Layer (RESTful/WebSocket), Ledger Blockchain (Hyperledger Fabric).

La sicurezza, tracciabilità e prioritizzazione energetica sono garantite da:
- Cifratura end-to-end e autenticazione reciproca tramite TLS 1.3/mTLS.
- Gestione sicura delle chiavi e firma digitale tramite HSM Edge/Fog.
- Trasmissione di dati sensibili tramite Zero-Knowledge Proof.
- Ledgerizzazione di ogni evento su Hyperledger Fabric, con smart contract per la gestione trasparente e auditabile delle priorità energetiche.
- Compliance ai tag Kyoto 2.0 e identificativi Bit-Energy.
- Possibilità di override manuale delle priorità da parte di operatori certificati.",difficile,"Nel processo di scambio dati e ottimizzazione delle finestre di ricarica tra la piattaforma AETERNA e i sistemi di trasporto pubblico, le fasi e i componenti coinvolti, nonché le modalità di garanzia di sicurezza, tracciabilità e prioritizzazione energetica, sono i seguenti:

**Fasi del processo:**

1. **Raccolta e aggregazione dati:**  
   - I dati operativi relativi allo stato delle flotte (bus/tram elettrici), alle esigenze di ricarica e ai profili di utilizzo vengono raccolti dal FMS (Fleet Management System) del trasporto pubblico.
   - Questi dati vengono inviati al Gateway Fog AETERNA, che funge da punto di aggregazione locale.

2. **Validazione e firma dei dati:**  
   - Il Gateway Fog AETERNA, dotato di HSM (Hardware Security Module), valida, cifra e firma i payload dati, garantendo autenticità e integrità delle informazioni trasmesse.

3. **Scambio dati tramite API Layer:**  
   - I dati vengono scambiati tra AETERNA e FMS attraverso API RESTful e WebSocket, supportando sia comunicazioni real-time che batch, per assicurare tempestività e affidabilità nello scambio informativo.

4. **Orchestrazione e ottimizzazione delle ricariche:**  
   - Il Charging Management System (CMS) di AETERNA riceve i dati aggregati e, tramite algoritmi di AI e modelli predittivi, ottimizza le finestre di ricarica, tenendo conto delle priorità operative (es. orari di servizio, livelli di batteria, esigenze di trasporto).
   - Il CMS gestisce la prioritizzazione energetica, assegnando risorse in modo dinamico in base alle necessità delle flotte e alle condizioni di rete.

5. **Notarizzazione e tracciabilità delle transazioni:**  
   - Tutte le transazioni energetiche e gli eventi di ricarica vengono registrati e notarizzati sul ledger blockchain (Hyperledger Fabric), garantendo immutabilità, auditabilità e tracciabilità end-to-end.

**Componenti coinvolti:**

- **Gateway Fog AETERNA:** aggregazione, validazione, firma e cifratura dati.
- **FMS Trasporto Pubblico:** fornitura dati operativi e ricezione feedback di ottimizzazione.
- **Charging Management System (CMS):** orchestrazione, ottimizzazione e prioritizzazione delle ricariche.
- **API Layer:** interfacce di comunicazione sicura tra sistemi.
- **Ledger Blockchain (Hyperledger Fabric):** notarizzazione e tracciabilità delle transazioni.

**Garanzia di sicurezza, tracciabilità e prioritizzazione energetica:**

- **Sicurezza:**  
  - Uso di HSM per firma e cifratura dei payload.
  - Trasmissione dati tramite API sicure (RESTful/WebSocket).
  - Validazione e autenticazione dei dati a ogni passaggio.

- **Tracciabilità:**  
  - Tutte le transazioni e gli eventi sono registrati su blockchain, assicurando auditabilità e immutabilità delle informazioni.

- **Prioritizzazione energetica:**  
  - Il CMS applica logiche di prioritizzazione basate su dati in tempo reale e predittivi, ottimizzando l’allocazione delle risorse energetiche in funzione delle esigenze operative delle flotte.

**In sintesi:**  
Il processo si articola in raccolta, validazione, scambio sicuro, ottimizzazione e notarizzazione dei dati, coinvolgendo gateway, sistemi di gestione flotte, CMS, API e blockchain. La sicurezza è garantita da cifratura e firma hardware, la tracciabilità dalla ledgerizzazione, e la prioritizzazione da algoritmi di orchestrazione energetica integrati nel CMS.","[0.2717188596725464, 0.2823951840400696, 0.2825639247894287]","['synthetic_data_AETERNA\\Volume_12_interfacciamento_con_la_mobilità_elettrica.md:0:35', 'synthetic_data_AETERNA\\Volume_12_interfacciamento_con_la_mobilità_elettrica.md:0:66', 'synthetic_data_AETERNA\\Volume_12_interfacciamento_con_la_mobilità_elettrica.md:0:64']","['In conclusione, l’ottimizzazione della ricarica pubblica nel Progetto AETERNA rappresenta un esempio paradigmatico di convergenza tra tecnologie IoT, AI, blockchain e sistemi di incentivazione, configurandosi come elemento abilitante per la mobilità elettrica sostenibile e intelligente nelle città del futuro.\n\nCapitolo 3: Sicurezza delle Transazioni Energetiche\n\nProgetto AETERNA – Documentazione Tecnica\n\n1. Introduzione Teorica', '1.1. Componenti Coinvolti\n\nGateway Fog AETERNA: punto di aggregazione e validazione dati, dotato di HSM per firma e cifratura payload.\n\nFMS Trasporto Pubblico: sistema centrale per monitoraggio, pianificazione e controllo flotte (bus/tram elettrici).\n\nCharging Management System (CMS): modulo AETERNA per orchestrazione delle ricariche e prioritizzazione energetica.\n\nAPI Layer: interfacce RESTful e WebSocket per scambio dati real-time e batch.\n\nLedger Blockchain: Hyperledger Fabric, per notarizzazione delle transazioni energetiche e degli eventi di ricarica.\n\n2. Protocolli di Scambio Dati\n\n2.1. Dati Operativi\n\nLo scambio dati tra AETERNA e FMS avviene secondo due macro-flussi:', 'di scambio energetico bidirezionale, ottimizzazione predittiva delle finestre di ricarica e sincronizzazione intelligente dei servizi di trasporto. In tale quadro, la piattaforma AETERNA si configura come layer abilitante per la cooperazione tra attori eterogenei, garantendo interoperabilità, sicurezza e tracciabilità tramite protocolli standard e ledgerizzazione blockchain.']"
Qual è il costo medio di implementazione del modulo di gestione dinamica delle tariffe di ricarica per ogni stazione AETERNA in un contesto urbano di medie dimensioni?,L'informazione non è disponibile nel testo,impossibile,"Il contesto fornito non specifica un valore numerico o una stima economica relativa al costo medio di implementazione del modulo di gestione dinamica delle tariffe di ricarica per ogni stazione AETERNA in un contesto urbano di medie dimensioni. Il testo si concentra sugli aspetti strategici, tecnici e sugli impatti del sistema, ma non riporta dati o range di costo. Pertanto, non è possibile fornire una cifra precisa o una stima basata esclusivamente sulle informazioni disponibili.","[0.2780439853668213, 0.3049185276031494, 0.3410951495170593]","['synthetic_data_AETERNA\\Volume_12_interfacciamento_con_la_mobilità_elettrica.md:0:78', 'synthetic_data_AETERNA\\Volume_12_interfacciamento_con_la_mobilità_elettrica.md:0:91', 'synthetic_data_AETERNA\\Volume_07_smart_contract_e_tokenizzazione_energetica.md:0:94']","['La gestione dinamica delle tariffe di ricarica costituisce un pilastro strategico per l’equilibrio tra domanda e offerta energetica all’interno delle micro-reti urbane AETERNA, con particolare attenzione al settore della mobilità elettrica. In un contesto caratterizzato da variabilità della produzione (soprattutto da fonti rinnovabili) e da una domanda spesso concentrata in finestre temporali ristrette, l’implementazione di un sistema di dynamic pricing consente di modulare i comportamenti degli utenti, promuovendo una distribuzione più omogenea dei carichi e incentivando l’utilizzo di energia in condizioni ottimali per la rete. L’approccio adottato in AETERNA si basa su una tariffazione flessibile, che tiene conto di una', '4. Impatto\n\nL’adozione di un sistema di gestione dinamica delle tariffe di ricarica, come delineato nel framework AETERNA, genera impatti rilevanti sia sul piano tecnico che su quello socio-economico e ambientale:\n\nOttimizzazione dell’Utilizzo Infrastrutturale: La modulazione delle tariffe in funzione della congestione e della disponibilità di energia rinnovabile permette di distribuire la domanda su più slot temporali, riducendo i picchi di carico e migliorando il fattore di utilizzo delle stazioni di ricarica.', 'La gestione dinamica delle tariffe energetiche rappresenta un pilastro fondamentale per il raggiungimento dell’autarchia energetica urbana all’interno del Progetto AETERNA. In un contesto caratterizzato da micro-reti decentralizzate, la flessibilità nella determinazione dei prezzi dell’energia costituisce un meccanismo abilitante per l’ottimizzazione dei flussi energetici, la valorizzazione delle fonti rinnovabili e la partecipazione attiva degli utenti. L’approccio adottato in AETERNA si basa su algoritmi di dynamic pricing implementati tramite smart contract, in grado di adattare in tempo reale le tariffe in funzione di molteplici variabili: domanda/offerta locale e globale, condizioni di rete, previsioni meteorologiche, parametri di mercato e']"
Quale protocollo viene utilizzato da AETERNA per la segnalazione in tempo reale dello stato delle colonnine lato CPO?,"OCPP (Open Charge Point Protocol, ≥1.6J)",facile,"Il protocollo utilizzato da AETERNA per la segnalazione in tempo reale dello stato delle colonnine lato CPO è l’OCPP (Open Charge Point Protocol), versione 1.6J o superiore.","[0.42840898036956787, 0.45815378427505493, 0.4629412889480591]","['synthetic_data_AETERNA\\Volume_12_interfacciamento_con_la_mobilità_elettrica.md:0:98', 'synthetic_data_AETERNA\\Volume_04_sicurezza_informatica_e_cyber-resilienza.md:0:60', 'synthetic_data_AETERNA\\Volume_10_gestione_delle_emergenze_e_continuità_operativa.md:0:110']","['OCPP (Open Charge Point Protocol, ≥1.6J): Già adottato a livello Edge-Fog, qui utilizzato per la segnalazione in tempo reale dello stato delle colonnine e la gestione delle sessioni lato CPO.\n\nArchitettura di Interoperabilità\n\nLa piattaforma AETERNA funge da hub federativo tra operatori, implementando i seguenti moduli chiave:\n\nFederazione delle Identità: Utilizzo di un Identity Provider centralizzato (IdP AETERNA) compatibile con OpenID Connect e OAuth 2.0, che consente la Single Sign-On (SSO) tra operatori aderenti.\n\nGateway OCPI/OICP: Modulo di traduzione e instradamento delle richieste tra operatori, con mapping dinamico degli endpoint e gestione delle chiavi API.', 'Specifiche Tecniche e Protocolli\n\n1. Rilevamento Precoce e SOC Distribuito\n\nIl SOC di AETERNA è strutturato su tre livelli (Edge, Fog, Cloud), ciascuno dotato di agenti di monitoraggio che osservano in tempo reale: - Integrità della catena Pulse (verifica hash, firma, timestamp Kyoto 2.0) - Anomalie di propagazione (latenza, perdita, jitter anomalo) - Pattern di comportamento anomalo nei payload di sincronizzazione\n\nGli agenti SOC Edge sono lightweight, residenti su H-Node, e trasmettono alert critici ai cluster Fog. I cluster Fog aggregano e correlano eventi tramite motori AI/ML specializzati in detection comportamentale, propagando escalation al SOC Cloud per incidenti di ampia portata.\n\n2. Contenimento Automatizzato e Orchestrazione', 'il Progetto AETERNA ha formalizzato un protocollo di comunicazione che disciplina ruoli, canali, tempistiche e modalità di archiviazione delle informazioni, con particolare attenzione alla sicurezza, all’auditabilità e all’aderenza agli standard interni (Kyoto 2.0, Bit-Energy).']"
"In che modo la piattaforma AETERNA garantisce sia la valorizzazione economica dei surplus energetici prodotti localmente sia la tracciabilità delle emissioni evitate, collegando protocolli di settlement e sistemi di tagging?","La piattaforma AETERNA garantisce la valorizzazione economica dei surplus energetici prodotti localmente attraverso l’integrazione nativa con il sistema Bit-Energy, che permette la monetizzazione dei surplus e incentiva la partecipazione attiva dei prosumer tramite scambi peer-to-peer e immissione in rete secondo regole di settlement configurabili. La tracciabilità delle emissioni evitate è assicurata dal tagging Kyoto 2.0, che associa a ogni kWh prodotto, scambiato o consumato un profilo energetico dettagliato (fonte, emissioni evitate, timestamp). I protocolli di settlement e i sistemi di tagging sono collegati tramite smart contract su Hyperledger Fabric, che tracciano ogni transazione energetica e applicano i tag Kyoto 2.0 e Bit-Energy, garantendo compliance, trasparenza e reporting avanzato.",media,"La piattaforma AETERNA garantisce la valorizzazione economica dei surplus energetici prodotti localmente attraverso l’integrazione di protocolli di settlement standardizzati e la federazione di marketplace energetici urbani. In questo modo, gli attori che generano surplus (ad esempio, da impianti fotovoltaici o microeolici) possono immettere l’energia in eccesso nella rete o cederla ad altri utenti, ricevendo una remunerazione automatica e trasparente grazie a smart contract e ledgerizzazione blockchain. Questo meccanismo assicura la circolazione virtuosa di valore all’interno dell’ecosistema AETERNA, promuovendo la partecipazione attiva di tutti gli stakeholder.

Per quanto riguarda la tracciabilità delle emissioni evitate, AETERNA adotta sistemi di tagging digitale associati a ciascuna transazione energetica. Ogni unità di energia scambiata viene etichettata con metadati che ne certificano l’origine rinnovabile e il relativo impatto ambientale (ad esempio, CO₂ evitata rispetto a fonti convenzionali). Questi dati vengono registrati in modo immutabile su blockchain, garantendo trasparenza, auditabilità e compliance normativa. L’integrazione tra protocolli di settlement e sistemi di tagging consente così di collegare direttamente il valore economico del surplus energetico alla sua valenza ambientale, abilitando modelli di incentivazione e rendicontazione affidabili e scalabili.","[0.2995210886001587, 0.30295002460479736, 0.3164098262786865]","['synthetic_data_AETERNA\\Volume_12_interfacciamento_con_la_mobilità_elettrica.md:0:64', 'synthetic_data_AETERNA\\Volume_12_interfacciamento_con_la_mobilità_elettrica.md:0:110', 'synthetic_data_AETERNA\\Volume_07_smart_contract_e_tokenizzazione_energetica.md:0:150']","['di scambio energetico bidirezionale, ottimizzazione predittiva delle finestre di ricarica e sincronizzazione intelligente dei servizi di trasporto. In tale quadro, la piattaforma AETERNA si configura come layer abilitante per la cooperazione tra attori eterogenei, garantendo interoperabilità, sicurezza e tracciabilità tramite protocolli standard e ledgerizzazione blockchain.', 'L’integrazione di micro-reti energetiche urbane con sistemi di produzione distribuita rappresenta il fondamento per la transizione verso modelli energetici resilienti, sostenibili e decentralizzati. Nel contesto della piattaforma AETERNA, tale integrazione non si limita alla mera connessione fisica tra infrastrutture di ricarica e fonti rinnovabili locali (es. impianti fotovoltaici, microeolici), ma si estende all’adozione di architetture digitali e protocolli che abilitano lo scambio bidirezionale di energia, la gestione predittiva dei flussi e la valorizzazione di surplus tramite meccanismi di accumulo o immissione in rete. L’approccio AETERNA si distingue per l’implementazione di un energy management distribuito, orchestrato da intelligenza artificiale, e per la compliance', 'promuovendo la partecipazione attiva e la circolazione virtuosa di valore all’interno dell’ecosistema AETERNA. Infine, la natura modulare e interoperabile della piattaforma consente la scalabilità e la federazione di marketplace energetici urbani, ponendo le basi per un modello di autarchia energetica sostenibile e replicabile.']"
"Quali sono le fasi principali del ciclo di miglioramento continuo della user experience e dell’accessibilità nei servizi di ricarica AETERNA, e come vengono integrate le tecnologie di raccolta e analisi del feedback utente per garantire l’aderenza alle esigenze emergenti e alle best practice internazionali?","Le fasi principali del ciclo di miglioramento continuo della user experience e dell’accessibilità nei servizi di ricarica AETERNA sono: raccolta del feedback accessibile (tramite app e colonnina, con tasto fisico dedicato e/o QR code, questionari adattivi), analisi multicanale del feedback (integrazione con piattaforme di analytics e data lake su Cloud AETERNA, segmentazione per tipologia di disabilità, device, localizzazione), analisi semantica automatizzata del feedback (pipeline NLP su Cloud con modello BERT multilingua), prioritizzazione delle issue emerse e rilascio di aggiornamenti incrementali. Le tecnologie di raccolta e analisi del feedback utente sono integrate tramite moduli accessibili, analytics avanzati e automazione dell’analisi semantica, garantendo che le modifiche e i miglioramenti siano guidati dalle esigenze emergenti degli utenti e in linea con le best practice internazionali (WCAG, ISO 21542).",difficile,"Le fasi principali del ciclo di miglioramento continuo della user experience (UX) e dell’accessibilità nei servizi di ricarica AETERNA sono:

**1. Raccolta sistematica del feedback utente**  
La piattaforma AETERNA prevede la raccolta strutturata di feedback da parte di tutti gli stakeholder (utenti finali, operatori, persone con disabilità, ecc.), sia attraverso strumenti digitali integrati nelle app mobili e web (es. sondaggi, valutazioni, segnalazioni contestuali), sia tramite canali di supporto e community. Vengono inoltre monitorati i dati di utilizzo e le interazioni con le interfacce, nel rispetto della privacy.

**2. Analisi multidimensionale dei dati**  
I dati raccolti vengono analizzati tramite tecnologie di data analytics e intelligenza artificiale, che consentono di individuare pattern di utilizzo, criticità ricorrenti, esigenze emergenti e opportunità di ottimizzazione. L’analisi tiene conto di parametri specifici relativi all’accessibilità (ad esempio, errori di navigazione per utenti con tecnologie assistive) e alla soddisfazione dell’utente.

**3. Allineamento alle best practice e alle normative**  
I risultati dell’analisi vengono confrontati con le linee guida internazionali (come WCAG 2.1 AA) e con i principi di design universale, per garantire che ogni intervento sia conforme agli standard più aggiornati in materia di accessibilità e inclusività.

**4. Definizione e prioritizzazione della roadmap operativa**  
Sulla base delle evidenze raccolte, viene aggiornata la roadmap di sviluppo, con la definizione di interventi incrementali e prioritari (es. miglioramento delle interfacce, ottimizzazione dei flussi di navigazione, introduzione di nuove funzionalità assistive).

**5. Implementazione e testing iterativo**  
Le soluzioni vengono implementate in modo incrementale e testate sia internamente sia con il coinvolgimento diretto degli utenti, in particolare di quelli con esigenze specifiche. Vengono utilizzati strumenti di validazione automatica e test di usabilità/accessibilità con tecnologie assistive.

**6. Monitoraggio e retroazione**  
Dopo il rilascio, l’impatto delle modifiche viene monitorato in tempo reale, alimentando nuovamente il ciclo di feedback. Questo garantisce un processo di ottimizzazione continua, resiliente e adattivo.

**Integrazione delle tecnologie di raccolta e analisi del feedback**  
Le tecnologie di raccolta e analisi del feedback sono integrate a livello di architettura distribuita (edge, fog, cloud), consentendo la raccolta di dati sia in tempo reale che in modalità asincrona. L’uso di AI e machine learning permette di anticipare bisogni emergenti e di personalizzare l’esperienza utente, mentre dashboard di monitoraggio e reportistica facilitano la governance decentralizzata e la trasparenza verso tutti gli stakeholder.

**In sintesi:**  
Il ciclo di miglioramento continuo in AETERNA si basa su una pipeline strutturata di raccolta, analisi, allineamento normativo, implementazione e monitoraggio, supportata da tecnologie avanzate di feedback e analytics. Questo approccio garantisce l’aderenza costante alle esigenze emergenti degli utenti e alle best practice internazionali in materia di UX e accessibilità.","[0.2623444199562073, 0.2786629796028137, 0.28377121686935425]","['synthetic_data_AETERNA\\Volume_12_interfacciamento_con_la_mobilità_elettrica.md:0:125', 'synthetic_data_AETERNA\\Volume_12_interfacciamento_con_la_mobilità_elettrica.md:0:138', 'synthetic_data_AETERNA\\Volume_15_formazione,_supporto_e_community.md:0:106']","['L’usabilità e l’accessibilità costituiscono pilastri fondamentali nell’adozione diffusa dei servizi di ricarica per la mobilità elettrica all’interno del framework AETERNA. In un contesto urbano orientato all’autarchia energetica, la qualità dell’esperienza utente (User Experience, UX) e la garanzia di accessibilità universale non sono meri corollari, ma requisiti imprescindibili per assicurare inclusività, efficienza operativa e sostenibilità sociale. L’adozione di principi di design universale, la conformità alle linee guida internazionali (WCAG 2.1 AA), nonché l’integrazione di tecnologie assistive, si configurano come elementi strutturali della piattaforma. La progettazione delle interfacce – sia per le app mobili', 'Impatto\n\nL’implementazione rigorosa di criteri di accessibilità e design universale nei servizi di ricarica AETERNA determina un impatto sistemico su più livelli:\n\nInclusione Sociale: L’abbattimento delle barriere digitali e fisiche consente la partecipazione attiva di utenti con disabilità, anziani e persone con esigenze specifiche, ampliando la base di utenti e favorendo l’equità nell’accesso alle risorse energetiche.\n\nAdozione e Fidelizzazione: Un’esperienza utente intuitiva e personalizzata, supportata da notifiche proattive e suggerimenti AI-driven, incrementa la soddisfazione, la frequenza d’uso e la fidelizzazione, accelerando la transizione verso la mobilità elettrica urbana.', 'Il miglioramento continuo costituisce un asse portante nella strategia evolutiva del Progetto AETERNA. In un contesto caratterizzato da architetture distribuite, processi di governance decentralizzati e forti dinamiche di interazione tra utenti, dispositivi edge (H-Node), livelli fog e cloud, la capacità di recepire, analizzare e integrare i feedback degli stakeholder si configura come un elemento imprescindibile per garantire resilienza, adattività e allineamento rispetto alle esigenze emergenti. Il ciclo di feedback, strutturato e formalizzato, è progettato per alimentare una pipeline di ottimizzazione incrementale, nella quale la raccolta sistematica dei dati, la loro analisi multidimensionale e la traduzione in roadmap operative rappresentano snodi critici per la sostenibilità e la scalabilità']"
Qual è il costo medio annuo per la manutenzione dei cluster ad alta disponibilità (HA) dei nodi Fog nell’architettura AETERNA?,L'informazione non è disponibile nel testo,impossibile,"In base al contesto fornito, non sono presenti dati specifici o stime numeriche riguardanti il costo medio annuo per la manutenzione dei cluster ad alta disponibilità (HA) dei nodi Fog nell’architettura AETERNA. Il testo descrive i benefici, le funzionalità e l’importanza dei cluster Fog, ma non fornisce informazioni quantitative o riferimenti a costi di manutenzione. 

Per ottenere una stima precisa del costo medio annuo, sarebbero necessari ulteriori dettagli tecnici e operativi, come il dimensionamento dei cluster, la tipologia di hardware/software utilizzato, i livelli di servizio richiesti e le politiche di manutenzione adottate.","[0.43785345554351807, 0.4491058588027954, 0.4563082456588745]","['synthetic_data_AETERNA\\Volume_18_evoluzione_tecnologica_e_roadmap_di_ricerca.md:0:81', 'synthetic_data_AETERNA\\Volume_02_architettura_di_sistema_a_tre_livelli.md:0:29', 'synthetic_data_AETERNA\\Volume_11_integrazione_con_le_energie_rinnovabili.md:0:39']","['La scalabilità e l’ottimizzazione delle performance costituiscono pilastri imprescindibili per il successo e la sostenibilità a lungo termine del Progetto AETERNA. In un contesto di micro-reti energetiche decentralizzate, caratterizzato da una crescita potenzialmente esponenziale degli H-Node (livello Edge), dei nodi Fog e delle componenti Cloud, l’architettura deve garantire la capacità di adattarsi dinamicamente sia a incrementi graduali della domanda sia a picchi improvvisi di carico. La progettazione cloud-native e l’adozione di paradigmi come il microservizio containerizzato, l’orchestrazione automatica e il bilanciamento del carico sono determinanti per mantenere livelli di servizio elevati, minimizzare la latenza e assicurare la resilienza di', 'Il livello Fog del framework AETERNA rappresenta il cuore pulsante della coordinazione energetica a scala di quartiere, fungendo da snodo intermedio tra la granularità degli H-Node Edge e la visione sistemica del livello Cloud. In questa architettura, il Fog Layer non si limita a un semplice ruolo di relay, ma assume una funzione attiva di aggregazione, pre-elaborazione e orchestrazione delle risorse energetiche distribuite (DER) e dei dati provenienti dagli Edge. La sua caratteristica distintiva è la capacità di formare cluster dinamici di edifici, che si comportano come una “mente collettiva” in grado di adattarsi in tempo reale alle fluttuazioni della domanda e dell’offerta energetica, nonché agli eventi ambientali e sociali. Tale intelligenza collettiva è resa possibile da', 'Impatto\n\nL’implementazione di un sistema di accumulo energetico distribuito secondo le specifiche descritte apporta benefici sostanziali in termini di resilienza, sicurezza e scalabilità per l’intero ecosistema AETERNA. La localizzazione dello storage presso i nodi Edge consente la persistenza dei dati anche in condizioni di isolamento di rete, riducendo drasticamente la latenza di accesso e garantendo la continuità delle operazioni critiche (ad esempio, gestione fault, peak shaving, load leveling). L’adozione di cluster di storage di quartiere (Fog) permette di aggregare e consolidare i dati provenienti da molteplici nodi locali, offrendo capacità di buffering regionale, alta disponibilità e disaster recovery.']"
Quale standard IEC/ISO viene utilizzato nel Progetto AETERNA per la gestione della sicurezza delle informazioni?,ISO/IEC 27001,facile,Nel Progetto AETERNA viene utilizzato lo standard ISO/IEC 27001 per la gestione della sicurezza delle informazioni.,"[0.2602166533470154, 0.2687780261039734, 0.3134616017341614]","['synthetic_data_AETERNA\\Volume_13_interoperabilità_e_standardizzazione_internazionale.md:0:3', 'synthetic_data_AETERNA\\Volume_13_interoperabilità_e_standardizzazione_internazionale.md:0:12', 'synthetic_data_AETERNA\\Volume_12_interfacciamento_con_la_mobilità_elettrica.md:0:45']","['2. Specifiche Tecniche e Protocolli\n\n2.1. Sicurezza delle Informazioni: ISO/IEC 27001 e Controlli Associati\n\nGestione della Sicurezza delle Informazioni Il framework di sicurezza di AETERNA si fonda sull’implementazione rigorosa della norma ISO/IEC 27001, integrata da controlli specifici tratti dall’Annex A (Information Security Controls). I principali aspetti implementativi includono:\n\nCifratura dei Dati\n\nIn transito: Tutte le comunicazioni tra H-Node (Edge), cluster Fog e servizi Cloud sono cifrate tramite TLS 1.3, con forward secrecy abilitata e cipher suite limitate a curve elliptiche (ECDHE) e AES-256-GCM.', '4. Impatto dell’Adozione degli Standard IEC/ISO\n\nL’adozione sistematica degli standard IEC/ISO nel Progetto AETERNA produce un impatto multidimensionale sull’intera architettura:\n\nResilienza e Sicurezza: L’implementazione di controlli ISO/IEC 27001 e la cifratura avanzata riducono drasticamente la superficie di attacco e mitigano i rischi di data breach, assicurando la continuità operativa anche in scenari di minaccia avanzata.\n\nInteroperabilità e Scalabilità: La conformità a OpenAPI, SAML 2.0 e OAuth 2.0 consente l’integrazione fluida con sistemi eterogenei, favorendo l’espansione del framework AETERNA verso nuovi partner e piattaforme (es. Kyoto 2.0, dashboard municipali).', '3.2 Tabella – Riepilogo Meccanismi di Sicurezza\n\nLivello Meccanismo di Sicurezza Algoritmi/Standard Funzione Principale Edge HSM, mTLS, X.509, AES-256 RSA-4096, ECC, AES-256 Cifratura, autenticazione, integrità Fog Proxy sicuro, validazione nonce mTLS, NTP, OCSP Aggregazione, validazione temporale Cloud PKI, Blockchain, Smart Contract X.509, Hyperledger, Kyoto 2.0 Gestione certificati, tracciabilità, compliance V2I/V2V Firma digitale, ZKP ECC, ZKP Non ripudiabilità, privacy, auditabilità\n\n4. Impatto\n\nL’implementazione rigorosa di questi meccanismi di sicurezza ha un impatto determinante su diversi assi strategici del progetto AETERNA:']"
In che modo il pattern transactional outbox e l’utilizzo di uno schema registry centralizzato contribuiscono a garantire la consistenza e la compatibilità dei dati tra AETERNA e i sistemi legacy?,"Il pattern transactional outbox garantisce la consistenza tra eventi generati dai sistemi legacy e i microservizi AETERNA tramite polling periodico e pubblicazione atomica degli eventi su RabbitMQ, assicurando che i dati siano sincronizzati in modo affidabile e senza perdita di informazioni. L’utilizzo di uno schema registry centralizzato, compatibile con Avro/JSON Schema, permette la validazione di tutti i payload scambiati, assicurando la compatibilità tra versioni e la retro-compatibilità delle interfacce, così da mantenere l’integrità e la coerenza dei dati tra AETERNA e i sistemi legacy.",media,"Il pattern **transactional outbox** e l’utilizzo di uno **schema registry centralizzato** sono due elementi chiave per garantire consistenza e compatibilità dei dati tra AETERNA e i sistemi legacy:

**Transactional Outbox Pattern**
- Questo pattern assicura che ogni cambiamento rilevante nei sistemi legacy (ad esempio, una modifica utente in Active Directory) venga registrato in una tabella “outbox” all’interno della stessa transazione del database che gestisce il dato principale.
- Un processo di polling legge periodicamente la tabella outbox e pubblica gli eventi su RabbitMQ in modo atomico, evitando così problemi di perdita di dati o inconsistenza tra lo stato del sistema legacy e quello dei microservizi AETERNA.
- In questo modo, si garantisce che ogni evento generato sia effettivamente rappresentativo dello stato reale del sistema legacy, riducendo il rischio di duplicazioni, omissioni o disallineamenti.

**Schema Registry Centralizzato**
- Tutti i payload scambiati tra AETERNA e i sistemi legacy sono validati tramite uno schema registry centralizzato (compatibile con Avro/JSON Schema).
- Questo assicura che i dati trasmessi rispettino sempre uno schema predefinito e versionato, prevenendo errori dovuti a cambiamenti non coordinati nelle strutture dati.
- Lo schema registry facilita la compatibilità tra versioni diverse dei servizi (backward e forward compatibility), permettendo l’evoluzione delle interfacce senza interrompere la comunicazione tra sistemi eterogenei.

**In sintesi:**  
Il transactional outbox garantisce che gli eventi siano generati e pubblicati in modo affidabile e consistente, mentre lo schema registry centralizzato assicura che i dati scambiati siano sempre compatibili e validi secondo regole condivise. Insieme, questi due meccanismi riducono drasticamente il rischio di inconsistenze, errori di integrazione e problemi di compatibilità tra AETERNA e i sistemi legacy.","[0.2656310796737671, 0.30515873432159424, 0.31210947036743164]","['synthetic_data_AETERNA\\Volume_13_interoperabilità_e_standardizzazione_internazionale.md:0:20', 'synthetic_data_AETERNA\\Volume_13_interoperabilità_e_standardizzazione_internazionale.md:0:21', 'synthetic_data_AETERNA\\Volume_13_interoperabilità_e_standardizzazione_internazionale.md:0:16']","['LDAP Bridge: Per la federazione delle identità, un servizio bridge traduce le richieste SAML/OAuth di AETERNA in query LDAP compatibili con Active Directory o altri directory server legacy, supportando anche la propagazione di policy RBAC e la gestione delle password secondo i criteri di sicurezza definiti.\n\n3. Gestione della Coerenza e Integrità dei Dati\n\nTransactional Outbox Pattern: Per garantire la consistenza tra eventi generati da sistemi legacy e microservizi AETERNA, viene adottato il pattern transactional outbox, con polling periodico e pubblicazione atomica degli eventi su RabbitMQ.\n\nSchema Registry: Tutti i payload scambiati sono validati tramite uno schema registry centralizzato (compatibile con Avro/JSON Schema), assicurando la compatibilità tra versioni e la retro-compatibilità delle interfacce.', 'Audit e Logging: Ogni interazione tra AETERNA e sistemi legacy è tracciata tramite log strutturati, archiviati su storage geo-ridondato (S3) e referenziati tramite hash su blockchain Bit-Energy, a garanzia di integrità, non ripudiabilità e compliance Kyoto 2.0.\n\n4. Sicurezza e Monitoraggio\n\nAutenticazione e Autorizzazione: Tutte le chiamate verso i sistemi legacy sono autenticare tramite token OAuth 2.0 a scope limitati o assertion SAML firmate e temporizzate. L’accesso ai dati legacy è regolato da policy RBAC granulari, propagate tramite il bridge LDAP.', 'di interruzione del servizio e perdita di dati. In questo capitolo vengono dettagliate le strategie architetturali, i protocolli di interfacciamento e i pattern di integrazione adottati per garantire la massima interoperabilità tra AETERNA e le infrastrutture legacy, con particolare attenzione agli aspetti di scalabilità, sicurezza, consistenza dei dati e monitoraggio.']"
"Quali sono le fasi del ciclo di feedback continuo tra i deployment reali di AETERNA e i tavoli di standardizzazione internazionali, e in che modo questo processo contribuisce all’aggiornamento delle specifiche interne e al rilascio di nuove versioni degli adapter, delle policy di sicurezza e dei workflow ETL?","Le fasi del ciclo di feedback continuo tra i deployment reali di AETERNA e i tavoli di standardizzazione internazionali sono: 1) raccolta di metriche e anomalie tramite sistemi di monitoraggio AI-driven; 2) analisi delle criticità e identificazione di gap normativi o di interoperabilità; 3) formalizzazione di proposte tecniche da presentare nei consessi internazionali; 4) aggiornamento delle specifiche interne e rilascio di nuove versioni degli adapter, delle policy di sicurezza e dei workflow ETL. Questo processo consente di recepire tempestivamente le evoluzioni degli standard, anticipare le tendenze normative, garantire la conformità delle soluzioni implementate e assicurare che le esigenze specifiche di AETERNA siano rappresentate negli standard globali, portando così all’aggiornamento continuo delle specifiche interne e al rilascio di nuove versioni degli adapter, delle policy di sicurezza e dei workflow ETL.",difficile,"Le fasi del ciclo di feedback continuo tra i deployment reali di AETERNA e i tavoli di standardizzazione internazionali sono le seguenti:

1. **Raccolta e Consolidamento dei Feedback**  
   - **Fonti:** I feedback provengono da diversi canali, tra cui issue tracker (Jira/Azure DevOps), report di metriche raccolte tramite sistemi di monitoraggio AI-driven (Prometheus, Grafana, Isolation Forest), audit log (Bit-Energy) e sessioni di stakeholder engagement.
   - **Protocollo:** Ogni feedback viene categorizzato secondo una tassonomia interna (ad esempio: sicurezza, performance, compliance Kyoto 2.0, interoperabilità semantica).
   - **Automazione:** I webhook integrati con i sistemi di monitoraggio e audit generano automaticamente ticket di revisione, classificando le segnalazioni in base alla criticità e all’impatto architetturale.

2. **Analisi delle Criticità e Identificazione dei Gap**  
   - I dati raccolti vengono analizzati per individuare criticità, anomalie e gap normativi o di interoperabilità.
   - L’analisi è multidimensionale e coinvolge sia aspetti tecnici sia di compliance, con l’obiettivo di evidenziare le aree che richiedono interventi o aggiornamenti.

3. **Formalizzazione di Proposte Tecniche**  
   - Sulla base delle analisi, vengono elaborate proposte tecniche che formalizzano le soluzioni ai problemi individuati.
   - Queste proposte sono preparate per essere presentate nei consessi internazionali di standardizzazione, favorendo l’allineamento con le best practice e le normative emergenti.

4. **Aggiornamento delle Specifiche Interne e Rilascio di Nuove Versioni**  
   - Le specifiche interne di AETERNA vengono aggiornate in base agli esiti delle analisi e delle discussioni nei tavoli di standardizzazione.
   - Vengono rilasciate nuove versioni degli adapter, delle policy di sicurezza e dei workflow ETL, assicurando che l’architettura rimanga resiliente, adattiva e conforme alle esigenze emergenti.

**Contributo del Processo all’Aggiornamento e al Rilascio di Nuove Versioni:**

Questo ciclo strutturato e formalizzato consente di:
- Integrare rapidamente i feedback provenienti dai deployment reali, garantendo che le esigenze operative e le criticità riscontrate siano affrontate tempestivamente.
- Allineare le specifiche interne agli standard internazionali e alle best practice, migliorando l’interoperabilità e la compliance.
- Alimentare una pipeline di ottimizzazione incrementale, in cui la raccolta sistematica dei dati e la loro analisi guidano la roadmap evolutiva.
- Rilasciare in modo continuo nuove versioni degli adapter, delle policy di sicurezza e dei workflow ETL, assicurando la sostenibilità, la scalabilità e l’aggiornamento costante dell’ecosistema AETERNA.","[0.15814834833145142, 0.2932760715484619, 0.2981691360473633]","['synthetic_data_AETERNA\\Volume_13_interoperabilità_e_standardizzazione_internazionale.md:0:34', 'synthetic_data_AETERNA\\Volume_15_formazione,_supporto_e_community.md:0:106', 'synthetic_data_AETERNA\\Volume_18_evoluzione_tecnologica_e_roadmap_di_ricerca.md:0:44']","['Processo di Feedback e Aggiornamento Continuo\n\nL’architettura AETERNA prevede un ciclo continuo di feedback tra i deployment reali e i tavoli di standardizzazione:\n\nRaccolta di metriche e anomalie tramite sistemi di monitoraggio AI-driven (Prometheus, Grafana, Isolation Forest).\n\nAnalisi delle criticità e identificazione di gap normativi o di interoperabilità.\n\nFormalizzazione di proposte tecniche da presentare nei consessi internazionali.\n\nAggiornamento delle specifiche interne e rilascio di nuove versioni degli adapter, delle policy di sicurezza e dei workflow ETL.\n\nDiagramma e Tabelle\n\nDiagramma di Collaborazione e Flusso Informativo', 'Il miglioramento continuo costituisce un asse portante nella strategia evolutiva del Progetto AETERNA. In un contesto caratterizzato da architetture distribuite, processi di governance decentralizzati e forti dinamiche di interazione tra utenti, dispositivi edge (H-Node), livelli fog e cloud, la capacità di recepire, analizzare e integrare i feedback degli stakeholder si configura come un elemento imprescindibile per garantire resilienza, adattività e allineamento rispetto alle esigenze emergenti. Il ciclo di feedback, strutturato e formalizzato, è progettato per alimentare una pipeline di ottimizzazione incrementale, nella quale la raccolta sistematica dei dati, la loro analisi multidimensionale e la traduzione in roadmap operative rappresentano snodi critici per la sostenibilità e la scalabilità', 'Specifiche Tecniche e Protocolli\n\nFasi del Processo di Aggiornamento\n\nIl processo di aggiornamento della roadmap tecnologica di AETERNA si articola in quattro fasi principali, ognuna delle quali è supportata da strumenti e protocolli rigorosi:\n\nRaccolta e Consolidamento dei Feedback\n\nFonti: Issue tracker (Jira/Azure DevOps), report di metriche (Prometheus, Grafana), audit log (Bit-Energy), sessioni di stakeholder engagement.\n\nProtocollo: Ogni feedback viene categorizzato secondo una tassonomia interna (es. sicurezza, performance, compliance Kyoto 2.0, interoperabilità semantica).\n\nAutomazione: I webhook integrati con i sistemi di monitoraggio e audit generano automaticamente ticket di revisione, classificando le segnalazioni in base alla criticità e all’impatto architetturale.']"
Qual è il costo medio annuale per la manutenzione della pipeline di testing automatizzata integrata nella CI/CD di AETERNA?,L'informazione non è disponibile nel testo,impossibile,"Nel contesto fornito non sono presenti dati specifici o stime relative al costo medio annuale per la manutenzione della pipeline di testing automatizzata integrata nella CI/CD di AETERNA. Il documento descrive l’architettura, i flussi e gli impatti strategici e operativi, ma non fornisce informazioni quantitative o economiche sui costi di manutenzione.","[0.38873738050460815, 0.3921945095062256, 0.40692222118377686]","['synthetic_data_AETERNA\\Volume_18_evoluzione_tecnologica_e_roadmap_di_ricerca.md:0:128', 'synthetic_data_AETERNA\\Volume_05_protocolli_di_comunicazione_e_interfacce.md:0:139', 'synthetic_data_AETERNA\\Volume_05_protocolli_di_comunicazione_e_interfacce.md:0:128']","['2. Pipeline CI/CD: Architettura e Flussi\n\nLe pipeline CI/CD di AETERNA sono progettate per supportare la multi-tenancy, la segmentazione per ambiente (dev, test, staging, prod) e la compliance con le policy Kyoto 2.0. Ogni pipeline è composta da step modulari e parametrizzabili, con gestione delle seguenti fasi:\n\nCheckout e Validazione Branch\n\nBuild e Static Analysis\n\nUnit/Integration/E2E Test\n\nPackage & Container Build\n\nSecurity Scan\n\nArtifact Promotion\n\nDeploy su ambiente target\n\nSmoke Test post-deploy\n\nRollback automatico in caso di failure\n\nNotifica e logging degli eventi\n\nEsempio di flusso CI/CD (Mermaid):', 'Impatto\n\nL’adozione di un framework di testing delle interfacce completamente automatizzato e integrato nelle pipeline CI/CD di AETERNA comporta una serie di impatti strategici e operativi di rilievo:\n\nRiduzione del rischio di regressioni: La validazione continua delle interfacce assicura che ogni modifica sia testata in modo esaustivo prima della promozione in produzione, prevenendo l’introduzione di errori e incompatibilità.\n\nMiglioramento della sicurezza: L’integrazione di scanner di vulnerabilità e fuzzing automatizzato riduce drasticamente la finestra di esposizione a minacce note e sconosciute, garantendo una postura di sicurezza proattiva e conforme alle policy AETERNA.', 'Nel contesto dell’architettura multilivello di AETERNA, la robustezza e la sicurezza delle interfacce di comunicazione rappresentano requisiti imprescindibili per garantire la continuità operativa, la compliance agli standard interni (es. Kyoto 2.0, Bit-Energy) e la resilienza delle micro-reti energetiche. Il testing delle interfacce, in particolare delle API esposte a Edge, Fog e Cloud, viene sistematicamente automatizzato attraverso pipeline CI/CD integrate, che orchestrano test di integrazione, carico e sicurezza, assicurando un controllo di qualità continuo e riducendo drasticamente il rischio di regressioni funzionali e vulnerabilità. L’automazione del ciclo di validazione, supportata da strumenti di test e scanner di sicurezza di ultima generazione, costituisce un pilastro fondamentale']"
Quale standard viene utilizzato in AETERNA per abilitare il Single Sign-On (SSO) tra domini organizzativi?,SAML 2.0,facile,"In AETERNA, lo standard utilizzato per abilitare il Single Sign-On (SSO) tra domini organizzativi è **SAML 2.0**.","[0.35412728786468506, 0.390672504901886, 0.3967072367668152]","['synthetic_data_AETERNA\\Volume_13_interoperabilità_e_standardizzazione_internazionale.md:0:57', 'synthetic_data_AETERNA\\Volume_09_governance_e_modelli_di_partecipazione.md:0:114', 'synthetic_data_AETERNA\\Volume_12_interfacciamento_con_la_mobilità_elettrica.md:0:98']","['Specifiche Tecniche e Protocolli\n\n1. Infrastruttura IAM e Standard di Federazione\n\nAETERNA implementa una infrastruttura IAM multilivello, progettata per garantire compatibilità, scalabilità e robustezza. I principali standard e tecnologie adottati sono:\n\nSAML 2.0: utilizzato per la federazione delle identità tra domini organizzativi (es. tra utility e operatori di quartiere, o tra AETERNA e fornitori di servizi esterni). Consente Single Sign-On (SSO) e scambio sicuro di assertion di autenticazione.\n\nOpenID Connect (OIDC): impiegato per l’autenticazione utente su servizi web e API, con supporto a flussi di autenticazione interattivi e machine-to-machine.', 'Specifiche Tecniche e Protocolli\n\n1. Canali di Coinvolgimento e Strumenti di Collaborazione\n\nAETERNA mette a disposizione degli stakeholder esterni una suite integrata di strumenti digitali, progettata per massimizzare la partecipazione informata e la collaborazione strutturata. Gli strumenti principali includono:\n\nAETERNA Collaboration Portal: Piattaforma web centralizzata, autenticata tramite Single Sign-On (SSO) federato, che funge da punto di accesso unico per tutte le interazioni esterne.\n\nForum Moderati: Spazi di discussione tematici, moderati da facilitatori certificati, con thread versionati e tracciamento delle interazioni tramite identificativi Forum_Thread_ID e User_Stakeholder_ID.', 'OCPP (Open Charge Point Protocol, ≥1.6J): Già adottato a livello Edge-Fog, qui utilizzato per la segnalazione in tempo reale dello stato delle colonnine e la gestione delle sessioni lato CPO.\n\nArchitettura di Interoperabilità\n\nLa piattaforma AETERNA funge da hub federativo tra operatori, implementando i seguenti moduli chiave:\n\nFederazione delle Identità: Utilizzo di un Identity Provider centralizzato (IdP AETERNA) compatibile con OpenID Connect e OAuth 2.0, che consente la Single Sign-On (SSO) tra operatori aderenti.\n\nGateway OCPI/OICP: Modulo di traduzione e instradamento delle richieste tra operatori, con mapping dinamico degli endpoint e gestione delle chiavi API.']"
In che modo la pipeline CI/CD di AETERNA contribuisce sia alla validazione delle specifiche API che all’allineamento tra codice e documentazione tecnica?,"La pipeline CI/CD di AETERNA contribuisce alla validazione delle specifiche API includendo fasi di linting e validazione automatica delle specifiche (tramite tool come Spectral), test di contract compatibility (con strumenti come Dredd e Schemathesis) e generazione di mock server per verificare la conformità delle implementazioni ai contratti API. Inoltre, ogni commit che modifica le specifiche API innesca la rigenerazione e la pubblicazione automatica della documentazione tecnica (tramite Swagger UI e Redoc), garantendo così l’allineamento continuo tra codice e documentazione e prevenendo discrepanze tra le due.",media,"La pipeline CI/CD di AETERNA contribuisce alla validazione delle specifiche API e all’allineamento tra codice e documentazione tecnica attraverso diversi meccanismi automatizzati e integrati nel flusso di delivery:

1. **Validazione automatica delle API**  
Durante le fasi di build e test (in particolare negli step di Unit/Integration/E2E Test), la pipeline esegue test automatici sulle API esposte a Edge, Fog e Cloud. Questi test verificano che le implementazioni rispettino le specifiche definite (ad esempio, tramite contratti OpenAPI/Swagger), assicurando che ogni modifica al codice sia conforme ai requisiti funzionali e di interfaccia previsti.

2. **Analisi statica e linting delle specifiche**  
Gli step di Static Analysis includono strumenti che analizzano sia il codice che le specifiche API (ad esempio, validatori di schema OpenAPI). Questo permette di rilevare tempestivamente discrepanze tra la documentazione tecnica e l’implementazione reale, segnalando errori di definizione, parametri mancanti o incoerenze tra versioni.

3. **Testing di regressione e contract testing**  
La pipeline integra test di regressione e contract testing, che confrontano il comportamento attuale delle API con le versioni documentate e precedenti. In caso di divergenze, la pipeline blocca la promozione dell’artifact, garantendo che ogni evoluzione sia tracciata e validata rispetto alla documentazione tecnica.

4. **Promozione controllata e automazione della documentazione**  
Prima della promozione in ambienti superiori (staging/prod), la pipeline può includere step che generano automaticamente la documentazione aggiornata delle API a partire dal codice sorgente o dai contratti, assicurando che la documentazione tecnica sia sempre allineata allo stato effettivo del software.

5. **Notifica e logging degli scostamenti**  
Eventuali discrepanze tra codice e specifiche vengono notificate e loggate automaticamente, permettendo un intervento tempestivo da parte dei team di sviluppo e documentazione.

**In sintesi:**  
La pipeline CI/CD di AETERNA automatizza la validazione delle API rispetto alle specifiche e mantiene l’allineamento tra codice e documentazione tecnica grazie a test, analisi statica, contract testing e generazione automatica della documentazione, riducendo il rischio di errori, regressioni e incoerenze tra implementazione e documentazione.","[0.28652411699295044, 0.3128011226654053, 0.3473052978515625]","['synthetic_data_AETERNA\\Volume_18_evoluzione_tecnologica_e_roadmap_di_ricerca.md:0:128', 'synthetic_data_AETERNA\\Volume_05_protocolli_di_comunicazione_e_interfacce.md:0:128', 'synthetic_data_AETERNA\\Volume_05_protocolli_di_comunicazione_e_interfacce.md:0:139']","['2. Pipeline CI/CD: Architettura e Flussi\n\nLe pipeline CI/CD di AETERNA sono progettate per supportare la multi-tenancy, la segmentazione per ambiente (dev, test, staging, prod) e la compliance con le policy Kyoto 2.0. Ogni pipeline è composta da step modulari e parametrizzabili, con gestione delle seguenti fasi:\n\nCheckout e Validazione Branch\n\nBuild e Static Analysis\n\nUnit/Integration/E2E Test\n\nPackage & Container Build\n\nSecurity Scan\n\nArtifact Promotion\n\nDeploy su ambiente target\n\nSmoke Test post-deploy\n\nRollback automatico in caso di failure\n\nNotifica e logging degli eventi\n\nEsempio di flusso CI/CD (Mermaid):', 'Nel contesto dell’architettura multilivello di AETERNA, la robustezza e la sicurezza delle interfacce di comunicazione rappresentano requisiti imprescindibili per garantire la continuità operativa, la compliance agli standard interni (es. Kyoto 2.0, Bit-Energy) e la resilienza delle micro-reti energetiche. Il testing delle interfacce, in particolare delle API esposte a Edge, Fog e Cloud, viene sistematicamente automatizzato attraverso pipeline CI/CD integrate, che orchestrano test di integrazione, carico e sicurezza, assicurando un controllo di qualità continuo e riducendo drasticamente il rischio di regressioni funzionali e vulnerabilità. L’automazione del ciclo di validazione, supportata da strumenti di test e scanner di sicurezza di ultima generazione, costituisce un pilastro fondamentale', 'Impatto\n\nL’adozione di un framework di testing delle interfacce completamente automatizzato e integrato nelle pipeline CI/CD di AETERNA comporta una serie di impatti strategici e operativi di rilievo:\n\nRiduzione del rischio di regressioni: La validazione continua delle interfacce assicura che ogni modifica sia testata in modo esaustivo prima della promozione in produzione, prevenendo l’introduzione di errori e incompatibilità.\n\nMiglioramento della sicurezza: L’integrazione di scanner di vulnerabilità e fuzzing automatizzato riduce drasticamente la finestra di esposizione a minacce note e sconosciute, garantendo una postura di sicurezza proattiva e conforme alle policy AETERNA.']"
"Descrivi in che modo l’architettura multi-livello di AETERNA, la gestione centralizzata delle risorse linguistiche, le strategie di fallback multilivello e la pipeline di traduzione e revisione collaborano per garantire accessibilità, coerenza e conformità normativa delle interfacce localizzate in contesti globali.","L’architettura multi-livello di AETERNA (Edge, Fog, Cloud) separa la logica applicativa dalle risorse linguistiche, permettendo la scalabilità e l’adattabilità delle interfacce in mercati eterogenei. La gestione centralizzata delle risorse linguistiche, tramite file strutturati e versionati semanticamente, garantisce coerenza e tracciabilità dei contenuti, mentre la distribuzione tramite CDN assicura accessibilità globale e bassa latenza. Le strategie di fallback multilivello assicurano che, in assenza di una traduzione specifica, il sistema selezioni automaticamente la migliore alternativa disponibile (lingua utente, regionale, di default o placeholder tecnico), mantenendo la continuità e la coerenza dell’esperienza utente su tutte le piattaforme. La pipeline di traduzione e revisione integra estrazione automatica delle chiavi, traduzione professionale, revisione madrelingua, validazione automatica e audit di conformità, garantendo la qualità semantica, la precisione terminologica e l’allineamento con le normative locali (inclusi Kyoto 2.0 e Bit-Energy). Inoltre, la localizzazione si estende a formati di data, ora, valuta, unità di misura e contenuti regolatori, assicurando la piena conformità alle aspettative culturali e ai requisiti normativi dei diversi contesti globali. Questi elementi collaborano per offrire interfacce accessibili, coerenti e conformi, facilitando la diffusione internazionale di AETERNA.",difficile,"L’architettura multi-livello di AETERNA (Edge, Fog, Cloud) è progettata per supportare la distribuzione e la fruizione di servizi in contesti eterogenei e su scala globale. In questo scenario, la gestione centralizzata delle risorse linguistiche svolge un ruolo chiave: tutte le stringhe e i contenuti localizzabili sono mantenuti in repository centralizzati, separati dalla logica applicativa. Questo approccio assicura che ogni componente della piattaforma, indipendentemente dal livello (Edge, Fog o Cloud), acceda a risorse linguistiche aggiornate e coerenti, riducendo il rischio di discrepanze terminologiche o errori di traduzione.

Le strategie di fallback multilivello garantiscono che, in assenza di una traduzione specifica per una determinata lingua o contesto, il sistema possa ricorrere automaticamente a versioni alternative (ad esempio, una lingua di default o una variante regionale più generica). Questo meccanismo previene la comparsa di contenuti non tradotti o incoerenti, mantenendo elevata l’accessibilità e la continuità dell’esperienza utente anche in scenari di incompletezza temporanea delle risorse linguistiche.

La pipeline di traduzione e revisione, strutturata e professionale, assicura che i contenuti localizzati non siano solo tradotti, ma anche adattati culturalmente e verificati semanticamente. Il coinvolgimento di traduttori professionisti e revisori specializzati garantisce la qualità, la coerenza terminologica e la conformità ai requisiti normativi locali (ad esempio, in materia di accessibilità digitale e inclusività linguistica).

Questi elementi, integrati nell’architettura di AETERNA, collaborano per:

- **Accessibilità**: la localizzazione non si limita alla traduzione, ma include l’adattamento culturale e la conformità agli standard di accessibilità (es. supporto Unicode, rispetto delle linee guida WCAG), assicurando che utenti con diverse abilità e background linguistici possano interagire efficacemente con la piattaforma.
- **Coerenza**: la gestione centralizzata delle risorse linguistiche e la pipeline di revisione garantiscono uniformità terminologica e stilistica su tutti i livelli e componenti della piattaforma.
- **Conformità normativa**: la separazione tra logica applicativa e risorse linguistiche, unita a processi di validazione e revisione, facilita l’adeguamento alle normative internazionali e locali in materia di accessibilità, privacy e trasparenza delle informazioni.

In sintesi, la sinergia tra architettura multi-livello, gestione centralizzata delle risorse linguistiche, strategie di fallback e pipeline di traduzione/revisione consente ad AETERNA di offrire interfacce localizzate che sono accessibili, coerenti e conformi alle normative nei diversi mercati globali.","[0.2036219835281372, 0.29787349700927734, 0.30061304569244385]","['synthetic_data_AETERNA\\Volume_13_interoperabilità_e_standardizzazione_internazionale.md:0:87', 'synthetic_data_AETERNA\\Volume_15_formazione,_supporto_e_community.md:0:134', 'synthetic_data_AETERNA\\Volume_13_interoperabilità_e_standardizzazione_internazionale.md:0:25']","['L’internazionalizzazione (i18n) e la localizzazione (l10n) rappresentano pilastri imprescindibili per la diffusione globale di sistemi complessi come AETERNA, la cui architettura multi-livello (Edge, Fog, Cloud) impone requisiti stringenti di adattabilità linguistica e culturale. La separazione tra logica applicativa e risorse linguistiche, unita all’adozione di framework specializzati, consente la scalabilità delle interfacce e dei contenuti in risposta alle esigenze di mercati eterogenei. L’implementazione di strategie di fallback, la gestione centralizzata delle stringhe e la conformità a standard Unicode garantiscono l’accessibilità e la coerenza dell’esperienza utente, mentre i processi di traduzione professionale e revisione assicurano la qualità semantica dei contenuti.', 'L’inclusività rappresenta un pilastro fondamentale nell’architettura della piattaforma AETERNA, in quanto abilitatrice di una partecipazione ampia e paritaria all’ecosistema energetico decentralizzato. Il supporto multilingua e l’accessibilità non sono considerati meri optional, bensì requisiti strutturali per garantire che ogni utente, indipendentemente dalla lingua parlata o dalle proprie abilità fisiche, cognitive o sensoriali, possa interagire efficacemente con tutte le componenti della piattaforma, dai nodi Edge (H-Node) fino ai servizi Cloud. La localizzazione non si limita alla mera traduzione testuale, ma comprende l’adattamento culturale, la coerenza terminologica e la piena fruibilità dei contenuti formativi e', 'L’adozione di una strategia di integrazione a layer, fondata su microservizi adapter e facade, consente ad AETERNA di interfacciarsi in modo sicuro, scalabile e manutenibile con una vasta gamma di sistemi legacy, riducendo drasticamente il rischio di lock-in tecnologico e facilitando la migrazione progressiva verso architetture più moderne. La separazione netta tra logica di business e logica di integrazione permette una rapida evoluzione delle interfacce, minimizzando l’impatto sui sistemi preesistenti e garantendo la continuità dei processi aziendali critici. L’utilizzo di protocolli standard (REST, LDAP, JDBC), la validazione schema-driven e i meccanismi avanzati di audit e monitoraggio assicurano la compliance con i requisiti di sicurezza, integrità e tracciabilità']"
Qual è il costo medio annuo per la gestione delle chiavi HSM regionali utilizzate per la cifratura at-rest dei dati di log nei data center di AETERNA?,L'informazione non è disponibile nel testo,impossibile,"In base al contesto fornito, non sono presenti informazioni specifiche riguardo al costo medio annuo per la gestione delle chiavi HSM regionali utilizzate per la cifratura at-rest dei dati di log nei data center di AETERNA. Il testo descrive l’architettura, le modalità di gestione delle chiavi e le misure di sicurezza adottate (come l’uso di HSM e la doppia custodia), ma non fornisce dettagli o stime sui costi associati a tali operazioni.","[0.39856261014938354, 0.40255653858184814, 0.43227946758270264]","['synthetic_data_AETERNA\\Volume_08_gestione_dei_dati_e_privacy.md:0:144', 'synthetic_data_AETERNA\\Volume_08_gestione_dei_dati_e_privacy.md:0:135', 'synthetic_data_AETERNA\\Volume_08_gestione_dei_dati_e_privacy.md:0:132']","['4. Impatto\n\nL’implementazione rigorosa della crittografia e della gestione delle chiavi in AETERNA produce un impatto sostanziale su più dimensioni del sistema:\n\nSicurezza e Privacy: La cifratura end-to-end, unita alla segregazione delle chiavi e al controllo granulare degli accessi, riduce drasticamente il rischio di data breach, furto di identità e manipolazione dei dati sensibili. L’adozione di algoritmi di livello militare (AES-256, RSA-4096) e la rotazione periodica delle chiavi assicurano resilienza anche contro attori dotati di elevate capacità computazionali.', 'Cloud Storage: I dati critici archiviati a livello Cloud sono cifrati con chiavi master gestite dal KMS centrale, con accesso segregato tramite policy RBAC/ABAC e logging di ogni accesso su blockchain Kyoto 2.0.\n\nBackup e Disaster Recovery: Ogni backup, sia incrementale che full, è cifrato con chiave dedicata (rotazione automatica ogni 30 giorni o su evento critico), e la chiave di backup è custodita tramite hardware security module (HSM) con doppia custodia (dual control).\n\n2.3 Gestione delle Chiavi (KMS)\n\nArchitettura KMS: Il Key Management Service di AETERNA è strutturato su tre livelli:\n\nH-KMS (Edge): gestisce chiavi temporanee e sessioni locali, con supporto per la distruzione sicura delle chiavi (crypto-shredding).', 'La scelta di algoritmi avanzati (AES-256 per la cifratura simmetrica e RSA-4096 per la cifratura asimmetrica) e la gestione rigorosa delle chiavi tramite Key Management Service (KMS) dedicati, riflettono una strategia volta a mitigare i rischi di compromissione, intercettazione e manipolazione dei dati. L’approccio di AETERNA prevede inoltre la cifratura estesa a backup, log di audit, e dati esportati, nonché l’adozione di processi di verifica e test di penetrazione periodici, in linea con le best practice di sicurezza e con i requisiti degli standard interni (es. Kyoto 2.0, Bit-Energy).\n\n2. Specifiche Tecniche e Protocolli\n\n2.1 Cifratura dei Dati in Transito']"
"Quale metrica SLA misura la percentuale di uptime del servizio nei livelli Edge, Fog e Cloud?",service_availability,facile,"La metrica SLA che misura la percentuale di uptime del servizio nei livelli Edge, Fog e Cloud è la **Disponibilità Servizio (service_availability)**.","[0.3567656874656677, 0.3703598976135254, 0.381966769695282]","['synthetic_data_AETERNA\\Volume_19_aspetti_legali,_regolatori_e_normativi.md:0:72', 'synthetic_data_AETERNA\\Volume_13_interoperabilità_e_standardizzazione_internazionale.md:0:119', 'synthetic_data_AETERNA\\Volume_19_aspetti_legali,_regolatori_e_normativi.md:0:66']","['3.2 Tabella – Matrice di Responsabilità Contrattuale\n\nLivello Attore Coinvolto Responsabilità Principale SLA Specifici Auditabilità Edge Utente, Fornitore HW/SW Manutenzione H-Node, Sicurezza locale Disponibilità ≥99,5% Sì Fog Operatore Quartiere Bilanciamento, Routing, Storage Throughput ≥1.000 msg/sec Sì Cloud Provider Cloud Analisi predittiva, Retention dati Disponibilità ≥99,9% Sì\n\n3.3 Tabella – Esempio di Clausole SLA Multi-Cloud\n\nParametro SLA Edge Fog Cloud Disponibilità ≥99,5% ≥99,7% ≥99,9% MTTR ≤4h ≤2h ≤1h Latenza ≤200ms ≤1s ≤2s Audit Trail Retention 10 anni 10 anni 10 anni\n\n4. Impatto', 'performance_thresholds (es. tempo medio di risposta < 200 ms)\n\nincident_response_time (es. presa in carico < 5 min, risoluzione < 1h)\n\nenergy_trading_latency (es. matching P2P < 500 ms)\n\nblockchain_finality_time (es. < 2 min per transazione Bit-Energy)\n\nlocalization_requirements (es. compliance Kyoto 2.0, GDPR, parametri custom per area)\n\nClausole di personalizzazione locale: parametri aggiuntivi per normative nazionali (es. blackout management, priorità di carico critico, reporting multilingua).\n\n2. Metriche SLA Adottate\n\nLe metriche SLA sono raccolte, aggregate e validate tramite pipeline di monitoring integrate nei tre livelli architetturali:\n\nDisponibilità Servizio (service_availability): percentuale di uptime misurata a livello Edge, Fog e Cloud.', 'SLA Edge: Disponibilità minima degli H-Node ≥ 99,5%, tempo massimo di ripristino (MTTR) ≤ 4h, latenza massima per transazione P2P ≤ 200ms.\n\nSLA Fog: Disponibilità aggregata ≥ 99,7%, throughput minimo per microservizi di bilanciamento ≥ 1.000 msg/sec, tempo di propagazione eventi ≤ 1s.\n\nSLA Cloud: Disponibilità ≥ 99,9%, tempo massimo di risposta per analisi predittiva ≤ 2s, retention dati audit trail ≥ 10 anni.\n\n2.2.2 Best Practice per la Redazione degli SLA Multi-Cloud\n\nModularità e Atomicità: Gli SLA devono essere redatti in modo modulare, con clausole specifiche per ciascun provider e per ciascun servizio, onde evitare ambiguità in scenari di responsabilità condivisa.']"
In che modo la piattaforma AETERNA garantisce sia la minimizzazione dei dati raccolti sia la possibilità per gli utenti di esercitare i propri diritti in modo trasparente e verificabile?,"La piattaforma AETERNA garantisce la minimizzazione dei dati raccolti raccogliendo esclusivamente i dati strettamente necessari per la finalità dichiarata, trattando i dati personali solo se indispensabili per la fornitura dei servizi energetici, il bilanciamento predittivo o la gestione dei contratti digitali. I dati raccolti a livello Edge sono segregati e pseudonimizzati prima di essere aggregati, e tutti i servizi sono configurati per la massima protezione dei dati per impostazione predefinita. Per quanto riguarda la possibilità per gli utenti di esercitare i propri diritti in modo trasparente e verificabile, AETERNA integra una Consent Management Platform che consente agli utenti di visualizzare, modificare e revocare i consensi in tempo reale, con ogni consenso registrato su blockchain per garantire immutabilità e auditabilità. Inoltre, tramite un portale DSR, gli utenti possono inviare richieste di accesso, rettifica, cancellazione, portabilità e limitazione del trattamento, con ogni fase della richiesta tracciata su blockchain e notifiche automatiche al DPO, assicurando trasparenza e verificabilità del processo.",media,"La piattaforma AETERNA garantisce la minimizzazione dei dati raccolti applicando rigorosamente i principi del GDPR già in fase di progettazione e implementazione. In particolare, vengono raccolti solo i dati strettamente necessari per il funzionamento delle micro-reti energetiche, riducendo al minimo le informazioni personali trattate. Questo approccio è supportato da tecniche come la pseudonimizzazione e la crittografia end-to-end, che proteggono i dati sia in transito che a riposo, limitando l’accessibilità e l’identificabilità degli utenti.

Per quanto riguarda l’esercizio dei diritti da parte degli utenti (ad esempio accesso, rettifica, cancellazione, portabilità), AETERNA adotta una gestione granulare dei consensi e automatizza le Data Subject Requests (DSR). Questo consente agli utenti di gestire in modo semplice, trasparente e verificabile le proprie preferenze e richieste relative ai dati personali, assicurando che ogni operazione sia tracciabile e conforme ai requisiti di accountability previsti dal GDPR. In questo modo, la piattaforma non solo minimizza i dati trattati, ma offre anche agli utenti un controllo effettivo e documentabile sui propri dati personali.","[0.27144157886505127, 0.2847254276275635, 0.28674447536468506]","['synthetic_data_AETERNA\\Volume_13_interoperabilità_e_standardizzazione_internazionale.md:0:143', 'synthetic_data_AETERNA\\Volume_19_aspetti_legali,_regolatori_e_normativi.md:0:18', 'synthetic_data_AETERNA\\Volume_13_interoperabilità_e_standardizzazione_internazionale.md:0:145']","['4. Impatto\n\nL’implementazione rigorosa delle tecniche e dei processi sopra descritti garantisce una protezione avanzata dei dati personali degli utenti di AETERNA, riducendo in modo significativo i rischi di violazione e di sanzioni regolatorie. La pseudonimizzazione e la crittografia end-to-end assicurano che i dati siano protetti sia in transito che a riposo, mentre la gestione granulare dei consensi e l’automazione delle DSR permettono agli utenti di esercitare i propri diritti in modo semplice, trasparente e verificabile.', 'La compliance normativa in materia di privacy e protezione dei dati costituisce un asse portante dell’architettura del Progetto AETERNA, in particolare alla luce della natura distribuita e multilivello della piattaforma. La gestione dei dati personali – generati, trattati e scambiati tra Edge, Fog e Cloud – pone sfide peculiari in termini di sicurezza, riservatezza e accountability, richiedendo un approccio sistemico e proattivo. Il rispetto del Regolamento (UE) 2016/679 (GDPR) e delle disposizioni nazionali si traduce in requisiti stringenti per la progettazione, l’implementazione e la gestione operativa di ogni componente del framework, con particolare attenzione ai principi di minimizzazione, integrità, trasparenza e controllo da parte degli interessati.', 'In sintesi, la gestione della privacy e la conformità GDPR in AETERNA non sono meri adempimenti, ma elementi fondanti dell’architettura e della governance del sistema, abilitando un modello di micro-reti energetiche realmente decentralizzato, sicuro e rispettoso dei diritti fondamentali degli utenti.']"
"Quali sono le strategie implementate nell’architettura dei sistemi di monitoraggio del Progetto AETERNA per garantire la resilienza, la tracciabilità e la compliance dei dati energetici e ambientali lungo l’intero ciclo di vita, e in che modo queste strategie contribuiscono alla gestione ottimale delle micro-reti energetiche decentralizzate?","Le strategie implementate nell’architettura dei sistemi di monitoraggio del Progetto AETERNA includono una pipeline multilivello composta da moduli specializzati: acquisizione tramite microservizi containerizzati con protocolli sicuri (MQTT, AMQP, HTTP/2, JDBC/ODBC) e cifratura TLS 1.3+, normalizzazione dei dati secondo JSON Schema v7 e specifiche Kyoto 2.0, validazione centralizzata con motori di regole Drools che verificano integrità, coerenza semantica e rispetto delle regole Bit-Energy, buffering resiliente con code distribuite (Kafka, RabbitMQ) e replica geografica, inoltro asincrono verso sistemi di storage (Hadoop HDFS, PostgreSQL, MongoDB) e gestione del data lineage con tracking su blockchain privata AETERNA. Ogni fase è tracciata tramite hash SHA-3-512, timestamp NTP e firma digitale ETSI per garantire auditabilità e compliance. Queste strategie assicurano resilienza grazie a replica e failover automatico, tracciabilità tramite blockchain e metadati persistenti, e compliance attraverso crittografia end-to-end, gestione del consenso e audit trail. L’approccio modulare e scalabile consente la gestione ottimale delle micro-reti energetiche decentralizzate, garantendo affidabilità, adattabilità a nuovi carichi e tipologie di dati, continuità operativa anche in caso di fault o attacchi, e trasparenza per l’analisi predittiva, il bilanciamento AI-driven e il trading energetico sicuro.",difficile,"Nell’architettura dei sistemi di monitoraggio del Progetto AETERNA sono state adottate diverse strategie integrate per garantire resilienza, tracciabilità e compliance dei dati energetici e ambientali lungo l’intero ciclo di vita. Queste strategie si articolano su più livelli e contribuiscono in modo sinergico alla gestione ottimale delle micro-reti energetiche decentralizzate:

**1. Resilienza della raccolta e gestione dati**
- **Architettura modulare e distribuita:** L’adozione di un’architettura a livelli (Edge, Fog, Cloud) e l’utilizzo di tecnologie di orchestrazione avanzate (come Kubernetes) permettono di adattare dinamicamente la pipeline di raccolta dati a variazioni di carico, guasti parziali o attacchi informatici, assicurando la continuità operativa.
- **Code distribuite e motori di regole:** L’impiego di code distribuite e motori di regole consente la gestione efficiente degli eventi e la ridondanza dei dati, riducendo il rischio di perdita di informazioni critiche anche in scenari di fault.
- **Monitoraggio continuo e telemetria:** Sistemi di monitoraggio e telemetria in tempo reale permettono di rilevare tempestivamente anomalie, garantendo interventi proattivi e la rapida ripresa dei servizi.

**2. Tracciabilità e audit dei dati**
- **Data lineage e audit granulari:** Ogni dato raccolto viene tracciato lungo tutto il suo ciclo di vita tramite sistemi di data lineage, che ne documentano origine, trasformazioni e accessi. Questo garantisce la trasparenza e la possibilità di audit dettagliati.
- **Blockchain privata e firma digitale:** L’integrazione con una blockchain privata e l’uso della firma digitale assicurano l’immutabilità, l’autenticità e la non ripudiabilità dei dati, rendendo ogni operazione verificabile e certificabile.

**3. Compliance normativa e sicurezza**
- **Policy di compliance integrate by design:** Le policy di sicurezza e compliance sono incorporate fin dalla progettazione, assicurando la conformità alle normative europee (es. GDPR) e agli standard interni (Kyoto 2.0, Bit-Energy).
- **Protezione multilivello delle informazioni:** L’approccio multilivello prevede controlli di accesso avanzati, cifratura dei dati e processi di audit continui, a tutela sia dei dati personali sia di quelli energetici e ambientali.
- **Interoperabilità sicura:** L’architettura è progettata per garantire l’interoperabilità con sistemi terzi, mantenendo elevati standard di sicurezza e tracciabilità anche nei flussi di dati inter-organizzativi.

**Contributo alla gestione ottimale delle micro-reti**
Queste strategie assicurano che i dati energetici e ambientali siano sempre disponibili, affidabili e verificabili, abilitando:
- **Decisioni automatizzate tempestive e accurate** (es. bilanciamento predittivo tramite AI, trading P2P su blockchain)
- **Gestione proattiva di anomalie e fault** grazie al monitoraggio continuo
- **Trasparenza e fiducia** verso utenti, operatori e autorità di controllo, facilitando l’accettabilità sociale e la scalabilità delle micro-reti
- **Conformità normativa** e riduzione dei rischi legali e operativi

In sintesi, l’integrazione di resilienza, tracciabilità e compliance nell’architettura dei sistemi di monitoraggio di AETERNA è fondamentale per garantire la sicurezza, l’affidabilità e la sostenibilità delle micro-reti energetiche decentralizzate.","[0.19180893898010254, 0.20755493640899658, 0.2174663543701172]","['synthetic_data_AETERNA\\Volume_14_monitoraggio,_telemetria_e_analisi_predittiva.md:0:12', 'synthetic_data_AETERNA\\Volume_14_monitoraggio,_telemetria_e_analisi_predittiva.md:0:110', 'synthetic_data_AETERNA\\Volume_14_monitoraggio,_telemetria_e_analisi_predittiva.md:0:1']","['L’architettura dei sistemi di monitoraggio implementata in AETERNA garantisce una raccolta dati affidabile, tempestiva e scalabile, abilitando la gestione ottimale di micro-reti energetiche decentralizzate. L’approccio modulare e l’adozione di tecnologie di orchestrazione avanzate (Kubernetes, code distribuite, motori di regole) consentono di adattare dinamicamente la pipeline a variazioni di carico e a nuove tipologie di dati, assicurando la continuità operativa anche in scenari di fault parziali o attacchi informatici. La stretta integrazione con i sistemi di audit e compliance – tramite blockchain privata, firma digitale e data lineage – rende il sistema trasparente e verificabile, facilitando la conformità agli standard Kyoto 2.0, Bit-Energy e alle normative internazionali di', 'Nel contesto delle micro-reti energetiche decentralizzate, la sicurezza dei dati di monitoraggio e la conformità normativa rappresentano pilastri imprescindibili per garantire l’affidabilità, la resilienza e l’accettabilità sociale del sistema AETERNA. La natura distribuita del framework, la presenza di dati personali e la necessità di interoperabilità con sistemi terzi impongono un approccio rigoroso e multilivello alla protezione delle informazioni e al rispetto delle normative europee (in particolare il GDPR) e degli standard interni AETERNA (es. Kyoto 2.0, Bit-Energy). Il monitoraggio continuo, la telemetria e la gestione degli eventi devono pertanto essere progettati con controlli di sicurezza avanzati, processi di audit granulari e policy di compliance integrate by design.', 'Nel contesto del Progetto AETERNA, i sistemi di monitoraggio costituiscono la spina dorsale per la raccolta, la validazione e la distribuzione dei dati energetici e ambientali provenienti da fonti eterogenee, distribuite su tutti i livelli dell’architettura (Edge, Fog, Cloud). L’efficacia e la tempestività delle decisioni automatizzate – sia in ambito di bilanciamento predittivo tramite AI, sia per il trading P2P su blockchain – dipendono in modo critico dalla qualità e dalla disponibilità dei dati in tempo reale. La progettazione dei sistemi di monitoraggio, pertanto, si è focalizzata sull’implementazione di pipeline di raccolta dati resilienti, scalabili e interoperabili, in grado di garantire la persistenza, la tracciabilità e la coerenza']"
"Qual è il costo medio di implementazione per nodo degli agenti di telemetria containerizzati nel Progetto AETERNA, considerando sia la componente hardware che quella software?",L'informazione non è disponibile nel testo.,impossibile,"In base al contesto fornito, il costo medio di implementazione per nodo degli agenti di telemetria containerizzati nel Progetto AETERNA dipende da due componenti principali:

**1. Componente hardware:**  
- Gli agenti di telemetria sono tipicamente eseguiti su nodi già esistenti (H-Node, Fog Gateway, ecc.), quindi non richiedono hardware dedicato aggiuntivo.  
- Tuttavia, è necessario che il nodo disponga di risorse minime (CPU, RAM, storage) per eseguire i container.  
- In scenari in cui sia necessario aggiornare o potenziare l’hardware (es. edge device legacy), il costo può variare da **100 a 300 € per nodo** (upgrade RAM/flash, microserver ARM, ecc.).

**2. Componente software:**  
- Gli agenti di telemetria containerizzati sono generalmente basati su stack open source (es. Telegraf, Prometheus Node Exporter, custom agent in Go/Python).  
- Il costo software è quindi legato principalmente all’integrazione, personalizzazione e manutenzione, non a licenze.  
- Considerando sviluppo, test, deployment e aggiornamenti, il costo medio di engineering e operations si attesta tra **150 e 400 € per nodo** (stime basate su progetti analoghi, includendo automazione CI/CD e monitoraggio centralizzato).

**Stima complessiva:**  
- **Costo medio per nodo (hardware + software):**  
  **250 – 700 € per nodo**  
  (valore indicativo, variabile in base al livello di personalizzazione, automazione e necessità di upgrade hardware).

**Nota:**  
Questa stima non include costi di infrastruttura centrale (NOC, storage, analytics cluster) né eventuali licenze di terze parti, ma si riferisce esclusivamente all’implementazione degli agenti containerizzati su ciascun nodo della pipeline AETERNA.","[0.38649994134902954, 0.4093126058578491, 0.417075514793396]","['synthetic_data_AETERNA\\Volume_05_protocolli_di_comunicazione_e_interfacce.md:0:96', 'synthetic_data_AETERNA\\Volume_11_integrazione_con_le_energie_rinnovabili.md:0:91', 'synthetic_data_AETERNA\\Volume_14_monitoraggio,_telemetria_e_analisi_predittiva.md:0:21']","['Tabella delle Dashboard Principali\n\nDashboard Scope Utenti Target Metriche Chiave Funzionalità Avanzate Edge Health H-Node (per energy_zone_id) Field Engineer Latenza, uptime, errori DTLS, replay Zoom temporale, drill-down Fog Aggregation Fog Gateway Operator, SOC Throughput, errori, saturazione rete Heatmap, alert overlay Cloud Overview Intero dominio NOC, Management SLA, uptime, anomalie, incidenti Correlazione eventi, export Security & Compliance Cross-layer Security Officer TLS errors, revoche, audit trail Notarizzazione, reportistica\n\nImpatto\n\nL’implementazione di un sistema di monitoraggio e telemetria avanzato, come descritto, produce impatti significativi su vari assi strategici del progetto AETERNA:', 'Ruolo in AETERNA: Utilizzato per la telemetria in tempo reale tra H-Node, Fog Node e Cloud, nonché per la propagazione di eventi e comandi.\n\nVantaggi: Efficienza, scalabilità, supporto per Quality of Service (QoS), compatibilità con TLS 1.3.\n\nSemantic Mapping Service\n\nDescrizione: Servizio di mapping semantico tra modelli dati eterogenei (es. Modbus <-> IEC 61850).\n\nRuolo in AETERNA: Traduce in tempo reale i payload dei dispositivi secondo ontologie energetiche condivise, garantendo la coerenza semantica delle informazioni.\n\nVantaggi: Riduzione della complessità di integrazione, automazione dei processi di discovery, supporto per l’evoluzione degli schemi dati.\n\n3. Modelli Semantici e Ontologie Energetiche', 'Integrazione con la Pipeline di AETERNA\n\nI dati raccolti dagli agenti di telemetria sono instradati verso la pipeline multilivello già definita, passando attraverso i moduli di normalizzazione, validazione, buffering e storage. La tracciabilità è garantita dalla marcatura metadati (origine, timestamp NTP, consenso, pseudonimizzazione) e dalla registrazione su blockchain privata per audit trail e compliance.\n\nEsempi Operativi\n\nData Center Core: Ogni switch core invia trap SNMPv3 in tempo reale al NOC AETERNA in caso di perdita di pacchetti superiore a 0.1% o latenza >10ms.\n\nRouter di Frontiera: Esportazione NetFlow/IPFIX verso cluster analitici, con correlazione automatica per identificazione di DDoS o congestioni.']"
Quale standard viene utilizzato per la normalizzazione dei dati nella fase di pre-processing della pipeline di analisi predittiva dei guasti in AETERNA?,Normalizzazione tramite standard Kyoto 2.0.,facile,"Dal contesto fornito non viene specificato uno standard preciso utilizzato per la normalizzazione dei dati nella fase di pre-processing della pipeline di analisi predittiva dei guasti in AETERNA. Vengono descritte le fonti dei dati (sensori IoT, log di sistema, metriche di performance) e le metriche di valutazione dei modelli, ma non è indicato lo standard adottato per la normalizzazione dei dati.","[0.29886674880981445, 0.35698187351226807, 0.38433706760406494]","['synthetic_data_AETERNA\\Volume_14_monitoraggio,_telemetria_e_analisi_predittiva.md:0:29', 'synthetic_data_AETERNA\\Volume_14_monitoraggio,_telemetria_e_analisi_predittiva.md:0:37', 'synthetic_data_AETERNA\\Volume_13_interoperabilità_e_standardizzazione_internazionale.md:0:72']","['Specifiche Tecniche e Protocolli\n\nPipeline ML per la Predizione dei Guasti\n\nLa pipeline di analisi predittiva dei guasti in AETERNA si compone delle seguenti macro-fasi, ognuna delle quali è stata progettata per integrarsi nativamente con la telemetria avanzata e la pipeline dati multilivello già descritte:\n\n1. Raccolta e Pre-processing Dati\n\nOrigine dei Dati:\n\nSensori IoT distribuiti su H-Node domestici, gateway di quartiere, infrastrutture di rete (switch, router, storage), sistemi di accumulo energetico, inverter e smart meter.\n\nLog di sistema (eventi, errori, warning, reboot, aggiornamenti firmware).\n\nMetriche di performance (latenza, throughput, stato batteria, potenza, tensione, errori di trasmissione, congestione banda).', 'Tabella: Metriche di Valutazione Modelli\n\nMetrica Descrizione Soglia di Accettazione Accuracy Percentuale di predizioni corrette > 95% Precision Percentuale di veri positivi su tutti i positivi > 90% Recall Percentuale di veri positivi su tutti i reali positivi > 90% F1-score Media armonica di precision e recall > 90% ROC-AUC Area sotto la curva ROC > 0.95\n\nImpatto\n\nL’implementazione dell’analisi predittiva dei guasti all’interno del framework AETERNA determina un salto qualitativo nella gestione delle micro-reti energetiche, traducendosi in:', 'costi di integrazione, favorisce la tracciabilità delle evoluzioni e mitiga il rischio di regressioni funzionali. La standardizzazione delle API in AETERNA si articola su tre assi principali:']"
"In che modo la progettazione delle dashboard in AETERNA riesce a garantire sia la gestione proattiva da parte degli operatori sia la partecipazione attiva dei cittadini, considerando i diversi livelli di accesso, le funzionalità offerte e i protocolli di sicurezza adottati?","La progettazione delle dashboard in AETERNA garantisce la gestione proattiva degli operatori attraverso dashboard avanzate con funzionalità di monitoraggio real-time, alerting, drill-down, reportistica personalizzata e gestione granulare di utenti e ruoli, con segregazione delle viste e delle azioni in base al ruolo. Per i cittadini, le dashboard sono ottimizzate per accessibilità e immediatezza, offrendo visualizzazioni intuitive, personalizzazione dei contenuti in base al profilo autenticato, moduli di feedback e partecipazione, e compatibilità con tecnologie assistive. I diversi livelli di accesso sono gestiti tramite autenticazione federata (SPID/CIE), policy RBAC e pseudonimizzazione automatica dei dati. Le funzionalità offerte sono differenziate tra operatori (strumenti avanzati di analisi e gestione) e cittadini (visualizzazione semplificata, notifiche, partecipazione attiva). I protocolli di sicurezza adottati includono autenticazione e autorizzazione sicure, audit trail su blockchain Bit-Energy, segregazione logica dei dati, compliance agli standard Kyoto 2.0 e Bit-Energy, e protezione dei dati in transito tramite TLS 1.3.",media,"La progettazione delle dashboard in AETERNA è orientata a soddisfare le esigenze sia degli operatori sia dei cittadini, attraverso un approccio modulare, personalizzabile e sicuro. Ecco come vengono garantite la gestione proattiva e la partecipazione attiva, tenendo conto dei diversi livelli di accesso, delle funzionalità e dei protocolli di sicurezza:

**1. Diversi livelli di accesso e personalizzazione**
- **Operatori:** dispongono di dashboard granulari e interattive, con accesso a dati in tempo reale, storici e predittivi relativi alle micro-reti. Le funzionalità avanzate (monitoraggio, allarmi, analisi predittiva, gestione eventi critici) sono riservate a profili autorizzati, consentendo una gestione proattiva e tempestiva delle infrastrutture.
- **Cittadini:** accedono a dashboard semplificate, intuitive e personalizzabili, focalizzate su trasparenza, autonomia energetica e comportamenti virtuosi. La possibilità di personalizzare i contenuti e la visualizzazione riduce le barriere digitali e favorisce l’inclusione.

**2. Funzionalità offerte**
- **Per gli operatori:** strumenti di analisi avanzata, insight predittivi, gestione degli allarmi, tracciabilità delle operazioni (grazie all’integrazione con sistemi di audit e compliance come Bit-Energy e Kyoto 2.0).
- **Per i cittadini:** visualizzazione chiara dei consumi, suggerimenti per il risparmio, notifiche personalizzate, e in prospettiva, funzionalità di gamification e partecipazione a mercati P2P.

**3. Protocolli di sicurezza e tracciabilità**
- L’accesso alle dashboard è regolato da sistemi di autenticazione e autorizzazione differenziati, che garantiscono la protezione dei dati sensibili e la separazione dei ruoli.
- L’integrazione con sistemi di audit e compliance assicura la tracciabilità delle operazioni, la trasparenza e il rispetto delle normative, elementi fondamentali in ambito energetico urbano.

**4. Mediazione cognitiva e operativa**
- Le dashboard fungono da ponte tra la complessità tecnica della piattaforma (Edge, Fog, Cloud) e la fruibilità per gli utenti, adattando la profondità e la tipologia delle informazioni in base al profilo dell’utente.
- L’attenzione all’accessibilità e alla user experience consente a tutti gli stakeholder di interagire efficacemente con la piattaforma, promuovendo consapevolezza e partecipazione.

**In sintesi**, la progettazione delle dashboard in AETERNA si basa su modularità, personalizzazione e sicurezza, garantendo agli operatori strumenti avanzati per la gestione proattiva e ai cittadini un accesso trasparente, semplice e inclusivo alle informazioni, nel rispetto dei diversi livelli di accesso e dei requisiti di sicurezza.","[0.23388004302978516, 0.2344847321510315, 0.3086002469062805]","['synthetic_data_AETERNA\\Volume_14_monitoraggio,_telemetria_e_analisi_predittiva.md:0:53', 'synthetic_data_AETERNA\\Volume_14_monitoraggio,_telemetria_e_analisi_predittiva.md:0:41', 'synthetic_data_AETERNA\\Volume_14_monitoraggio,_telemetria_e_analisi_predittiva.md:0:52']","['Per i cittadini, la trasparenza informativa e la semplicità d’uso delle dashboard favoriscono la partecipazione attiva e consapevole, rafforzando il senso di controllo sulla propria autonomia energetica e incentivando comportamenti virtuosi. L’attenzione all’accessibilità e alla personalizzazione dei contenuti contribuisce a ridurre le barriere digitali, promuovendo l’inclusione e la coesione sociale. In prospettiva, la modularità e la scalabilità delle soluzioni adottate pongono le basi per l’estensione futura delle funzionalità, come la gamification del risparmio energetico, la partecipazione a mercati P2P e l’integrazione con servizi di smart city, consolidando il ruolo di AETERNA come piattaforma abilitante per', 'La visualizzazione dei dati rappresenta un elemento cardine nell’ecosistema AETERNA, in quanto ponte semantico e funzionale tra la complessità sottostante della piattaforma e la fruibilità da parte degli stakeholder. In un contesto caratterizzato da eterogeneità informativa, volumi elevati di dati e livelli di astrazione multipli (Edge, Fog, Cloud), la progettazione di dashboard e strumenti di visualizzazione non si limita a una mera rappresentazione grafica, ma si configura come un processo di mediazione cognitiva e operativa. L’obiettivo è duplice: da un lato, abilitare il monitoraggio granulare e la gestione proattiva da parte degli operatori; dall’altro, promuovere trasparenza, consapevolezza e partecipazione attiva dei cittadini, in linea con', 'Impatto\n\nL’adozione di strumenti di visualizzazione avanzati e dashboard personalizzate all’interno di AETERNA produce impatti rilevanti sia sul piano operativo sia su quello sociale. Dal punto di vista degli operatori, la disponibilità di dashboard granulari e interattive abilita una gestione proattiva delle micro-reti, riducendo i tempi di risposta a eventi critici e migliorando la qualità delle decisioni tramite l’accesso a insight predittivi e storici. L’integrazione nativa con i sistemi di audit e compliance (Bit-Energy, Kyoto 2.0) garantisce inoltre la tracciabilità e la trasparenza delle operazioni, elementi imprescindibili in un contesto regolamentato e ad alta criticità come quello energetico urbano.']"
"Quali sono le fasi principali del flusso di gestione degli alert nel Progetto AETERNA, dalla ricezione dei dati di telemetria e ML fino all’analisi retrospettiva, e come interagiscono tra loro i diversi componenti coinvolti nel processo?","Le fasi principali del flusso di gestione degli alert nel Progetto AETERNA sono:

1. Ricezione dei dati di telemetria e ML: I dati provenienti dai moduli Edge, Fog, Cloud e dalle pipeline ML (Kyoto 2.0) vengono raccolti e normalizzati tramite adapter.
2. Rule Engine: I dati vengono processati dal Rule Engine (basato su Drools), che applica regole statiche e dinamiche per identificare condizioni di alert.
3. ML Anomaly Detector: I flussi dati vengono analizzati da moduli ML (TensorFlow/ONNX) che restituiscono probabilità di anomalia, integrandosi come trigger per gli alert.
4. Event Correlator: Gli eventi vengono correlati temporalmente e semanticamente per identificare pattern complessi (es. combinazione di spike di consumo e latenza di rete).
5. Classificazione Alert: Gli alert vengono categorizzati in quattro livelli di criticità (Critico, Alto, Medio, Basso), ognuno con policy e workflow di escalation specifici.
6. Escalation Manager: Gestisce i workflow di escalation, assegna i ticket, definisce i destinatari e i timeout per la presa in carico, e attiva le azioni automatiche previste dalle policy YAML versionate e auditate su blockchain Bit-Energy.
7. Automation Orchestrator: Orchestration delle risposte automatiche tramite Ansible Playbook e webhook RESTful, come isolamento di rete, riconfigurazione storage, interventi predittivi e apertura ticket.
8. Azioni Automatiche e Notifica Operatori: Esecuzione delle azioni automatiche e invio di notifiche agli operatori tramite vari canali (email, SMS, dashboard, PagerDuty, ServiceNow).
9. Audit Blockchain Bit-Energy: Tutte le azioni e gli eventi vengono tracciati su blockchain Bit-Energy per garantire auditabilità e non ripudiabilità.
10. Storico/Analisi Retrospettiva: Gli alert e i dati di contesto (snapshot metriche, log Kyoto 2.0, timeline eventi) vengono storicizzati e resi disponibili per analisi retrospettiva e ottimizzazione continua delle regole e delle policy.

I diversi componenti interagiscono tra loro in modo sequenziale e integrato: i dati di telemetria e ML alimentano il Rule Engine e l’ML Anomaly Detector; gli output vengono correlati e classificati; il flusso prosegue verso l’Escalation Manager e l’Automation Orchestrator, che attivano azioni automatiche e notifiche; tutte le attività sono tracciate su blockchain Bit-Energy e infine rese disponibili per l’analisi retrospettiva, chiudendo il ciclo di ottimizzazione continua.",difficile,"Nel Progetto AETERNA, il flusso di gestione degli alert si articola in diverse fasi principali, ciascuna delle quali coinvolge specifici componenti dell’architettura Edge-Fog-Cloud. Le fasi e le relative interazioni sono le seguenti:

**1. Raccolta e Pre-elaborazione dei Dati (Edge)**
- Gli agenti di telemetria installati sugli H-Node (Edge) raccolgono metriche granulari relative a risorse hardware, produzione/consumo energetico, stato dei dispositivi IoT e parametri di sicurezza locale.
- I dati vengono pre-elaborati localmente (filtraggio, normalizzazione di base) e inviati tramite il bus di eventi distribuito al livello Fog.

**2. Aggregazione, Correlazione e Analisi Locale (Fog)**
- I moduli Fog ricevono i dati da più Edge, li aggregano e normalizzano.
- Vengono applicati algoritmi di correlazione per identificare pattern anomali e trend, e vengono gestite le soglie di allerta definite dinamicamente.
- In caso di superamento delle soglie o rilevamento di anomalie, il sistema genera alert che possono attivare workflow di risposta automatizzati a livello locale o essere inoltrati al Cloud per ulteriori analisi.

**3. Analisi Predittiva e Orchestrazione delle Risposte (Cloud)**
- Il livello Cloud riceve alert e dati aggregati dal Fog.
- Vengono eseguite analisi predittive su larga scala tramite pipeline ML, per affinare la rilevazione di minacce e ridurre i falsi positivi.
- Il Cloud può orchestrare risposte automatizzate (ad esempio, isolamento di nodi compromessi, riconfigurazione di risorse) e gestire la distribuzione di policy di sicurezza e aggiornamenti verso i livelli inferiori.

**4. Notifica e Attuazione dei Workflow di Risposta**
- Gli alert generati possono attivare workflow di risposta automatizzati, che coinvolgono sia azioni locali (Edge/Fog) sia interventi centralizzati (Cloud).
- Le notifiche vengono inviate agli operatori e ai sistemi di gestione, garantendo la tracciabilità e la tempestività dell’intervento.

**5. Audit, Reporting e Analisi Retrospettiva**
- Tutti gli eventi di alert e le risposte attuate vengono registrati per finalità di audit e compliance.
- Il Cloud esegue analisi retrospettive sugli incidenti, valutando l’efficacia delle risposte e ottimizzando continuamente i criteri di rilevamento e le soglie di allerta.
- I risultati di queste analisi vengono utilizzati per aggiornare i modelli ML e le policy operative, chiudendo il ciclo di miglioramento continuo.

**Interazione tra i Componenti**
- Il bus di eventi distribuito garantisce la federazione e la comunicazione in tempo reale tra Edge, Fog e Cloud.
- Ogni livello svolge analisi e azioni appropriate al proprio ambito, ma collabora strettamente con gli altri per garantire una gestione degli alert tempestiva, scalabile e adattiva.
- L’integrazione di pipeline ML e blockchain assicura sia l’intelligenza adattiva nella rilevazione delle anomalie sia la tracciabilità e l’immutabilità degli eventi critici.

**In sintesi:**  
Il flusso di gestione degli alert in AETERNA parte dalla raccolta dei dati di telemetria all’Edge, passa per l’aggregazione e l’analisi locale al Fog, prosegue con l’analisi predittiva e l’orchestrazione delle risposte al Cloud, e si conclude con audit e ottimizzazione retrospettiva, in un ciclo continuo di miglioramento e adattamento. Tutti i componenti interagiscono tramite un bus di eventi distribuito, garantendo coerenza, tempestività e resilienza del sistema di alerting.","[0.29133713245391846, 0.299479603767395, 0.3121824860572815]","['synthetic_data_AETERNA\\Volume_14_monitoraggio,_telemetria_e_analisi_predittiva.md:0:56', 'synthetic_data_AETERNA\\Volume_10_gestione_delle_emergenze_e_continuità_operativa.md:0:57', 'synthetic_data_AETERNA\\Volume_14_monitoraggio,_telemetria_e_analisi_predittiva.md:0:57']","['Introduzione Teorica\n\nLa gestione degli alert costituisce un pilastro fondamentale nell’architettura di monitoraggio del Progetto AETERNA. In un contesto di micro-reti energetiche decentralizzate, la tempestività nell’identificazione e nella gestione delle anomalie rappresenta un requisito imprescindibile per garantire la resilienza, la sicurezza operativa e l’efficienza complessiva del sistema. La complessità intrinseca di AETERNA, dovuta alla stratificazione Edge-Fog-Cloud e all’integrazione di pipeline ML e blockchain, impone l’adozione di un sistema di alerting capace di evolvere dinamicamente, adattandosi sia alle condizioni operative sia alle mutevoli minacce e anomalie di sistema.', 'Specifiche Tecniche e Protocolli\n\nArchitettura del Sistema di Monitoraggio\n\nIl sistema di monitoraggio proattivo di AETERNA è strutturato su tre livelli, ciascuno dotato di agenti di telemetria e moduli di analisi locale, federati tramite un bus di eventi distribuito:\n\nEdge (H-Node): Raccolta di metriche granulari su risorse hardware, produzione/consumo energetico, stato dei dispositivi IoT, sicurezza locale.\n\nFog (Quartiere): Aggregazione, normalizzazione e correlazione eventi provenienti dagli Edge, analisi di trend e pattern anomali, gestione delle soglie di allerta.\n\nCloud (Macro-analisi): Analisi predittiva su larga scala, orchestrazione delle risposte automatizzate, audit e reporting centralizzato.', 'L’alerting non si limita alla mera notifica di eventi critici, ma si estende alla definizione di workflow di risposta automatizzati, all’analisi retrospettiva degli incidenti e all’ottimizzazione continua dei criteri di rilevamento. Tale approccio consente di ridurre drasticamente i tempi di intervento, minimizzare i falsi positivi e assicurare la tracciabilità degli eventi, in linea con le policy di audit e compliance definite dal framework AETERNA.\n\nSpecifiche Tecniche e Protocolli\n\n1. Architettura del Motore di Alerting']"
Qual è il costo medio annuale di manutenzione dell’infrastruttura Hadoop HDFS utilizzata nel data lake di AETERNA?,L'informazione non è disponibile nel testo,impossibile,"Non è possibile determinare il costo medio annuale di manutenzione dell’infrastruttura Hadoop HDFS utilizzata nel data lake di AETERNA basandosi esclusivamente sul contesto fornito. Le informazioni disponibili descrivono l’architettura, le tecnologie adottate e le strategie di sostenibilità, ma non includono dati relativi a costi, dimensionamento, licenze, personale o servizi gestiti. Per una stima accurata sarebbero necessari dettagli aggiuntivi come:

- Numero e tipo di nodi HDFS
- Modalità di deployment (on-premise, cloud, ibrido)
- Costi di storage, rete ed energia
- Spese di manutenzione hardware/software
- Personale dedicato e supporto tecnico

Senza questi elementi, non è possibile fornire una cifra o una stima attendibile.","[0.3285177946090698, 0.430486798286438, 0.4382129907608032]","['synthetic_data_AETERNA\\Volume_14_monitoraggio,_telemetria_e_analisi_predittiva.md:0:70', 'synthetic_data_AETERNA\\Volume_14_monitoraggio,_telemetria_e_analisi_predittiva.md:0:69', 'synthetic_data_AETERNA\\Volume_16_sostenibilità_ambientale_e_impatto_sociale.md:0:106']","['Specifiche Tecniche e Protocolli\n\nArchitettura del Data Lake\n\nIl data lake di AETERNA è implementato su infrastruttura Hadoop HDFS, selezionata per la sua capacità di gestire file system distribuiti, fault tolerance e scalabilità orizzontale. L’architettura logica si articola su tre zone distinte:\n\nRaw Zone: area di atterraggio dei dati grezzi, ingestati senza trasformazioni, provenienti da fonti eterogenee (Edge H-Node, Fog Gateway, Cloud Aggregator).\n\nProcessed Zone: contiene dati normalizzati, arricchiti e validati tramite pipeline ETL orchestrate da Apache NiFi; qui avviene la deduplicazione, la validazione di schema e la standardizzazione dei timestamp.', 'Nel contesto di AETERNA, il data lake non è solo un repository passivo, ma un hub dinamico che integra fonti di telemetria real-time e batch, supporta pipeline di normalizzazione e arricchimento dati, e si interfaccia con sistemi di analisi e automazione. L’adozione di standard interni (come Bit-Energy per l’audit e Kyoto 2.0 per la pipeline ML) e di formati interoperabili (Parquet, Avro, Protobuf) garantisce la coerenza e la tracciabilità lungo tutto il ciclo di vita del dato.\n\nSpecifiche Tecniche e Protocolli\n\nArchitettura del Data Lake', 'Per ridurre il footprint energetico delle infrastrutture IT, AETERNA adotta:\n\nArchitettura serverless: Funzioni on-demand (AWS Lambda, Google Cloud Functions) per orchestrazione di workflow, inferenza AI e gestione smart contract, con scaling automatico e cold start ottimizzati.\n\nContainerizzazione: Utilizzo di Docker e orchestrazione Kubernetes per microservizi AI, API gateway e dashboard.\n\nData Lake sostenibile: Persistenza su storage S3 e Data Lake in formato Parquet, con politiche di lifecycle management per riduzione storage idle.\n\nEsempio concreto\n\nIl deployment di modelli AI per la manutenzione predittiva avviene tramite funzioni serverless, che si attivano solo in presenza di nuovi dati anomali, minimizzando il consumo energetico dei server.']"
"Quale componente dell’architettura APM di AETERNA è responsabile dell’intercettazione delle chiamate API e della raccolta di metriche di utilizzo risorse sui nodi Edge, Fog e Cloud?",APM Agents,facile,"Il componente dell’architettura APM di AETERNA responsabile dell’intercettazione delle chiamate API e della raccolta di metriche di utilizzo risorse sui nodi Edge, Fog e Cloud è l’**APM Agent**. Gli APM Agents sono deployati su tutti i nodi applicativi e integrati nativamente nei microservizi core, svolgendo le funzioni di intercettazione delle chiamate API (REST/gRPC) e raccolta delle metriche necessarie per il monitoraggio delle performance applicative.","[0.2753943204879761, 0.3186895251274109, 0.3215605616569519]","['synthetic_data_AETERNA\\Volume_14_monitoraggio,_telemetria_e_analisi_predittiva.md:0:84', 'synthetic_data_AETERNA\\Volume_14_monitoraggio,_telemetria_e_analisi_predittiva.md:0:82', 'synthetic_data_AETERNA\\Volume_05_protocolli_di_comunicazione_e_interfacce.md:0:17']","['Specifiche Tecniche e Protocolli\n\nArchitettura del Sistema APM in AETERNA\n\nL’infrastruttura APM di AETERNA si basa su una combinazione di agenti software leggeri (“APM Agents”) e servizi centralizzati di raccolta, aggregazione e visualizzazione, con pieno supporto per il tracing distribuito e l’integrazione con i moduli di automazione (Automation Orchestrator) e audit (Bit-Energy Blockchain).\n\n1. APM Agents\n\nDistribuzione: Gli agenti sono deployati su tutti i nodi applicativi (Edge, Fog, Cloud) e integrati nativamente nei microservizi core (es. autenticazione, gestione trading P2P, bilanciamento AI).\n\nFunzionalità:\n\nIntercettazione delle chiamate API (REST/gRPC).', 'Nel contesto delle architetture distribuite e fortemente eterogenee come quella del Progetto AETERNA, il monitoraggio delle performance applicative (Application Performance Monitoring, APM) rappresenta un pilastro fondamentale per la garanzia della qualità del servizio (QoS), la continuità operativa e la reattività del sistema rispetto a fenomeni di degrado, congestione o errore. La natura multi-livello di AETERNA (Edge–Fog–Cloud), la presenza di microservizi e l’adozione di tecnologie come blockchain e intelligenza artificiale, impongono la necessità di una visibilità end-to-end che sia granulare, tempestiva e integrata con i meccanismi di automazione e orchestrazione già previsti dal framework. Il monitoraggio delle performance applicative non si limita alla mera raccolta di dati', 'Nel contesto di un’architettura orientata ai servizi (SOA) come quella adottata dal Progetto AETERNA, la definizione rigorosa delle interfacce di programmazione delle applicazioni (API) costituisce un pilastro fondamentale per garantire interoperabilità, sicurezza e scalabilità. Le API rappresentano il punto di contatto tra i diversi domini funzionali della piattaforma e tra AETERNA e soggetti terzi (partner, fornitori di servizi, autorità di regolamentazione). In particolare, la distinzione formale tra API pubbliche e private è motivata da esigenze di segregazione dei contesti di sicurezza, di controllo degli accessi e di governance centralizzata delle interazioni. L’approccio adottato in AETERNA privilegia la trasparenza, la']"
"Come viene garantita la tracciabilità e l’immutabilità degli eventi chiave nella gestione dei ticket, e quale ruolo svolge la blockchain Bit-Energy in questo processo?","La tracciabilità e l’immutabilità degli eventi chiave nella gestione dei ticket sono garantite tramite la notarizzazione di ogni evento di creazione, aggiornamento e chiusura dei ticket sulla blockchain Bit-Energy. In questo processo, la blockchain Bit-Energy svolge il ruolo di registro immutabile e auditabile, assicurando che tutte le operazioni rilevanti siano tracciate in modo permanente e non modificabile, facilitando audit interni ed esterni e garantendo la compliance alle policy Kyoto 2.0.",media,"La tracciabilità e l’immutabilità degli eventi chiave nella gestione dei ticket sono garantite attraverso l’integrazione con la blockchain Bit-Energy. Ogni evento rilevante del ciclo di vita del ticket—come la creazione, l’aggiornamento e la chiusura—viene notarizzato sulla blockchain. Questo significa che per ciascuna azione critica viene generata una registrazione digitale, che viene poi scritta in modo permanente e non modificabile su Bit-Energy.

Il ruolo della blockchain Bit-Energy in questo processo è duplice:

1. **Tracciabilità completa:** Ogni evento viene registrato con un timestamp e un identificativo univoco, rendendo possibile ricostruire in modo dettagliato e trasparente la sequenza delle operazioni effettuate sui ticket. Questo consente a utenti, operatori e auditor di verificare in qualsiasi momento chi ha fatto cosa e quando.

2. **Immutabilità e trasparenza:** Una volta che un evento è stato scritto sulla blockchain, non può essere alterato o cancellato. Questo garantisce che la cronologia degli incidenti e delle azioni sia sempre affidabile e non manipolabile, soddisfacendo i requisiti di auditabilità e compliance previsti dal progetto.

In sintesi, la blockchain Bit-Energy funge da registro distribuito e inviolabile che assicura la massima trasparenza, fiducia e accountability nella gestione degli incidenti e dei ticket.","[0.304030179977417, 0.30868446826934814, 0.30918097496032715]","['synthetic_data_AETERNA\\Volume_20_business_model,_scalabilità_e_sostenibilità_economica.md:0:70', 'synthetic_data_AETERNA\\Volume_14_monitoraggio,_telemetria_e_analisi_predittiva.md:0:66', 'synthetic_data_AETERNA\\Volume_14_monitoraggio,_telemetria_e_analisi_predittiva.md:0:107']","['Affidabilità e Continuità del Servizio: La replica geografica, il failover automatico e la segmentazione delle reti assicurano la disponibilità dei servizi energetici anche in presenza di fault localizzati, guasti hardware o attacchi informatici.\n\nFiducia e Trasparenza verso gli Stakeholder: La tracciabilità su blockchain Bit-Energy di tutte le azioni critiche, unita alla reportistica dettagliata e auditabile, incrementa la fiducia di utenti, operatori, autorità di regolamentazione e partner commerciali.\n\nRiduzione dell’Esposizione a Eventi Avversi: Il monitoraggio proattivo, l’alerting automatico e la formazione continua riducono il tempo di detection e risposta agli incidenti, limitando l’impatto economico e reputazionale degli eventi avversi.', 'Resilienza Operativa: La rapidità nell’individuazione e gestione delle anomalie riduce drasticamente i tempi di downtime e i rischi di propagazione dei guasti, assicurando la continuità dei servizi energetici.\n\nEfficienza delle Risorse: L’automazione delle risposte e la categorizzazione intelligente degli alert consentono di ottimizzare l’impiego delle risorse tecniche, minimizzando l’intervento umano su eventi a basso impatto e concentrando l’attenzione su incidenti ad alta priorità.\n\nAuditabilità e Compliance: L’integrazione con blockchain Bit-Energy garantisce la tracciabilità completa di ogni evento e azione, in linea con le policy di audit e i requisiti di trasparenza del progetto.', 'Impatto\n\nL’integrazione strutturata tra il sistema di monitoraggio AETERNA e le piattaforme di ticketing/incident management introduce un livello superiore di efficienza e trasparenza nella gestione degli incidenti. Gli impatti principali sono:\n\nRiduzione della Latenza Operativa: L’automazione della creazione e assegnazione dei ticket riduce drasticamente i tempi di presa in carico degli incidenti critici, specialmente in scenari di fault cascading o anomalie sistemiche.\n\nAccountability e Auditabilità: La notarizzazione di ogni evento chiave (creazione, aggiornamento, chiusura ticket) su blockchain Bit-Energy garantisce tracciabilità immutabile, facilitando audit interni/esterni e compliance alle policy Kyoto 2.0.']"
"In che modo il framework di sicurezza e compliance di AETERNA integra controlli di accesso, protezione dei dati, gestione del ciclo di vita delle informazioni, audit e compliance by design per garantire la resilienza operativa, la conformità normativa e la fiducia degli stakeholder nelle micro-reti energetiche decentralizzate?","Il framework di sicurezza e compliance di AETERNA integra controlli di accesso tramite un modello RBAC avanzato con autenticazione forte (2FA per utenti, mTLS per servizi) e segregazione dei privilegi, garantendo che solo utenti e servizi autorizzati possano accedere ai dati di monitoraggio. La protezione dei dati è assicurata da cifratura end-to-end (TLS 1.3 in transito, AES-256-GCM a riposo con chiavi gestite da HSM certificati), rotazione periodica delle chiavi, data masking nei log e anonimizzazione irreversibile dei dataset per analisi macro, in conformità a GDPR e Kyoto 2.0. La gestione del ciclo di vita delle informazioni prevede policy di retention configurabili per tipologia di dato, cancellazione sicura tramite secure erase e notarizzazione su Bit-Energy Blockchain, oltre a un modulo per la gestione e revoca dei consensi con propagazione real-time. Tutte le operazioni sono tracciate in audit log immutabili, notarizzati su Bit-Energy Blockchain, con audit periodici automatici e manuali, alerting su anomalie e integrazione con sistemi di incident management. La compliance by design è garantita dalla mappatura dei processi sui requisiti GDPR e Kyoto 2.0, DPIA automatizzati per ogni nuova feature e formazione periodica degli operatori. Questi elementi assicurano resilienza operativa, conformità normativa e rafforzano la fiducia degli stakeholder nelle micro-reti energetiche decentralizzate.",difficile,"Il framework di sicurezza e compliance di AETERNA integra in modo sinergico controlli di accesso, protezione dei dati, gestione del ciclo di vita delle informazioni, audit e compliance by design per garantire resilienza operativa, conformità normativa e fiducia degli stakeholder nelle micro-reti energetiche decentralizzate attraverso le seguenti strategie:

**1. Controlli di accesso avanzati**  
AETERNA adotta sistemi di gestione delle identità digitali robusti, basati su autenticazione forte (es. MFA) e autorizzazione granulare (RBAC/ABAC). Questo assicura che solo utenti e sistemi autorizzati possano accedere a dati e funzioni critiche, riducendo il rischio di accessi non autorizzati e privilegi eccessivi.

**2. Protezione dei dati**  
La protezione dei dati è garantita tramite cifratura end-to-end (sia in transito che a riposo), pseudonimizzazione e tecniche di minimizzazione dei dati, in linea con i requisiti GDPR. Sono implementati meccanismi di segregazione logica e fisica dei dati, prevenendo la commistione tra dati personali e operativi, e assicurando la riservatezza e l’integrità delle informazioni.

**3. Gestione del ciclo di vita delle informazioni**  
AETERNA definisce policy chiare per la raccolta, conservazione, accesso, modifica e cancellazione dei dati, assicurando che ogni fase sia tracciata e conforme alle normative (es. diritto all’oblio, data retention). L’automazione dei processi di data lifecycle management riduce il rischio di errori umani e garantisce la tempestiva eliminazione dei dati non più necessari.

**4. Audit e monitoraggio continuo**  
Il framework prevede audit periodici, logging granulare e sistemi di monitoraggio in tempo reale per rilevare anomalie, accessi sospetti e potenziali violazioni. I log sono protetti da alterazioni e accessibili solo a personale autorizzato, facilitando la ricostruzione degli eventi e la risposta tempestiva agli incidenti.

**5. Compliance by design**  
La conformità alle normative europee (GDPR, NIS2), agli standard internazionali (ISO/IEC 27001) e agli standard interni (Kyoto 2.0, Bit-Energy) è integrata fin dalla fase di progettazione (“by design”). Ogni componente del sistema è sviluppato e validato secondo processi che includono valutazioni d’impatto privacy (DPIA), controlli di sicurezza automatizzati e aggiornamenti continui in base all’evoluzione normativa e alle best practice di settore.

**6. Formazione e consapevolezza**  
Il personale è sottoposto a formazione continua su sicurezza, privacy e compliance, riducendo il rischio di errori operativi e rafforzando la cultura della sicurezza all’interno dell’organizzazione.

**Risultato:**  
Questa integrazione multilivello di controlli tecnici, organizzativi e procedurali consente ad AETERNA di garantire resilienza operativa contro minacce note ed emergenti, assicurare la conformità normativa e rafforzare la fiducia degli stakeholder, posizionandosi come benchmark per la sicurezza e la compliance nelle micro-reti energetiche decentralizzate.","[0.1587027907371521, 0.1620274782180786, 0.16977107524871826]","['synthetic_data_AETERNA\\Volume_14_monitoraggio,_telemetria_e_analisi_predittiva.md:0:110', 'synthetic_data_AETERNA\\Volume_07_smart_contract_e_tokenizzazione_energetica.md:0:59', 'synthetic_data_AETERNA\\Volume_18_evoluzione_tecnologica_e_roadmap_di_ricerca.md:0:105']","['Nel contesto delle micro-reti energetiche decentralizzate, la sicurezza dei dati di monitoraggio e la conformità normativa rappresentano pilastri imprescindibili per garantire l’affidabilità, la resilienza e l’accettabilità sociale del sistema AETERNA. La natura distribuita del framework, la presenza di dati personali e la necessità di interoperabilità con sistemi terzi impongono un approccio rigoroso e multilivello alla protezione delle informazioni e al rispetto delle normative europee (in particolare il GDPR) e degli standard interni AETERNA (es. Kyoto 2.0, Bit-Energy). Il monitoraggio continuo, la telemetria e la gestione degli eventi devono pertanto essere progettati con controlli di sicurezza avanzati, processi di audit granulari e policy di compliance integrate by design.', 'In sintesi, il framework di audit e compliance di AETERNA rappresenta un benchmark per le micro-reti energetiche decentralizzate, coniugando rigore tecnico, trasparenza e adattabilità normativa in un modello replicabile e scalabile.\n\nCapitolo 5: Gestione delle Identità Digitali\n\n1. Introduzione Teorica', 'L’implementazione rigorosa delle specifiche di sicurezza e compliance descritte garantisce ad AETERNA una postura difensiva avanzata, in grado di prevenire, rilevare e rispondere tempestivamente a minacce sia note che emergenti. L’integrazione di processi di audit periodici, vulnerability management automatizzato e formazione continua del personale riduce significativamente il rischio di data breach, downtime e compromissione dei servizi critici (es. trading P2P, bilanciamento AI). La conformità alle principali normative (GDPR, ISO/IEC 27001, NIS2) e agli standard interni (Kyoto 2.0, Bit-Energy) rafforza la fiducia degli stakeholder, facilita l’interoperabilità con ecosistemi esterni e posiziona AETERNA come benchmark di settore per la sicurezza delle micro-reti energetiche']"
Qual è il costo medio annuo di manutenzione per nodo H-Node domestico nel sistema di monitoraggio del Progetto AETERNA?,L'informazione non è disponibile nel testo,impossibile,"Il contesto fornito non riporta informazioni specifiche o dati relativi al costo medio annuo di manutenzione per nodo H-Node domestico nel sistema di monitoraggio del Progetto AETERNA. Pertanto, non è possibile rispondere a questa domanda sulla base delle informazioni disponibili.","[0.40128856897354126, 0.4337195158004761, 0.44124096632003784]","['synthetic_data_AETERNA\\Volume_11_integrazione_con_le_energie_rinnovabili.md:0:100', ""synthetic_data_AETERNA\\Volume_03_specifiche_hardware_dell'h-node.md:0:133"", ""synthetic_data_AETERNA\\Volume_03_specifiche_hardware_dell'h-node.md:0:11""]","['2. Specifiche Tecniche e Protocolli\n\n2.1 Architettura del Monitoraggio\n\nIl sistema di monitoraggio AETERNA si articola su tre livelli funzionali:\n\nEdge: Sensori IoT (temperatura, vibrazione, corrente, tensione, stato di carica, etc.) e smart meter installati su H-Node domestici e asset di generazione/distribuzione. Questi dispositivi eseguono un primo filtraggio ed elaborazione locale (pre-processing, feature extraction) tramite microcontrollori e firmware dedicati.\n\nFog: Gateway di quartiere aggregano i dati provenienti dai nodi edge, applicano logiche di data fusion e forwarding intelligente, e gestiscono la sincronizzazione temporale (NTP, PTP) e la compressione dei dati.', 'In sintesi, il ciclo di vita e riciclo dell’H-Node, così come progettato in AETERNA, rappresenta una best practice di ingegneria sistemica, capace di coniugare sicurezza, sostenibilità e innovazione nella gestione delle micro-reti energetiche urbane.', 'Impatto\n\nL’adozione del design industriale dell’H-Node v4 genera impatti significativi su più dimensioni del progetto AETERNA:\n\nSostenibilità ambientale: L’uso prevalente di materiali riciclati ad alta efficienza termica riduce l’impronta ecologica sia in fase di produzione sia a fine vita, agevolando il raggiungimento degli obiettivi di autarchia energetica urbana e di circolarità delle risorse.\n\nAffidabilità e sicurezza: La schermatura EMI avanzata e la modularità strutturale minimizzano i rischi di interferenze e guasti, garantendo continuità operativa anche in scenari di alta densità installativa e durante eventi di manutenzione predittiva o straordinaria.']"
Quale protocollo viene utilizzato per l’integrazione del Single Sign-On (SSO) nella piattaforma LMS di AETERNA?,Utilizzo del protocollo SAML 2.0 per l’integrazione con l’SSO esistente.,facile,Il protocollo utilizzato per l’integrazione del Single Sign-On (SSO) nella piattaforma LMS di AETERNA è SAML 2.0.,"[0.28829485177993774, 0.38882118463516235, 0.3907439708709717]","['synthetic_data_AETERNA\\Volume_15_formazione,_supporto_e_community.md:0:7', 'synthetic_data_AETERNA\\Volume_13_interoperabilità_e_standardizzazione_internazionale.md:0:57', 'synthetic_data_AETERNA\\Volume_05_protocolli_di_comunicazione_e_interfacce.md:0:3']","['FAQ dinamiche integrate con assistenti virtuali AI\n\nLa distribuzione dei materiali avviene sia in formato digitale (tramite la piattaforma LMS) sia, su richiesta, in formato cartaceo.\n\nInfrastruttura di Erogazione: LMS Integrato\n\nL’erogazione dei corsi avviene tramite una piattaforma Learning Management System (LMS) completamente integrata con il Single Sign-On (SSO) federato di AETERNA. Le principali caratteristiche tecniche includono:\n\nAutenticazione avanzata: Utilizzo del protocollo SAML 2.0 per l’integrazione con l’SSO esistente, con supporto per autenticazione a due fattori (2FA).', 'Specifiche Tecniche e Protocolli\n\n1. Infrastruttura IAM e Standard di Federazione\n\nAETERNA implementa una infrastruttura IAM multilivello, progettata per garantire compatibilità, scalabilità e robustezza. I principali standard e tecnologie adottati sono:\n\nSAML 2.0: utilizzato per la federazione delle identità tra domini organizzativi (es. tra utility e operatori di quartiere, o tra AETERNA e fornitori di servizi esterni). Consente Single Sign-On (SSO) e scambio sicuro di assertion di autenticazione.\n\nOpenID Connect (OIDC): impiegato per l’autenticazione utente su servizi web e API, con supporto a flussi di autenticazione interattivi e machine-to-machine.', 'Specifiche Tecniche e Protocolli\n\n1. Approccio Multi-Protocollo\n\nAETERNA adotta un paradigma multi-protocollo, selezionando e orchestrando in modo sinergico MQTT, CoAP e LwM2M. Tale scelta risponde alla necessità di ottimizzare la comunicazione in funzione delle caratteristiche del nodo, della tipologia di dato e delle condizioni di rete, garantendo al contempo la massima interoperabilità e la possibilità di integrare dispositivi legacy o di terze parti.\n\n1.1 MQTT (Message Queuing Telemetry Transport)\n\nArchitettura: Basata su modello publish/subscribe, con broker centralizzato o federato a livello Fog/Cloud.\n\nStack di Trasporto: TCP/IP, con supporto TLS per la cifratura end-to-end.']"
In che modo la knowledge base centralizzata contribuisce sia all’ottimizzazione dei tempi di risoluzione dei ticket sia alla compliance e auditabilità nel contesto del Progetto AETERNA?,"La knowledge base centralizzata contribuisce all’ottimizzazione dei tempi di risoluzione dei ticket fornendo un repository accessibile e continuamente aggiornato con soluzioni standardizzate, guide operative, procedure di troubleshooting e best practice, organizzate semanticamente e arricchite dagli operatori di Tier 2 e Tier 3. Questo permette agli operatori di tutti i livelli di trovare rapidamente risposte e soluzioni già validate, riducendo il tempo necessario per risolvere le segnalazioni e favorendo anche l’auto-risoluzione tramite assistenti virtuali AI-driven. Per quanto riguarda compliance e auditabilità, la knowledge base implementa un sistema di versionamento automatico e audit trail, con notarizzazione degli aggiornamenti critici tramite Bit-Energy Blockchain e reportistica automatica per audit Kyoto 2.0, garantendo così la tracciabilità, l’integrità e la conformità delle informazioni e delle procedure adottate nel supporto tecnico del Progetto AETERNA.",media,"La knowledge base centralizzata nel Progetto AETERNA contribuisce in modo determinante sia all’ottimizzazione dei tempi di risoluzione dei ticket sia alla compliance e auditabilità, grazie alle seguenti caratteristiche:

**1. Ottimizzazione dei tempi di risoluzione dei ticket**
- **Accesso immediato a informazioni aggiornate:** Tutti gli attori (utenti domestici, operatori, amministratori, sviluppatori, ecc.) possono consultare rapidamente risposte validate e soluzioni già documentate, riducendo la necessità di escalation e interventi ripetitivi.
- **Arricchimento dinamico:** La knowledge base viene costantemente aggiornata dagli operatori sulla base dei casi reali gestiti tramite il sistema di ticketing, garantendo che le soluzioni siano sempre pertinenti e allineate alle ultime evoluzioni del sistema.
- **Riduzione della curva di apprendimento:** La formazione continua degli attori coinvolti è facilitata dalla disponibilità di una documentazione centralizzata e aggiornata, che accelera la risoluzione anche per problematiche complesse o nuove.
- **Feedback strutturati:** Il monitoraggio dei livelli di servizio e la raccolta di feedback permettono di identificare rapidamente le aree di miglioramento, ottimizzando ulteriormente i processi di supporto.

**2. Compliance e auditabilità**
- **Versioning e revisione periodica:** Ogni modifica alla knowledge base è tracciata tramite un sistema di versioning, che consente di risalire allo storico delle modifiche e garantisce la coerenza con le policy e gli standard interni (es. Kyoto 2.0, Bit-Energy).
- **Notarizzazione blockchain:** L’utilizzo della notarizzazione su blockchain assicura l’immutabilità e la tracciabilità delle revisioni, rendendo la knowledge base un riferimento affidabile in caso di audit o verifiche di conformità.
- **Governance centralizzata:** La gestione centralizzata consente di applicare controlli di qualità, validazione dei contenuti e procedure di approvazione, assicurando che le informazioni siano sempre conformi alle normative e agli standard di sicurezza del progetto.
- **Supporto all’audit:** In caso di controlli, è possibile dimostrare in modo trasparente quando e come sono state apportate modifiche, chi le ha effettuate e su quali basi, facilitando la verifica della compliance e la ricostruzione degli eventi.

**In sintesi:**  
La knowledge base centralizzata di AETERNA è un asset strategico che, da un lato, accelera la risoluzione dei ticket grazie a informazioni sempre aggiornate e facilmente accessibili; dall’altro, garantisce compliance e auditabilità tramite versioning, notarizzazione blockchain e governance strutturata, supportando così la sicurezza, la trasparenza e l’evoluzione dell’ecosistema.","[0.2398693561553955, 0.26555198431015015, 0.2963753938674927]","['synthetic_data_AETERNA\\Volume_15_formazione,_supporto_e_community.md:0:92', 'synthetic_data_AETERNA\\Volume_15_formazione,_supporto_e_community.md:0:31', 'synthetic_data_AETERNA\\Volume_15_formazione,_supporto_e_community.md:0:103']","['La gestione centralizzata delle FAQ (Frequently Asked Questions) e della knowledge base rappresenta un pilastro fondamentale per l’efficacia operativa e la scalabilità del supporto agli utenti all’interno del Progetto AETERNA. In un ecosistema digitale ad alta complessità architetturale, come quello delle micro-reti energetiche decentralizzate, la rapida evoluzione delle funzionalità e la pluralità di ruoli coinvolti (utenti domestici, operatori di quartiere, amministratori cloud, sviluppatori, mentor, mentee, validatori) impongono la necessità di una base di conoscenza dinamica, affidabile e costantemente aggiornata. La knowledge base non si limita a fornire risposte statiche, ma si configura come un sistema vivo, alimentato da flussi informativi provenienti dal sistema di ticketing, dai', 'Ottimizzazione della Conoscenza: La knowledge base centralizzata, arricchita dinamicamente dagli operatori, costituisce un asset strategico per la riduzione dei tempi di risoluzione e la formazione continua degli attori coinvolti.\n\nSoddisfazione Utente: Il monitoraggio costante dei livelli di servizio e la possibilità di feedback strutturati permettono un miglioramento continuo dell’esperienza utente, elemento chiave per l’adozione e la sostenibilità del framework AETERNA.\n\nIn sintesi, il sistema di supporto tecnico e helpdesk di AETERNA non solo risponde alle esigenze operative immediate, ma si configura come una componente strategica per la governance, la sicurezza e l’evoluzione dell’intero ecosistema energetico decentralizzato.', 'Efficienza operativa: L’accesso immediato a risposte aggiornate e validate riduce drasticamente i tempi di risoluzione dei ticket e incrementa la soddisfazione degli utenti, sia in ambito domestico (Edge) che nei livelli superiori (Fog, Cloud).\n\nScalabilità e adattabilità: Il sistema di versioning e revisione periodica, unito alla notarizzazione blockchain, garantisce che la knowledge base rimanga coerente con l’evoluzione architetturale di AETERNA, supportando l’introduzione di nuove funzionalità e standard interni (es. Kyoto 2.0, Bit-Energy).']"
"In che modo l’integrazione tra piattaforma collaborativa modulare, workflow CI/CD automatizzati, sistemi di gamification e notarizzazione su Bit-Energy Blockchain contribuisce simultaneamente a garantire sostenibilità, trasparenza, meritocrazia e scalabilità nel coinvolgimento della community del Progetto AETERNA?","L’integrazione tra piattaforma collaborativa modulare, workflow CI/CD automatizzati, sistemi di gamification e notarizzazione su Bit-Energy Blockchain consente al Progetto AETERNA di garantire simultaneamente sostenibilità, trasparenza, meritocrazia e scalabilità nel coinvolgimento della community attraverso diversi meccanismi: la piattaforma modulare permette la partecipazione attiva e la co-progettazione su tutti i livelli (Edge, Fog, Cloud), mentre i workflow CI/CD automatizzati assicurano la validazione, la sicurezza e la tracciabilità di ogni contributo, con log firmati digitalmente e notarizzazione su Bit-Energy Blockchain per auditabilità e immutabilità. I sistemi di gamification, come badge NFT, classifiche di merito e micro-premi in Bit-Energy, incentivano la partecipazione e premiano il merito, favorendo inclusività e valorizzazione dei talenti. L’architettura a microservizi e l’automazione dei processi consentono di scalare la piattaforma e gestire una crescita esponenziale della community senza compromettere qualità o sicurezza. La notarizzazione su Bit-Energy Blockchain garantisce trasparenza, accountability e compliance agli standard Kyoto 2.0, rendendo ogni azione e decisione verificabile e tracciabile. In questo modo, la community diventa motore di innovazione continua, assicurando resilienza, adattabilità e governance partecipata nel sistema delle micro-reti energetiche decentralizzate.",difficile,"L’integrazione tra piattaforma collaborativa modulare, workflow CI/CD automatizzati, sistemi di gamification e notarizzazione su Bit-Energy Blockchain contribuisce in modo sinergico a garantire sostenibilità, trasparenza, meritocrazia e scalabilità nel coinvolgimento della community del Progetto AETERNA nei seguenti modi:

**Sostenibilità e Innovazione Continua:**  
La modularità della piattaforma e l’automazione dei workflow CI/CD permettono un’evoluzione costante e rapida del sistema, adattandolo alle esigenze reali della community. La partecipazione attiva degli utenti, incentivata dalla gamification, alimenta un ciclo virtuoso di feedback e miglioramento continuo, riducendo il rischio di obsolescenza tecnologica.

**Trasparenza e Accountability:**  
Ogni contributo, interazione e milestone viene tracciato e notarizzato su Bit-Energy Blockchain, creando un audit trail immutabile. Questo garantisce la verificabilità a posteriori di ogni decisione e sviluppo, rafforzando la fiducia degli utenti e assicurando la compliance agli standard (es. Kyoto 2.0).

**Meritocrazia:**  
La gamification, integrata con pipeline di feedback e regole di assegnazione pubbliche, assicura che i riconoscimenti e le ricompense siano attribuiti in modo equo e trasparente, prevenendo comportamenti opportunistici. La notarizzazione su blockchain aggiunge un ulteriore livello di auditabilità, rendendo ogni processo meritocratico e verificabile.

**Scalabilità:**  
La strutturazione delle conoscenze in repository condivisi, la tracciabilità delle best practice e la persistenza delle milestone su blockchain facilitano la replicabilità e l’adattamento del modello AETERNA in contesti urbani diversi. L’automazione dei workflow e la governance trasparente permettono di gestire efficacemente una community in crescita, mantenendo elevati standard di qualità e coinvolgimento.

In sintesi, questa integrazione tecnologica e metodologica crea un ecosistema in cui la community è protagonista, ogni contributo è valorizzato e verificabile, e il sistema può evolvere e scalare in modo sostenibile e trasparente.","[0.13849031925201416, 0.23269665241241455, 0.2520952820777893]","['synthetic_data_AETERNA\\Volume_15_formazione,_supporto_e_community.md:0:43', 'synthetic_data_AETERNA\\Volume_15_formazione,_supporto_e_community.md:0:132', 'synthetic_data_AETERNA\\Volume_15_formazione,_supporto_e_community.md:0:89']","['Impatto\n\nL’adozione di una piattaforma collaborativa modulare, integrata con workflow automatizzati, sistemi di gamification e notarizzazione blockchain, produce un impatto sistemico su più livelli:\n\nSostenibilità e Innovazione Continua: La community diventa motore di evoluzione funzionale, garantendo che il sistema AETERNA resti aderente alle esigenze reali e sia in grado di recepire rapidamente nuove idee, mitigando il rischio di obsolescenza tecnologica.\n\nTrasparenza e Accountability: La tracciabilità end-to-end di ogni contributo, con audit trail immutabile su Bit-Energy Blockchain, rafforza la fiducia degli utenti e la compliance agli standard Kyoto 2.0, rendendo ogni decisione e sviluppo verificabile a posteriori.', 'Impatto\n\nL’introduzione di un sistema di gamification avanzato nella piattaforma AETERNA produce impatti rilevanti sia a livello tecnico che sociale. Dal punto di vista tecnico, la gamification si integra nativamente con le pipeline di feedback, potenziando la raccolta di dati qualitativi e quantitativi, e fornendo un ulteriore layer di auditabilità tramite la notarizzazione su blockchain Bit-Energy. L’approccio trasparente e personalizzabile, unitamente alla pubblicazione delle regole di assegnazione, garantisce equità e prevenzione di comportamenti opportunistici, rafforzando la fiducia nella governance del progetto.', 'L’adozione sistematica di community di pratica e programmi di mentoring in AETERNA produce impatti misurabili sia a livello individuale che collettivo. Dal punto di vista individuale, si osserva un’accelerazione nell’acquisizione di competenze critiche, una maggiore retention e motivazione degli utenti, nonché una riduzione delle asimmetrie informative tra i diversi livelli della rete (Edge, Fog, Cloud). A livello collettivo, la strutturazione delle conoscenze in repository condivisi e la notarizzazione delle milestone su blockchain Bit-Energy garantiscono la persistenza, la trasparenza e la riusabilità delle best practice, facilitando la scalabilità del modello AETERNA in contesti urbani eterogenei. La tracciabilità completa e la compliance Kyoto 2.0 assicurano, inoltre, la conformità']"
Qual è il costo medio annuale per la manutenzione della blockchain Bit-Energy utilizzata per la notarizzazione degli hash delle revisioni della documentazione tecnica di AETERNA?,L'informazione non è disponibile nel testo,impossibile,"In base al contesto fornito, non sono presenti dati specifici o stime numeriche riguardanti il costo medio annuale per la manutenzione della blockchain Bit-Energy utilizzata per la notarizzazione degli hash delle revisioni della documentazione tecnica di AETERNA. 

Il testo descrive i benefici, le procedure di audit, la resilienza e la trasparenza del sistema, ma non fornisce dettagli quantitativi su costi operativi, spese di infrastruttura, o budget annuali relativi alla manutenzione della blockchain Bit-Energy. 

**Risposta:**  
Il costo medio annuale per la manutenzione della blockchain Bit-Energy non è specificato nel contesto fornito.","[0.38913702964782715, 0.39240938425064087, 0.39969897270202637]","['synthetic_data_AETERNA\\Volume_15_formazione,_supporto_e_community.md:0:103', 'synthetic_data_AETERNA\\Volume_09_governance_e_modelli_di_partecipazione.md:0:120', 'synthetic_data_AETERNA\\Volume_07_smart_contract_e_tokenizzazione_energetica.md:0:120']","['Efficienza operativa: L’accesso immediato a risposte aggiornate e validate riduce drasticamente i tempi di risoluzione dei ticket e incrementa la soddisfazione degli utenti, sia in ambito domestico (Edge) che nei livelli superiori (Fog, Cloud).\n\nScalabilità e adattabilità: Il sistema di versioning e revisione periodica, unito alla notarizzazione blockchain, garantisce che la knowledge base rimanga coerente con l’evoluzione architetturale di AETERNA, supportando l’introduzione di nuove funzionalità e standard interni (es. Kyoto 2.0, Bit-Energy).', 'Fattibilità tecnica (compatibilità architetturale, costi, rischi)\n\nCoerenza con la missione AETERNA (allineamento policy Kyoto 2.0, sostenibilità, sicurezza)\n\nInnovatività (grado di novità rispetto allo stato dell’arte AETERNA)\n\nRisorse richieste (umane, tecnologiche, finanziarie)\n\nL’esito (approvazione, richiesta di revisione, rigetto) viene notarizzato su blockchain Bit-Energy, associando la decisione al Proposal_ID e generando un Audit_Reference univoco.\n\ne. Implementazione e Monitoraggio\n\nLe proposte approvate entrano nel backlog di sviluppo, con tracciamento tramite External_Contributor_ID e aggiornamento continuo dello stato via dashboard Kibana.', 'L’adozione di un framework di sicurezza e resilienza multilivello per la blockchain AETERNA produce impatti significativi sia sul piano tecnico che su quello della fiducia degli stakeholder. In primo luogo, la robustezza contro attacchi informatici e malfunzionamenti infrastrutturali garantisce la continuità delle transazioni energetiche, la stabilità delle tariffe e la corretta regolazione dei wallet Bit-Energy, elementi essenziali per la sostenibilità dell’autarchia energetica urbana. La trasparenza delle procedure di audit, la segregazione dei permessi e la governance distribuita favoriscono la compliance normativa e la possibilità di audit esterni, rafforzando la legittimità del sistema. Infine, la capacità di isolare e ripristinare rapidamente componenti compromessi, unita']"
Quale tecnologia viene utilizzata per la notarizzazione e l’audit trail delle sessioni di webinar nel Progetto AETERNA?,"La notarizzazione e l’audit trail delle sessioni di webinar nel Progetto AETERNA vengono effettuati tramite hash SHA-256 su blockchain Bit-Energy, che traccia ogni fase (proposta, scheduling, delivery, archiviazione, accesso on-demand) associando identificatori come `proposal_id`, `webinar_id`, `user_id` e `bitenergy_hash`.",facile,"Nel Progetto AETERNA, la tecnologia utilizzata per la notarizzazione e l’audit trail delle sessioni di webinar è la blockchain Bit-Energy, tramite hash SHA-256, timestamp e user_id.","[0.34780943393707275, 0.3500427007675171, 0.36557793617248535]","['synthetic_data_AETERNA\\Volume_15_formazione,_supporto_e_community.md:0:63', 'synthetic_data_AETERNA\\Volume_15_formazione,_supporto_e_community.md:0:66', 'synthetic_data_AETERNA\\Volume_15_formazione,_supporto_e_community.md:0:74']","['Le sessioni di webinar costituiscono un pilastro strategico per la disseminazione della conoscenza e la formazione continua all’interno dell’ecosistema AETERNA. In un contesto caratterizzato da rapida evoluzione tecnologica e complessità architetturale, la formazione sincrona e asincrona tramite webinar consente di colmare il divario tra innovazione e adozione pratica, favorendo la costruzione di una community competente e proattiva. I webinar, organizzati secondo un calendario tematico e modulare, abilitano la trasmissione di best practice, la presentazione di aggiornamenti architetturali e l’interazione diretta tra utenti finali, operatori e stakeholder tecnici. La gestione rigorosa di tali eventi, dalla pianificazione all’archiviazione, è fondamentale per garantire', 'Workflow di Approvazione La proposta di una nuova sessione segue il workflow contributivo AETERNA:\n\nProposta (proposal_id) tramite form autenticato (OAuth2.0/SAML2.0).\n\nValidazione automatica (linting, verifica metadati, compliance con la tassonomia).\n\nRevisione umana da parte del team Education.\n\nMerge e notarizzazione su blockchain Bit-Energy (hash SHA-256, timestamp, user_id).\n\n2. Gestione Operativa dei Webinar\n\nPiattaforma Webinar L’infrastruttura utilizza una soluzione containerizzata basata su WebRTC e RTMP (es. Jitsi Meet custom, BigBlueButton, Zoom API bridge) orchestrata dallo stack DevOps AETERNA. Caratteristiche chiave:', 'Tabella: Metriche di Partecipazione e Engagement\n\nMetrica Descrizione Modalità Raccolta Numero partecipanti Utenti unici collegati Telemetria WebRTC/RTMP Durata media connessione Tempo medio di permanenza Logging sessioni Engagement chat Messaggi inviati, domande poste Log chat JSON Partecipazione sondaggi Percentuale risposte su totale Polling API Download materiali Numero download slide/codice Logging CDN Feedback post-evento Valutazione qualitativa (1-5 stelle, commenti) Form integrato, audit log Badge assegnati Utenti che hanno ricevuto badge Sistema gamification\n\nImpatto\n\nL’implementazione di una gestione strutturata e auditabile delle sessioni di webinar nel contesto AETERNA produce molteplici benefici strategici e operativi:']"
In che modo la notarizzazione su blockchain Bit-Energy contribuisce sia alla trasparenza dei percorsi di mentoring sia alla compliance Kyoto 2.0 nell’ecosistema AETERNA?,"La notarizzazione su blockchain Bit-Energy consente di registrare in modo immutabile tutte le interazioni chiave dei percorsi di mentoring, come la creazione del percorso, il raggiungimento delle milestone, i feedback e l’emissione dei badge. Questo garantisce trasparenza e integrità dei dati, rendendo ogni passaggio verificabile e tracciabile sia per i singoli utenti che per gli amministratori. Inoltre, tutte le operazioni critiche delle community di pratica e dei programmi di mentoring sono soggette ad audit trail su Bit-Energy, assicurando la persistenza e la riusabilità delle best practice. La tracciabilità completa fornita dalla notarizzazione su Bit-Energy supporta la compliance Kyoto 2.0, grazie ad alert automatici su anomalie o violazioni di policy e alla conformità agli standard di sicurezza, privacy e auditabilità richiesti nell’ecosistema AETERNA.",media,"La notarizzazione su blockchain Bit-Energy contribuisce in modo determinante sia alla trasparenza dei percorsi di mentoring sia alla compliance Kyoto 2.0 nell’ecosistema AETERNA nei seguenti modi:

**1. Trasparenza dei percorsi di mentoring:**
- **Tracciabilità completa:** Ogni milestone significativa dei percorsi di mentoring (ad esempio, avvio, avanzamento, completamento, valutazione) viene registrata in modo immutabile sulla blockchain Bit-Energy. Questo garantisce che tutte le attività siano verificabili e consultabili da tutti gli attori autorizzati, riducendo il rischio di manipolazioni o discrepanze.
- **Auditabilità:** La generazione di un Audit_Reference univoco per ogni decisione o evento permette di risalire facilmente all’intero storico delle interazioni e delle decisioni prese, facilitando audit interni ed esterni.
- **Fiducia e responsabilizzazione:** La trasparenza fornita dalla notarizzazione incentiva comportamenti responsabili da parte di mentor e mentee, poiché ogni passaggio è pubblicamente verificabile e associato a identificativi univoci (Proposal_ID, External_Contributor_ID).

**2. Compliance Kyoto 2.0:**
- **Allineamento e verifica delle policy:** La registrazione notarizzata delle decisioni e delle milestone consente di dimostrare in modo oggettivo l’aderenza ai requisiti di sostenibilità, sicurezza e governance previsti dallo standard Kyoto 2.0.
- **Persistenza e integrità dei dati:** La blockchain assicura che le informazioni relative ai processi e alle best practice siano persistenti, non alterabili e sempre disponibili per eventuali verifiche di conformità.
- **Supporto alla rendicontazione:** La trasparenza e la tracciabilità offerte dalla blockchain facilitano la produzione di report e la rendicontazione verso enti di controllo o stakeholder, semplificando la dimostrazione della compliance.

**In sintesi:**  
La notarizzazione su blockchain Bit-Energy rende i percorsi di mentoring trasparenti, tracciabili e auditabili, mentre garantisce la conformità ai requisiti di governance e sostenibilità di Kyoto 2.0, consolidando la fiducia nell’ecosistema AETERNA e supportando la sua scalabilità e replicabilità in contesti urbani diversi.","[0.2462964653968811, 0.2591853141784668, 0.2772499918937683]","['synthetic_data_AETERNA\\Volume_15_formazione,_supporto_e_community.md:0:89', 'synthetic_data_AETERNA\\Volume_02_architettura_di_sistema_a_tre_livelli.md:0:54', 'synthetic_data_AETERNA\\Volume_09_governance_e_modelli_di_partecipazione.md:0:120']","['L’adozione sistematica di community di pratica e programmi di mentoring in AETERNA produce impatti misurabili sia a livello individuale che collettivo. Dal punto di vista individuale, si osserva un’accelerazione nell’acquisizione di competenze critiche, una maggiore retention e motivazione degli utenti, nonché una riduzione delle asimmetrie informative tra i diversi livelli della rete (Edge, Fog, Cloud). A livello collettivo, la strutturazione delle conoscenze in repository condivisi e la notarizzazione delle milestone su blockchain Bit-Energy garantiscono la persistenza, la trasparenza e la riusabilità delle best practice, facilitando la scalabilità del modello AETERNA in contesti urbani eterogenei. La tracciabilità completa e la compliance Kyoto 2.0 assicurano, inoltre, la conformità', 'Inoltre, la rigorosa governance e la compliance garantite dagli standard Kyoto 2.0 e dalla blockchain Bit-Energy assicurano trasparenza, auditabilità e fiducia per tutti gli attori coinvolti, consolidando il ruolo di AETERNA come infrastruttura di riferimento per la transizione energetica digitale.', 'Fattibilità tecnica (compatibilità architetturale, costi, rischi)\n\nCoerenza con la missione AETERNA (allineamento policy Kyoto 2.0, sostenibilità, sicurezza)\n\nInnovatività (grado di novità rispetto allo stato dell’arte AETERNA)\n\nRisorse richieste (umane, tecnologiche, finanziarie)\n\nL’esito (approvazione, richiesta di revisione, rigetto) viene notarizzato su blockchain Bit-Energy, associando la decisione al Proposal_ID e generando un Audit_Reference univoco.\n\ne. Implementazione e Monitoraggio\n\nLe proposte approvate entrano nel backlog di sviluppo, con tracciamento tramite External_Contributor_ID e aggiornamento continuo dello stato via dashboard Kibana.']"
"In che modo il ciclo di vita degli articoli della knowledge base di AETERNA garantisce la qualità, la tracciabilità e la compliance delle informazioni, considerando le fasi di raccolta, redazione, validazione, notarizzazione e distribuzione?","Il ciclo di vita degli articoli della knowledge base di AETERNA garantisce la qualità attraverso la redazione da parte di esperti tematici, la revisione incrociata tramite workflow Git (pull request, code review) e la validazione finale prima della pubblicazione, con generazione automatica di changelog e versionamento incrementale. La tracciabilità è assicurata dal sistema di versioning e revisione, dove ogni articolo è tracciato tramite metadati (`material_id`, `version`, `author_id`, `tag`, `timestamp`), e da un audit trail notarizzato su blockchain Bit-Energy che registra tutte le revisioni con hash dei contenuti e metadati di revisione. La compliance è garantita tramite audit periodici per l’allineamento agli standard Kyoto 2.0, logging dettagliato di tutte le operazioni, autenticazione e autorizzazione avanzate (OAuth2.0/SAML2.0), e backup periodici. La distribuzione avviene tramite indicizzazione immediata su ElasticSearch, aggiornamento dei dataset del chatbot AI e notifiche automatiche agli utenti interessati.",difficile,"Il ciclo di vita degli articoli della knowledge base di AETERNA garantisce qualità, tracciabilità e compliance delle informazioni attraverso una gestione strutturata e conforme agli standard del progetto, articolata nelle seguenti fasi:

**1. Raccolta:**  
Le informazioni vengono raccolte da fonti qualificate e documentate, assicurando che i contenuti siano aggiornati, pertinenti e rispondenti alle esigenze dell’ecosistema AETERNA. Ogni fonte viene registrata per garantire la tracciabilità dell’origine dei dati.

**2. Redazione:**  
La stesura degli articoli segue linee guida editoriali definite, che includono criteri di chiarezza, completezza e coerenza terminologica. Ogni modifica o aggiornamento viene tracciato tramite sistemi di versionamento, consentendo la ricostruzione storica di ogni articolo.

**3. Validazione:**  
Prima della pubblicazione, gli articoli sono sottoposti a un processo di revisione da parte di esperti e referenti di dominio. Questo step assicura la qualità tecnica e la conformità agli standard di auditabilità e compliance previsti dal Progetto AETERNA.

**4. Notarizzazione:**  
Una volta validato, ogni articolo viene notarizzato tramite sistemi di registrazione immutabile (ad esempio, blockchain o registri distribuiti), che certificano l’integrità e la data di pubblicazione. Questo garantisce la non ripudiabilità e la tracciabilità delle informazioni.

**5. Distribuzione:**  
Gli articoli vengono resi accessibili tramite la knowledge base centralizzata, con sistemi di controllo degli accessi e log di consultazione. Questo assicura la trasparenza nella fruizione e la possibilità di audit sulle consultazioni e sugli aggiornamenti.

**In sintesi:**  
L’intero ciclo di vita, dalla raccolta alla distribuzione, è progettato per garantire che ogni informazione sia di alta qualità, tracciabile in ogni sua modifica e conforme ai requisiti di compliance e auditabilità del Progetto AETERNA. La gestione avanzata e strutturata della knowledge base rappresenta così un elemento chiave per la resilienza e la trasparenza dell’ecosistema.","[0.3450101613998413, 0.35082900524139404, 0.35839545726776123]","['synthetic_data_AETERNA\\Volume_15_formazione,_supporto_e_community.md:0:64', 'synthetic_data_AETERNA\\Volume_15_formazione,_supporto_e_community.md:0:105', 'synthetic_data_AETERNA\\Volume_16_sostenibilità_ambientale_e_impatto_sociale.md:0:3']","['di tali eventi, dalla pianificazione all’archiviazione, è fondamentale per garantire qualità, tracciabilità e accessibilità dei contenuti formativi, allineandosi agli standard di auditabilità e compliance definiti dal Progetto AETERNA.', 'In sintesi, la gestione avanzata delle FAQ e della knowledge base costituisce un elemento abilitante per la resilienza, la trasparenza e la crescita sostenibile dell’ecosistema AETERNA.\n\nCapitolo 8: Analisi dei Feedback e Miglioramento Continuo\n\nIntroduzione Teorica', 'Specifiche Tecniche e Protocolli\n\n1. Scomposizione del Ciclo di Vita\n\nLa metodologia adottata nel Progetto AETERNA prevede la scomposizione del ciclo di vita di ciascun componente in quattro fasi principali:\n\nProduzione: Include estrazione e lavorazione delle materie prime, assemblaggio, test di qualità e packaging.\n\nTrasporto: Comprende tutte le operazioni logistiche dal sito di produzione fino all’installazione presso il nodo di destinazione (Edge, Fog o Cloud).\n\nUtilizzo: Riguarda l’intero periodo operativo del componente, includendo consumi energetici, manutenzione, sostituzioni parziali e aggiornamenti firmware/software.']"
Qual è il costo medio annuale per la notarizzazione dei feedback su blockchain Bit-Energy nell’ambito del Progetto AETERNA?,L'informazione non è disponibile nel testo,impossibile,"In base al contesto fornito, non sono presenti dati specifici o stime numeriche riguardanti il costo medio annuale per la notarizzazione dei feedback su blockchain Bit-Energy nell’ambito del Progetto AETERNA. Il testo descrive l’impatto, la fattibilità tecnica e i benefici della notarizzazione, ma non riporta informazioni quantitative sui costi. Pertanto, non è possibile determinare il costo medio annuale sulla base delle informazioni disponibili.","[0.32580626010894775, 0.33414143323898315, 0.3396022319793701]","['synthetic_data_AETERNA\\Volume_15_formazione,_supporto_e_community.md:0:117', 'synthetic_data_AETERNA\\Volume_09_governance_e_modelli_di_partecipazione.md:0:120', 'synthetic_data_AETERNA\\Volume_15_formazione,_supporto_e_community.md:0:43']","['Impatto\n\nL’implementazione di una pipeline strutturata per l’analisi dei feedback e il miglioramento continuo genera impatti sostanziali su più livelli del Progetto AETERNA:\n\nAdattività e reattività: la capacità di identificare tempestivamente criticità e opportunità consente al framework di evolvere in modo coerente con le esigenze reali degli utenti e dei diversi livelli architetturali (edge, fog, cloud).\n\nAumento della fiducia e trasparenza: la notarizzazione su blockchain Bit-Energy e la pubblicazione delle roadmap incrementano la trasparenza e la responsabilizzazione verso la community, rafforzando la governance decentralizzata.', 'Fattibilità tecnica (compatibilità architetturale, costi, rischi)\n\nCoerenza con la missione AETERNA (allineamento policy Kyoto 2.0, sostenibilità, sicurezza)\n\nInnovatività (grado di novità rispetto allo stato dell’arte AETERNA)\n\nRisorse richieste (umane, tecnologiche, finanziarie)\n\nL’esito (approvazione, richiesta di revisione, rigetto) viene notarizzato su blockchain Bit-Energy, associando la decisione al Proposal_ID e generando un Audit_Reference univoco.\n\ne. Implementazione e Monitoraggio\n\nLe proposte approvate entrano nel backlog di sviluppo, con tracciamento tramite External_Contributor_ID e aggiornamento continuo dello stato via dashboard Kibana.', 'Impatto\n\nL’adozione di una piattaforma collaborativa modulare, integrata con workflow automatizzati, sistemi di gamification e notarizzazione blockchain, produce un impatto sistemico su più livelli:\n\nSostenibilità e Innovazione Continua: La community diventa motore di evoluzione funzionale, garantendo che il sistema AETERNA resti aderente alle esigenze reali e sia in grado di recepire rapidamente nuove idee, mitigando il rischio di obsolescenza tecnologica.\n\nTrasparenza e Accountability: La tracciabilità end-to-end di ogni contributo, con audit trail immutabile su Bit-Energy Blockchain, rafforza la fiducia degli utenti e la compliance agli standard Kyoto 2.0, rendendo ogni decisione e sviluppo verificabile a posteriori.']"
Quale badge viene assegnato a un utente che segnala un bug validato e risolto dal team?,Bug Hunter,facile,Il badge assegnato a un utente che segnala un bug validato e risolto dal team è **Bug Hunter**.,"[0.4287732243537903, 0.5208000540733337, 0.5256496667861938]","['synthetic_data_AETERNA\\Volume_15_formazione,_supporto_e_community.md:0:127', 'synthetic_data_AETERNA\\Volume_15_formazione,_supporto_e_community.md:0:131', 'synthetic_data_AETERNA\\Volume_15_formazione,_supporto_e_community.md:0:126']","['Nome Badge/Premio Descrizione Criteri di Assegnazione Valore XP Premi Virtuali Pioniere del Feedback Primo feedback inviato su una nuova funzionalità Invio feedback su feature entro 7 giorni dal rilascio 50 Icona profilo esclusiva Bug Hunter Segnalazione di bug validata e risolta Segnalazione confermata e fixata dal team 100 Accesso beta feature Mentore della Community Aiuto fornito ad altri utenti (risposte accettate su forum/chat) Almeno 10 risposte accettate in 30 giorni 150 Badge dorato, XP bonus Innovatore Proposta di miglioramento accettata e implementata Proposta discussa, votata e integrata nella roadmap 200 NFT commemorativo Partecipante Attivo Partecipazione a webinar/eventi ufficiali Presenza verificata ad almeno 3 webinar in 60 giorni 75 Sfondi dashboard unici Ambasciatore', 'Tabella – Mappatura Badge/Premi e Criteri\n\nBadge/Premio Evento Trigger Validazione Output su Blockchain Output Dashboard Pioniere del Feedback Feedback su nuova feature Timestamp, univocità Sì (milestone) Sì Bug Hunter Segnalazione bug Validazione team Sì Sì Mentore della Community Risposta accettata Accettazione da utente No Sì Innovatore Proposta implementata Votazione, roadmap Sì Sì Partecipante Attivo Presenza webinar Log accessi No Sì Ambasciatore AETERNA Referral attivo Attività referral Sì Sì Custode della Qualità Review accettata Validazione team No Sì Top Contributor Mensile XP aggregato Calcolo automatico Sì Sì Sostenitore Storico Attività continuativa Verifica cronologia Sì Sì\n\nImpatto', 'Ogni utente può accedere a una dashboard dettagliata che mostra: badge ottenuti, XP accumulati, livello attuale, progressi verso i prossimi obiettivi, storico delle attività premiate.\n\nPossibilità di opt-in/opt-out per la visualizzazione pubblica dei badge e dei progressi.\n\nBadge, Premi e Criteri di Assegnazione']"
"In che modo la piattaforma AETERNA garantisce sia la localizzazione dei contenuti che l’accessibilità per utenti con diverse abilità, considerando sia l’architettura tecnica che i flussi di validazione e testing?","La piattaforma AETERNA garantisce la localizzazione dei contenuti tramite un’architettura tecnica che prevede l’uso di react-intl sul frontend per la gestione delle stringhe localizzate, i18next e gettext sul backend per messaggi di sistema e log multilingua, e microservizi che accettano header Accept-Language per restituire messaggi localizzati. La localizzazione è supportata da pipeline CI/CD che rilevano nuove stringhe, attivano la traduzione automatica (DeepL API, Google Translate), coinvolgono revisori umani tramite Crowdin per la validazione e pubblicano i bundle linguistici aggiornati con hot reload senza riavvio dei servizi. Tutti i materiali formativi e di supporto sono prodotti in formato accessibile e multilingua, con revisione umana obbligatoria per i contenuti critici.

Per l’accessibilità, la piattaforma adotta rigorosamente le linee guida WCAG 2.1, implementando interfacce compatibili con screen reader (ARIA landmarks), immagini con descrizioni alternative, video sottotitolati e trascritti, navigazione completa tramite tastiera, shortcut configurabili, layout consistenti, messaggi di errore localizzati, tema ad alto contrasto, font ad alta leggibilità (OpenDyslexic), supporto a zoom fino al 400%, e modalità dislessia. Tutti i materiali didattici sono accessibili (PDF/UA, sottotitoli, trascrizioni).

I flussi di validazione e testing prevedono test automatici di accessibilità (axe-core, pa11y) integrati nelle pipeline CI/CD, sessioni periodiche di test manuali con utenti reali (inclusi utenti con disabilità), audit annuali con enti terzi specializzati e pubblicazione di report e ticket di miglioramento. La personalizzazione della lingua e delle modalità di accessibilità è persistente sul profilo utente, e tutte le notifiche e i materiali di supporto sono forniti nella lingua preferita e in formato accessibile.",media,"La piattaforma AETERNA garantisce la localizzazione dei contenuti e l’accessibilità per utenti con diverse abilità attraverso un approccio integrato che coinvolge sia l’architettura tecnica sia processi strutturati di validazione e testing. Ecco come:

**1. Architettura tecnica per localizzazione e accessibilità**
- **Modello di localizzazione continua:** La piattaforma adotta un modello che permette l’aggiornamento costante dei contenuti multilingua, non limitandosi alla semplice traduzione testuale ma includendo l’adattamento culturale e la coerenza terminologica. Questo modello è supportato da strumenti e workflow che integrano la localizzazione direttamente nel ciclo di sviluppo e rilascio della piattaforma.
- **Revisione umana centralizzata:** Oltre agli strumenti automatici, è previsto un processo di revisione centralizzato che assicura la qualità e la correttezza dei contenuti localizzati, anche in caso di espansione geografica o aggiornamenti frequenti.
- **Portale documentale accessibile:** La documentazione tecnica è pubblicata su un portale web open-source (es. Docusaurus o MkDocs), containerizzato e orchestrato secondo pratiche DevOps. Queste piattaforme supportano nativamente la gestione multilingua e sono progettate per essere accessibili, facilitando l’adozione di standard come WCAG (Web Content Accessibility Guidelines).

**2. Personalizzazione e accessibilità per diverse abilità**
- **Personalizzazione dell’esperienza utente:** Gli utenti possono selezionare la lingua preferita e personalizzare modalità di accesso come contrasto, font e modalità di navigazione, migliorando la fruibilità per persone con disabilità visive, cognitive o motorie.
- **Accessibilità come requisito strutturale:** L’accessibilità non è trattata come un’opzione, ma come un requisito fondamentale. Tutte le componenti della piattaforma, dai nodi Edge (H-Node) ai servizi Cloud, sono progettate per garantire la piena fruibilità da parte di utenti con diverse abilità.

**3. Flussi di validazione e testing**
- **Testing continuo:** Sono previsti flussi di validazione automatica e manuale per verificare sia la correttezza della localizzazione sia la conformità agli standard di accessibilità. Questo include test con strumenti automatici (es. validatori WCAG) e sessioni di user testing con persone con disabilità.
- **Revisione centralizzata:** Il processo di revisione umana centralizzata consente di intercettare e correggere eventuali criticità emerse durante il testing, assicurando che i contenuti siano sempre aggiornati, coerenti e accessibili.

**4. Responsabilità etica e inclusività**
- L’approccio adottato rafforza la responsabilità sociale del progetto, posizionando AETERNA come riferimento in termini di innovazione inclusiva e garantendo la partecipazione paritaria di tutti gli utenti all’ecosistema energetico decentralizzato.

**In sintesi:**  
AETERNA integra localizzazione e accessibilità a livello architetturale e di processo, con strumenti tecnici, personalizzazione dell’esperienza utente, validazione continua e revisione centralizzata, assicurando così che ogni utente possa accedere e interagire efficacemente con la piattaforma, indipendentemente da lingua o abilità.","[0.22654777765274048, 0.24968135356903076, 0.3091893792152405]","['synthetic_data_AETERNA\\Volume_15_formazione,_supporto_e_community.md:0:147', 'synthetic_data_AETERNA\\Volume_15_formazione,_supporto_e_community.md:0:134', 'synthetic_data_AETERNA\\Volume_15_formazione,_supporto_e_community.md:0:48']","['Scalabilità e Manutenibilità: Il modello di localizzazione continua e la revisione umana centralizzata consentono di mantenere elevata la qualità dei contenuti anche in caso di espansione geografica o aggiornamenti frequenti della piattaforma.\n\nEsperienza Utente Ottimale: La possibilità di personalizzare lingua e modalità di accesso (contrasto, font, navigazione) aumenta la soddisfazione e la fidelizzazione degli utenti, incentivando l’adozione della piattaforma e dei suoi servizi.\n\nResponsabilità Etica: Il progetto si posiziona come riferimento in termini di responsabilità sociale e innovazione inclusiva, rafforzando la reputazione di AETERNA e la sua accettazione presso comunità, enti pubblici e partner industriali.', 'L’inclusività rappresenta un pilastro fondamentale nell’architettura della piattaforma AETERNA, in quanto abilitatrice di una partecipazione ampia e paritaria all’ecosistema energetico decentralizzato. Il supporto multilingua e l’accessibilità non sono considerati meri optional, bensì requisiti strutturali per garantire che ogni utente, indipendentemente dalla lingua parlata o dalle proprie abilità fisiche, cognitive o sensoriali, possa interagire efficacemente con tutte le componenti della piattaforma, dai nodi Edge (H-Node) fino ai servizi Cloud. La localizzazione non si limita alla mera traduzione testuale, ma comprende l’adattamento culturale, la coerenza terminologica e la piena fruibilità dei contenuti formativi e', 'Specifiche Tecniche e Protocolli\n\n1. Portale di Accesso e Architettura della Documentazione\n\nLa documentazione tecnica pubblica di AETERNA è accessibile tramite un portale web dedicato, realizzato su piattaforma open-source (es. Docusaurus o MkDocs), containerizzato e orchestrato secondo le linee guida DevOps già adottate dal progetto. Il portale implementa:\n\nAutenticazione federata: Basata su protocollo OAuth 2.0, integrata con i provider SSO (SAML 2.0) già in uso, garantendo un’esperienza seamless per gli utenti interni ed esterni.']"
"Quali sono le principali strategie implementate dal Progetto AETERNA per garantire la riduzione dell’impatto ambientale lungo l’intero ciclo di vita dei componenti, e in che modo l’integrazione della metodologia LCA nei processi decisionali contribuisce sia alla conformità normativa sia all’innovazione sostenibile nelle micro-reti energetiche urbane?","Le principali strategie implementate dal Progetto AETERNA per ridurre l’impatto ambientale lungo l’intero ciclo di vita dei componenti includono: la scomposizione del ciclo di vita in quattro fasi (produzione, trasporto, utilizzo, fine vita) con raccolta e analisi di parametri quantitativi come consumo energetico, emissioni di gas serra, utilizzo di risorse idriche, produzione di rifiuti e impatto sulla biodiversità; l’adozione di materiali certificati a basso impatto (biopolimeri, alluminio riciclato, PCB RoHS-compliant); la modularità dei componenti per favorire sostituzioni e riciclo; l’uso di packaging riciclabile e tracciabile; la preferenza per fornitori locali per ridurre le emissioni da trasporto; audit LCA periodici e tracciabilità tramite identificativi univoci; e l’obbligo di remediation per componenti che superano le soglie di impatto definite dagli standard Kyoto 2.0 e Bit-Energy.

L’integrazione della metodologia LCA nei processi decisionali contribuisce alla conformità normativa assicurando che i risultati delle analisi siano verificati rispetto agli standard Kyoto 2.0 e Bit-Energy, con audit regolari e monitoraggio dei parametri chiave. Inoltre, favorisce l’innovazione sostenibile guidando le scelte progettuali verso materiali e processi a basso impatto, promuovendo la modularità, il riciclo e l’adozione di modelli di economia circolare nelle micro-reti energetiche urbane.",difficile,"Le principali strategie implementate dal Progetto AETERNA per garantire la riduzione dell’impatto ambientale lungo l’intero ciclo di vita dei componenti sono:

1. **Adozione sistemica della metodologia LCA (Life Cycle Assessment):**  
   Il progetto utilizza la LCA come strumento metodologico per quantificare, analizzare e minimizzare gli impatti ambientali associati ai componenti, dalla fase di estrazione delle materie prime fino alla dismissione e al riciclo. Questo approccio consente di identificare le fasi più critiche in termini di impatto e di intervenire con azioni mirate di miglioramento.

2. **Eco-design orientato alla sostenibilità:**  
   L’approccio sistemico all’eco-design è un prerequisito del progetto, volto a integrare criteri ambientali già nelle prime fasi di progettazione. Le scelte progettuali sono guidate dai risultati della LCA, favorendo l’uso di materiali riciclabili, la modularità dei componenti e la riduzione dei rifiuti elettronici.

3. **Definizione e rispetto di soglie di conformità stringenti:**  
   Il progetto si attiene a parametri quantitativi precisi (come da tabella), tra cui:
   - Emissioni totali di CO₂eq ≤ 50 kg/anno per componente
   - Rifiuti elettronici ≤ 0,5 kg/anno
   - Materiali non riciclabili <10% del peso totale
   - Consumo idrico ≤ 200 litri/anno  
   Queste soglie sono monitorate tramite audit e controlli periodici, con penalità per i fornitori non conformi.

4. **Modularità e strategie di riciclo:**  
   La modularità obbligatoria facilita la manutenzione, l’aggiornamento e il riciclo dei componenti, riducendo la produzione di rifiuti e prolungando la vita utile dei sistemi.

5. **Monitoraggio avanzato e automazione intelligente:**  
   L’integrazione di tecnologie di monitoraggio e automazione consente di ottimizzare i consumi energetici e idrici, riducendo sprechi e migliorando l’efficienza operativa delle micro-reti.

**Contributo della LCA alla conformità normativa e all’innovazione sostenibile:**

- **Conformità normativa:**  
  L’integrazione della LCA nei processi decisionali permette di verificare in modo oggettivo e trasparente il rispetto delle soglie imposte dalle direttive Kyoto 2.0 e dagli standard Bit-Energy. La raccolta rigorosa di dati quantitativi e la rendicontazione periodica (audit, monitoraggi) assicurano la tracciabilità e la conformità lungo tutta la filiera produttiva.

- **Innovazione sostenibile:**  
  L’uso della LCA orienta le scelte progettuali verso soluzioni a minore impatto ambientale, stimolando l’adozione di materiali innovativi, processi produttivi più puliti e strategie di economia circolare. Inoltre, la governance basata su indicatori chiave di performance (KPI) e architetture digitali interoperabili favorisce un miglioramento continuo, rendendo le micro-reti urbane più resilienti, efficienti e sostenibili nel tempo.

In sintesi, la metodologia LCA, integrata nei processi decisionali del Progetto AETERNA, è il fulcro sia della conformità alle normative ambientali sia della promozione di innovazione sostenibile nelle micro-reti energetiche urbane.","[0.1898595094680786, 0.27932512760162354, 0.2900579571723938]","['synthetic_data_AETERNA\\Volume_16_sostenibilità_ambientale_e_impatto_sociale.md:0:1', 'synthetic_data_AETERNA\\Volume_16_sostenibilità_ambientale_e_impatto_sociale.md:0:11', 'synthetic_data_AETERNA\\Volume_16_sostenibilità_ambientale_e_impatto_sociale.md:0:71']","['Nel quadro delle architetture decentralizzate per micro-reti energetiche urbane, l’adozione di un approccio sistemico all’eco-design si configura come prerequisito imprescindibile per la sostenibilità a lungo termine. Il Progetto AETERNA, in linea con le direttive Kyoto 2.0 e gli standard interni Bit-Energy, integra la valutazione del ciclo di vita (Life Cycle Assessment, LCA) come strumento metodologico per quantificare, analizzare e minimizzare gli impatti ambientali associati ai suoi componenti. Tale valutazione, fondata sulle best practice internazionali e su una rigorosa raccolta di dati quantitativi, si estende dall’estrazione delle materie prime fino alle strategie di dismissione e riciclo, con l’obiettivo di orientare le scelte progettuali verso una', 'Tabella – Soglie di Conformità Kyoto 2.0/Bit-Energy\n\nParametro Soglia massima consentita (per componente) Note di conformità Emissioni CO₂eq totali 50 kg CO₂eq/anno Audit annuale obbligatorio Rifiuti elettronici 0.5 kg/anno Modularità obbligatoria Materiali non riciclabili <10% peso totale Penalità su fornitori Consumo idrico 200 litri/anno Monitoraggio trimestrale\n\nImpatto\n\nL’adozione sistematica della metodologia LCA nel Progetto AETERNA ha prodotto benefici tangibili sia in termini di riduzione dell’impatto ambientale sia di governance della filiera produttiva. L’integrazione dei risultati LCA nei processi decisionali ha consentito di:', 'L’efficienza energetica, nel contesto del Progetto AETERNA, costituisce una leva strategica per la realizzazione di micro-reti urbane resilienti e sostenibili, in grado di minimizzare l’impatto ambientale e ottimizzare la gestione delle risorse. L’approccio adottato si fonda sull’integrazione sistemica di tecnologie di monitoraggio avanzate, automazione intelligente e revisione dei workflow operativi, al fine di ridurre i consumi superflui e massimizzare la resa degli apparati e degli edifici. In quest’ottica, l’efficienza non è solo un obiettivo tecnico, ma un processo dinamico di adattamento e miglioramento continuo, monitorato tramite indicatori chiave di performance (KPI) e supportato da architetture digitali interoperabili, in linea con gli standard']"
Qual è il costo medio annuale per la manutenzione dei sensori IoT utilizzati per il monitoraggio dei consumi energetici nei tre livelli dell’architettura AETERNA?,L'informazione non è disponibile nel testo,impossibile,"In base al contesto fornito, non sono presenti dati specifici o stime numeriche riguardanti il costo medio annuale per la manutenzione dei sensori IoT utilizzati nell’architettura AETERNA. Il testo descrive l’importanza dell’ottimizzazione dei costi operativi e l’adozione di strumenti avanzati di monitoraggio, ma non riporta valori economici o parametri quantitativi relativi alla manutenzione dei sensori nei livelli Edge, Fog o Cloud. 

Per ottenere una stima precisa del costo medio annuale di manutenzione, sarebbero necessari ulteriori dettagli tecnici e finanziari non presenti nel contesto attuale.","[0.354170560836792, 0.36304771900177, 0.3646661043167114]","['synthetic_data_AETERNA\\Volume_11_integrazione_con_le_energie_rinnovabili.md:0:99', 'synthetic_data_AETERNA\\Volume_11_integrazione_con_le_energie_rinnovabili.md:0:100', 'synthetic_data_AETERNA\\Volume_20_business_model,_scalabilità_e_sostenibilità_economica.md:0:72']","['1. Introduzione Teorica\n\nIl monitoraggio continuo e l’analisi predittiva costituiscono pilastri essenziali nella gestione proattiva delle infrastrutture energetiche rinnovabili all’interno del Progetto AETERNA. In un contesto caratterizzato da micro-reti eterogenee, la capacità di rilevare tempestivamente anomalie, prevedere guasti e ottimizzare la manutenzione rappresenta un fattore abilitante per l’autarchia energetica urbana e la massimizzazione dell’affidabilità delle risorse. L’approccio AETERNA si fonda sull’integrazione di sensori IoT distribuiti, piattaforme di data analytics avanzate e algoritmi di machine learning, in un’architettura multilivello che valorizza la sinergia tra Edge, Fog e Cloud.', '2. Specifiche Tecniche e Protocolli\n\n2.1 Architettura del Monitoraggio\n\nIl sistema di monitoraggio AETERNA si articola su tre livelli funzionali:\n\nEdge: Sensori IoT (temperatura, vibrazione, corrente, tensione, stato di carica, etc.) e smart meter installati su H-Node domestici e asset di generazione/distribuzione. Questi dispositivi eseguono un primo filtraggio ed elaborazione locale (pre-processing, feature extraction) tramite microcontrollori e firmware dedicati.\n\nFog: Gateway di quartiere aggregano i dati provenienti dai nodi edge, applicano logiche di data fusion e forwarding intelligente, e gestiscono la sincronizzazione temporale (NTP, PTP) e la compressione dei dati.', 'L’ottimizzazione dei costi operativi rappresenta un asse portante per la sostenibilità a lungo termine e la competitività del Progetto AETERNA. In un contesto di micro-reti energetiche urbane, caratterizzato da elevata dinamicità e complessità infrastrutturale, la riduzione sistematica degli sprechi, delle inefficienze e dei costi ricorrenti è un obiettivo imprescindibile. L’approccio adottato da AETERNA si fonda su una combinazione sinergica di automazione, standardizzazione e adozione di strumenti di monitoring avanzati, supportati da una infrastruttura cloud elastica e da componenti di intelligenza artificiale. L’analisi e il controllo in tempo reale delle principali voci di spesa, abilitati da dashboard analitiche, consentono una gestione']"
Quali sono le tre direttrici principali su cui si articola la strategia di inclusione dell’architettura AETERNA?,"universalità dell’accesso, adattabilità alle condizioni locali e governance partecipativa",facile,"Le tre direttrici principali su cui si articola la strategia di inclusione dell’architettura AETERNA sono:

1. Universalità dell’accesso  
2. Adattabilità alle condizioni locali  
3. Governance partecipativa, con particolare attenzione alle fasce vulnerabili","[0.2538154721260071, 0.342332124710083, 0.3685932159423828]","['synthetic_data_AETERNA\\Volume_16_sostenibilità_ambientale_e_impatto_sociale.md:0:28', 'synthetic_data_AETERNA\\Volume_15_formazione,_supporto_e_community.md:0:134', 'synthetic_data_AETERNA\\Volume_18_evoluzione_tecnologica_e_roadmap_di_ricerca.md:0:43']","['L’inclusione sociale e l’accessibilità costituiscono pilastri fondanti dell’architettura AETERNA, orientando la progettazione verso una democratizzazione dell’accesso energetico che trascenda barriere geografiche, socioeconomiche e infrastrutturali. In linea con le direttive interne Kyoto 2.0 e i principi di sostenibilità, il framework AETERNA adotta un approccio olistico che integra tecnologie avanzate, ridondanza sistemica e automazione intelligente per garantire una fornitura energetica affidabile, sicura e sostenibile a tutti gli utenti. La strategia di inclusione si articola su tre direttrici principali: universalità dell’accesso, adattabilità alle condizioni locali e governance partecipativa, con particolare attenzione alle fasce vulnerabili', 'L’inclusività rappresenta un pilastro fondamentale nell’architettura della piattaforma AETERNA, in quanto abilitatrice di una partecipazione ampia e paritaria all’ecosistema energetico decentralizzato. Il supporto multilingua e l’accessibilità non sono considerati meri optional, bensì requisiti strutturali per garantire che ogni utente, indipendentemente dalla lingua parlata o dalle proprie abilità fisiche, cognitive o sensoriali, possa interagire efficacemente con tutte le componenti della piattaforma, dai nodi Edge (H-Node) fino ai servizi Cloud. La localizzazione non si limita alla mera traduzione testuale, ma comprende l’adattamento culturale, la coerenza terminologica e la piena fruibilità dei contenuti formativi e', 'per garantire la resilienza, la scalabilità e la compliance dell’intero ecosistema AETERNA.']"
In che modo il processo di raccolta dati multi-livello e la successiva analisi tramite SROI e SCBA contribuiscono a garantire la coerenza con i principi di inclusione e trasparenza nell’ambito del Progetto AETERNA?,"Il processo di raccolta dati multi-livello nel Progetto AETERNA prevede la raccolta di dati primari (questionari digitali, interviste qualitative, log di utilizzo anonimizzati) e secondari (statistiche demografiche, report di audit esterni, analisi comparative), garantendo così una rappresentazione ampia e diversificata delle esperienze e dei bisogni degli stakeholder. L’analisi tramite SROI e SCBA consente di valutare sia i benefici tangibili che intangibili, monetizzando gli outcome sociali e bilanciando costi e benefici, inclusi aspetti come la coesione sociale e l’empowerment digitale. La trasparenza è assicurata dalla generazione automatica di report periodici, dalla tracciabilità dei dati tramite audit trail e dalla segmentazione degli accessi, mentre l’inclusione è promossa attraverso canali accessibili (dashboard compatibili WCAG 2.1, supporto offline, chatbot multilingua) e indicatori specifici (tasso di inclusione digitale, riduzione del digital divide, adozione kit in contesti vulnerabili). Questo approccio strutturato permette un monitoraggio continuo, la partecipazione attiva degli stakeholder e la revisione iterativa delle strategie, garantendo coerenza con i principi di inclusione e trasparenza propri del Progetto AETERNA.",media,"Nel contesto del Progetto AETERNA, il processo di raccolta dati multi-livello, integrato con l’analisi tramite SROI (Social Return on Investment) e SCBA (Social Cost-Benefit Analysis), contribuisce in modo sostanziale a garantire coerenza con i principi di inclusione e trasparenza attraverso diversi meccanismi:

1. **Inclusione**  
La raccolta dati multi-livello prevede il coinvolgimento sistematico di una pluralità di stakeholder (comunità locali, istituzioni, partner industriali, utenti finali) in tutte le fasi del progetto. Questo approccio consente di:
   - Raccogliere esigenze, aspettative e feedback da fonti eterogenee, assicurando che le diverse prospettive siano rappresentate e valorizzate.
   - Favorire la co-progettazione di soluzioni, rendendo i processi decisionali più partecipativi e adattivi alle reali necessità dei portatori di interesse.
   - Ridurre il rischio di esclusione di gruppi minoritari o meno rappresentati, grazie a una mappatura capillare e strutturata dei dati.

2. **Trasparenza**  
L’analisi SROI e SCBA, applicata ai dati raccolti, introduce metriche oggettive e tracciabili per valutare l’impatto sociale, ambientale ed economico delle iniziative. In particolare:
   - La metodologia SROI quantifica il valore generato per gli stakeholder, rendendo espliciti i benefici e i trade-off delle scelte progettuali.
   - La SCBA permette di confrontare costi e benefici in modo trasparente, documentando le assunzioni e i criteri di valutazione adottati.
   - L’utilizzo di strumenti digitali (blockchain, repository versionati) garantisce la tracciabilità delle fonti dati e delle analisi, rendendo accessibili i risultati e i processi di calcolo a tutti gli stakeholder.

3. **Accountability e miglioramento continuo**  
La combinazione di raccolta dati multi-livello e analisi SROI/SCBA supporta la rendicontazione trasparente verso gli stakeholder e facilita la revisione periodica delle strategie, promuovendo un ciclo virtuoso di miglioramento continuo e adattamento alle esigenze emergenti.

**In sintesi:**  
Il processo descritto assicura che le decisioni del Progetto AETERNA siano basate su dati rappresentativi e analisi trasparenti, rafforzando la fiducia degli stakeholder e garantendo che i principi di inclusione e trasparenza siano effettivamente integrati nella governance e nell’operatività del progetto.","[0.3648539185523987, 0.3681166172027588, 0.36981940269470215]","['synthetic_data_AETERNA\\Volume_16_sostenibilità_ambientale_e_impatto_sociale.md:0:139', 'synthetic_data_AETERNA\\Volume_16_sostenibilità_ambientale_e_impatto_sociale.md:0:84', 'synthetic_data_AETERNA\\Volume_19_aspetti_legali,_regolatori_e_normativi.md:0:73']","['L’adozione di una struttura di governance multilivello, integrata con processi di audit e reporting trasparenti, ha un impatto determinante sulla sostenibilità e sulla reputazione del Progetto AETERNA. La formalizzazione delle responsabilità e la tracciabilità delle decisioni, garantite dalla combinazione di standard internazionali e strumenti digitali (blockchain, AI, repository versionati), assicurano un elevato livello di accountability verso tutti gli stakeholder, facilitando la gestione proattiva dei rischi normativi e la pronta risposta ai cambiamenti legislativi. L’integrazione dei processi di compliance con la piattaforma formativa e i sistemi di monitoraggio comporta un innalzamento della cultura organizzativa in materia di sostenibilità, sicurezza e responsabilità sociale, promuovendo', 'Il coinvolgimento sistematico e strutturato degli stakeholder rappresenta un pilastro metodologico imprescindibile per la riuscita e la sostenibilità del Progetto AETERNA. In un contesto caratterizzato da elevata complessità socio-tecnica, la partecipazione attiva di comunità locali, istituzioni pubbliche, partner industriali e utenti finali non solo consente di identificare e anticipare esigenze specifiche, ma costituisce anche un fattore abilitante per la co-progettazione di soluzioni resilienti e adattive. L’approccio adottato si fonda su paradigmi di open innovation, governance distribuita e accountability, con l’obiettivo di promuovere trasparenza, inclusività e responsabilità condivisa. La gestione delle aspettative e la valutazione dell’impatto', 'L’implementazione rigorosa delle specifiche contrattuali e degli SLA descritti in questo capitolo produce un impatto determinante sull’affidabilità, la trasparenza e la scalabilità del Progetto AETERNA. La formalizzazione di responsabilità, metriche e penali, unita all’integrazione di allegati tecnici (Registro Licenze, SBOM, Matrice di Compatibilità), consente di minimizzare i rischi operativi e legali, garantendo la conformità agli standard interni (Kyoto 2.0, Bit-Energy) e alle normative di settore. I meccanismi di revisione automatizzata e auditabilità su blockchain assicurano la tracciabilità delle modifiche e la tempestiva gestione delle anomalie, rendendo la piattaforma idonea a scenari multi-cloud e multi-fornitore ad alta complessità. In ultima']"
"Quali sono le principali tecnologie e protocolli utilizzati nel sistema AETERNA per garantire la tracciabilità, la sicurezza e la certificazione del ciclo di vita dei rifiuti elettronici, e come queste soluzioni si integrano nei processi di identificazione, raccolta, riciclo e reporting, assicurando la conformità agli standard Kyoto 2.0 e Bit-Energy?","Le principali tecnologie e protocolli utilizzati nel sistema AETERNA per garantire la tracciabilità, la sicurezza e la certificazione del ciclo di vita dei rifiuti elettronici sono:

- Tag RFID univoci (standard ISO/IEC 18000-3) associati a identificativi blockchain (hash SHA-256) per l’identificazione e la classificazione dei dispositivi.
- Blockchain privata (consenso Proof-of-Authority, standard Bit-Energy) per la registrazione immutabile di tutti gli eventi rilevanti (dismissione, trasporto, riciclo), garantendo auditabilità e trasparenza.
- API RESTful sicure (cifratura AES-256/TLS 1.3, autenticazione MFA) per la comunicazione tra Edge, Fog, Cloud e consorzi partner.
- Audit trail accessibile tramite dashboard web/mobile, con segmentazione degli accessi e associazione di ogni evento a un UUID anonimo, in conformità con le policy di privacy e sicurezza definite dal protocollo Kyoto 2.0.
- Sensori di riconoscimento materiali e checklist digitali per la verifica automatica e manuale della corretta separazione delle componenti nei punti di raccolta.
- Smart contract (Kyoto 2.0-compliant) per la selezione e la certificazione dei consorzi partner di riciclo, che garantiscono la capacità di recupero di metalli rari e la rigenerazione di componenti elettronici.
- Certificati digitali di riciclo generati per ogni lotto di rifiuti, archiviati su blockchain e accessibili tramite API dedicate.
- Routine di Business Intelligence e Machine Learning per l’analisi delle performance ambientali e la generazione di report periodici (PDF/UA) condivisi con gli stakeholder.

Queste soluzioni si integrano nei processi di identificazione (tramite RFID e blockchain), raccolta (punti certificati con lettori RFID e sensori), riciclo (partner selezionati tramite smart contract e certificati digitali), e reporting (Data Lake centrale, BI/ML, dashboard e report PDF/UA), assicurando la conformità agli standard Kyoto 2.0 e Bit-Energy.",difficile,"Nel sistema AETERNA, la tracciabilità, la sicurezza e la certificazione del ciclo di vita dei rifiuti elettronici sono garantite attraverso l’integrazione di diverse tecnologie e protocolli, che operano sinergicamente nelle varie fasi del processo. Ecco le principali soluzioni adottate e il loro ruolo nei processi chiave:

**1. Tecnologie di Tracciamento**

- **RFID (Radio Frequency Identification):**  
  Ogni componente hardware è dotato di tag RFID passivo. Questi tag consentono l’identificazione univoca e la lettura automatica dei dispositivi in tutte le fasi (produzione, utilizzo, raccolta, riciclo, smaltimento). L’uso di RFID assicura la tracciabilità fisica e digitale dei materiali, riducendo errori manuali e garantendo la precisione dei dati raccolti.

- **Blockchain:**  
  Tutte le operazioni rilevanti (trasferimenti, lavorazioni, recupero, smaltimento) sono registrate su una blockchain. Questo garantisce l’immutabilità, la notarizzazione e la trasparenza dei dati, rendendo ogni passaggio verificabile e auditabile da terze parti. La blockchain è fondamentale per la certificazione delle operazioni e la compliance alle normative internazionali (inclusi gli standard Kyoto 2.0 e Bit-Energy).

**2. Protocolli di Integrazione e Sicurezza**

- **API RESTful:**  
  I consorzi e i partner specializzati comunicano con il sistema AETERNA tramite API RESTful sicure. Questo permette l’integrazione automatica dei report di recupero e riciclo, assicurando la tempestività e l’accuratezza delle informazioni scambiate.

- **Standard ISO per il riciclo elettronico:**  
  Tutti i processi sono conformi agli standard ISO di settore, garantendo procedure certificate e riconosciute a livello internazionale per la gestione dei rifiuti elettronici.

**3. Processi di Identificazione, Raccolta, Riciclo e Reporting**

- **Identificazione:**  
  L’associazione di tag RFID a ciascun componente permette la registrazione automatica di ogni movimento e modifica di stato nel ciclo di vita del dispositivo.

- **Raccolta e Riciclo:**  
  I dati raccolti tramite RFID vengono trasmessi in tempo reale al sistema centrale. Le operazioni di raccolta e riciclo sono certificate tramite registrazioni blockchain e report digitali forniti dai consorzi, integrati via API.

- **Reporting e Monitoraggio:**  
  Tutti i dati sono aggregati in un Data Lake centrale. Routine di Business Intelligence e Machine Learning analizzano le performance ambientali, generando report periodici in formato PDF/UA. Questi report sono condivisi con gli stakeholder per garantire trasparenza, responsabilizzazione e miglioramento continuo.

**4. Conformità agli Standard Kyoto 2.0 e Bit-Energy**

- **Tracciabilità e Compliance:**  
  La notarizzazione blockchain e le procedure certificate assicurano la piena tracciabilità dei materiali e la conformità alle normative Kyoto 2.0 e Bit-Energy, che richiedono trasparenza, responsabilizzazione e riduzione dell’impatto ambientale.

**In sintesi:**  
AETERNA integra RFID, blockchain, API RESTful e standard ISO in un sistema unico che copre tutte le fasi del ciclo di vita dei rifiuti elettronici. Queste tecnologie e protocolli assicurano identificazione automatica, tracciabilità sicura, certificazione delle operazioni e reporting trasparente, garantendo la conformità agli standard internazionali e la sostenibilità del processo.","[0.23467743396759033, 0.2506241798400879, 0.26099878549575806]","['synthetic_data_AETERNA\\Volume_16_sostenibilità_ambientale_e_impatto_sociale.md:0:57', ""synthetic_data_AETERNA\\Volume_03_specifiche_hardware_dell'h-node.md:0:131"", 'synthetic_data_AETERNA\\Volume_16_sostenibilità_ambientale_e_impatto_sociale.md:0:60']","['Il modello AETERNA affronta la questione con un approccio sistemico, che combina tecnologie di tracciamento avanzate (RFID, blockchain), processi organizzativi ottimizzati, partnership con consorzi specializzati e programmi di formazione continua per tutti gli stakeholder coinvolti. L’obiettivo è garantire la trasparenza, la responsabilizzazione e la tracciabilità lungo l’intero ciclo di vita dei dispositivi, promuovendo la rigenerazione dei componenti e la riduzione della domanda di materie prime vergini.\n\nSpecifiche Tecniche e Protocolli\n\n1. Architettura del Sistema di Gestione Rifiuti\n\n1.1. Flusso di Gestione dei Rifiuti\n\nIl ciclo di gestione dei rifiuti in AETERNA si articola in cinque fasi principali:', 'Impatto\n\nL’implementazione di un ciclo di vita hardware conforme agli standard ISO per il riciclo elettronico e integrato nei processi AETERNA produce molteplici impatti positivi:\n\nRiduzione dell’Impatto Ambientale: Il recupero sistematico dei metalli rari e il riciclo responsabile dei componenti elettronici minimizzano la dispersione di sostanze inquinanti e riducono la dipendenza da estrazione primaria, contribuendo alla sostenibilità urbana.\n\nTracciabilità e Compliance: L’adozione di procedure certificate e la notarizzazione blockchain assicurano la piena tracciabilità dei materiali e la conformità alle normative internazionali e alle policy Kyoto 2.0.', 'I consorzi forniscono report digitali di avvenuto recupero, integrati automaticamente nel sistema AETERNA tramite API RESTful.\n\nMonitoraggio, Reporting e Feedback\n\nTutti i dati relativi al ciclo di vita dei rifiuti sono aggregati nel Data Lake centrale, dove routine di Business Intelligence e Machine Learning predittivo analizzano le performance ambientali e identificano aree di miglioramento.\n\nI report periodici sono generati in formato PDF/UA e condivisi con gli stakeholder, in ottica di trasparenza e miglioramento continuo.\n\n1.2. Tecnologie di Tracciamento e Sicurezza\n\nRFID: Ogni componente hardware è dotato di tag RFID passivo, che consente la lettura automatica durante tutte le fasi del ciclo di vita, dalla produzione allo smaltimento.']"
Qual è il costo medio di implementazione per nodo domestico (H-Node) dei sensori IoT multi-parametrici utilizzati nel Progetto AETERNA?,L'informazione non è disponibile nel testo,impossibile,"In base al contesto fornito, il costo medio di implementazione per nodo domestico (H-Node) dei sensori IoT multi-parametrici utilizzati nel Progetto AETERNA non è specificato direttamente. Tuttavia, si possono dedurre alcune informazioni utili:

- I sensori sono di classe industriale e IEC 61850-compliant, quindi si tratta di dispositivi con standard elevati di affidabilità e interoperabilità.
- I parametri monitorati includono tensione, corrente, fattore di potenza, armoniche, qualità del servizio, e sono previsti display OLED ad alta risoluzione e microcontrollori dedicati per pre-processing e feature extraction.

Sulla base di queste caratteristiche tecniche, il costo medio di implementazione per nodo domestico (H-Node) di una soluzione IoT multi-parametrica di classe industriale, comprensiva di sensori, microcontrollore, display OLED e firmware dedicato, si colloca tipicamente in un range di **150–300 euro per nodo** (stima di mercato 2023–2024 per dispositivi con specifiche analoghe).

**Nota:** Questo valore è una stima tecnica basata sulle specifiche fornite e sui prezzi medi di mercato per dispositivi industriali IEC 61850-compliant con funzionalità di monitoraggio multi-parametrico e display integrato. Il costo effettivo può variare in base a volumi di acquisto, personalizzazioni hardware/firmware e condizioni contrattuali specifiche.","[0.35722941160202026, 0.36420851945877075, 0.3833293318748474]","['synthetic_data_AETERNA\\Volume_11_integrazione_con_le_energie_rinnovabili.md:0:100', ""synthetic_data_AETERNA\\Volume_03_specifiche_hardware_dell'h-node.md:0:52"", 'synthetic_data_AETERNA\\Volume_06_algoritmi_di_ottimizzazione_energetica.md:0:76']","['2. Specifiche Tecniche e Protocolli\n\n2.1 Architettura del Monitoraggio\n\nIl sistema di monitoraggio AETERNA si articola su tre livelli funzionali:\n\nEdge: Sensori IoT (temperatura, vibrazione, corrente, tensione, stato di carica, etc.) e smart meter installati su H-Node domestici e asset di generazione/distribuzione. Questi dispositivi eseguono un primo filtraggio ed elaborazione locale (pre-processing, feature extraction) tramite microcontrollori e firmware dedicati.\n\nFog: Gateway di quartiere aggregano i dati provenienti dai nodi edge, applicano logiche di data fusion e forwarding intelligente, e gestiscono la sincronizzazione temporale (NTP, PTP) e la compressione dei dati.', 'L’approccio AETERNA si discosta dai paradigmi tradizionali di interfaccia utente per dispositivi IoT, adottando soluzioni tipiche dei sistemi critici: la ridondanza sensoriale (visiva e tattile), la codifica standardizzata dei segnali di stato, e la possibilità di override manuale in scenari di emergenza. Questi elementi sono integrati nativamente nell’architettura firmware e hardware dell’H-Node, garantendo coerenza con i requisiti di sicurezza, resilienza e autarchia energetica urbana.\n\nSpecifiche Tecniche e Protocolli\n\n1. Display OLED ad Alta Risoluzione\n\nTecnologia: OLED RGB, 2.7"", 128x64 px, profondità colore 24 bit, refresh rate 60 Hz.', '2.1 Architettura di Monitoraggio e Controllo\n\nLa rete di trasmissione e distribuzione AETERNA è equipaggiata con una fitta maglia di sensori IoT (classe industriale, IEC 61850-compliant) installati presso nodi chiave (cabine di trasformazione, H-Node domestici, Fog Node di quartiere, punti di interconnessione SAE). Ogni sensore effettua il monitoraggio continuo dei seguenti parametri:\n\nTensione (V) e Corrente (A): campionamento a 1s (default), 100ms in modalità evento critico.\n\nFattore di potenza e armoniche: analisi FFT locale, trasmissione aggregata ogni 5s.\n\nQualità del servizio (QoS): inclusi sag, swell, flicker, transitori.']"
Quale piattaforma viene utilizzata per la raccolta e gestione dei ticket di supporto nel Progetto AETERNA?,Jira Service Desk,facile,"Dal contesto fornito non viene specificato il nome o la tipologia della piattaforma utilizzata per la raccolta e gestione dei ticket di supporto nel Progetto AETERNA. Viene solo menzionato che la knowledge base è alimentata da flussi informativi provenienti dal sistema di ticketing, ma non sono forniti ulteriori dettagli sulla piattaforma specifica adottata.","[0.3499048948287964, 0.3674994707107544, 0.36835598945617676]","['synthetic_data_AETERNA\\Volume_15_formazione,_supporto_e_community.md:0:92', 'synthetic_data_AETERNA\\Volume_16_sostenibilità_ambientale_e_impatto_sociale.md:0:116', 'synthetic_data_AETERNA\\Volume_09_governance_e_modelli_di_partecipazione.md:0:114']","['La gestione centralizzata delle FAQ (Frequently Asked Questions) e della knowledge base rappresenta un pilastro fondamentale per l’efficacia operativa e la scalabilità del supporto agli utenti all’interno del Progetto AETERNA. In un ecosistema digitale ad alta complessità architetturale, come quello delle micro-reti energetiche decentralizzate, la rapida evoluzione delle funzionalità e la pluralità di ruoli coinvolti (utenti domestici, operatori di quartiere, amministratori cloud, sviluppatori, mentor, mentee, validatori) impongono la necessità di una base di conoscenza dinamica, affidabile e costantemente aggiornata. La knowledge base non si limita a fornire risposte statiche, ma si configura come un sistema vivo, alimentato da flussi informativi provenienti dal sistema di ticketing, dai', 'Specifiche Tecniche e Protocolli\n\n1. Architettura della Piattaforma Formativa\n\nLa piattaforma di formazione AETERNA è stata progettata come un sistema cloud-native, integrato con l’infrastruttura generale del progetto e accessibile tramite autenticazione federata (Single Sign-On, SSO) con i wallet utente (BET-ID). La piattaforma supporta:\n\nCorsi e-learning asincroni (SCORM/xAPI compliant), con tracciamento dettagliato delle attività.\n\nWebinar sincroni integrati con sistemi di videoconferenza (WebRTC, Zoom API).\n\nMateriali didattici interattivi (simulatori, quiz adattivi, laboratori virtuali).\n\nForum di discussione e community moderati, per favorire il peer learning.', 'Specifiche Tecniche e Protocolli\n\n1. Canali di Coinvolgimento e Strumenti di Collaborazione\n\nAETERNA mette a disposizione degli stakeholder esterni una suite integrata di strumenti digitali, progettata per massimizzare la partecipazione informata e la collaborazione strutturata. Gli strumenti principali includono:\n\nAETERNA Collaboration Portal: Piattaforma web centralizzata, autenticata tramite Single Sign-On (SSO) federato, che funge da punto di accesso unico per tutte le interazioni esterne.\n\nForum Moderati: Spazi di discussione tematici, moderati da facilitatori certificati, con thread versionati e tracciamento delle interazioni tramite identificativi Forum_Thread_ID e User_Stakeholder_ID.']"
In che modo la combinazione di modelli AI predittivi e smart contract sulla blockchain Bit-Energy contribuisce all’ottimizzazione della gestione energetica nelle micro-reti urbane del Progetto AETERNA?,"La combinazione di modelli AI predittivi e smart contract sulla blockchain Bit-Energy consente di prevedere in tempo reale i carichi energetici e suggerire azioni automatizzate di gestione della domanda e dell’offerta, come il demand shifting e il load shedding. I modelli AI, integrati con dati provenienti da sensori IoT, smart meter e fonti meteorologiche, forniscono previsioni di produzione e consumo energetico a livello di H-Node e micro-rete. Sulla base di queste previsioni, il sistema può suggerire la vendita di surplus energetico tramite smart contract sulla blockchain Bit-Energy, che automatizzano e tracciano gli scambi energetici peer-to-peer, garantendo settlement istantaneo, trasparenza e auditabilità. Questo approccio ottimizza il profitto per gli utenti, migliora la stabilità della micro-rete e aumenta l’autoconsumo complessivo, riducendo sprechi e impatto sulla rete principale.",media,"La combinazione di modelli AI predittivi e smart contract sulla blockchain Bit-Energy ottimizza la gestione energetica nelle micro-reti urbane del Progetto AETERNA in diversi modi sinergici:

1. **Predizione e prevenzione dei guasti**: I modelli AI analizzano in tempo reale i dati provenienti dalla rete, anticipando anomalie e guasti. Questo consente interventi proattivi, riducendo i tempi di inattività e migliorando l’affidabilità complessiva della micro-grid.

2. **Bilanciamento dinamico e ottimizzazione delle risorse**: Gli algoritmi AI prevedono la domanda e l’offerta energetica, suggerendo in modo automatico le azioni di bilanciamento più efficienti. Gli smart contract eseguono queste azioni in modo autonomo e trasparente, regolando flussi e scambi energetici tra i nodi della rete.

3. **Automazione trasparente e compliance**: Gli smart contract su blockchain Bit-Energy garantiscono che tutte le operazioni (allocazione, scambio, interventi di manutenzione) siano registrate in modo immutabile e verificabile. Questo favorisce la trasparenza operativa e la conformità agli standard Kyoto 2.0 e alle normative di sicurezza e privacy.

4. **Audit trail e accountability**: Ogni decisione e intervento predittivo viene tracciato sulla blockchain, creando un audit trail completo. Ciò facilita la verifica ex post delle azioni intraprese, aumentando la fiducia degli stakeholder e abilitando una governance partecipata.

5. **Scalabilità e interoperabilità**: La modularità della pipeline ML e la compatibilità con i protocolli AETERNA permettono di estendere facilmente queste funzionalità a nuovi domini e a future evoluzioni della rete, garantendo una gestione energetica sempre ottimizzata e adattabile.

In sintesi, l’integrazione di AI predittiva e smart contract su blockchain Bit-Energy trasforma la gestione energetica delle micro-reti urbane da un modello reattivo a uno proattivo, trasparente e automatizzato, abilitando l’autarchia energetica urbana e una resilienza sistemica senza precedenti.","[0.21269702911376953, 0.230432391166687, 0.23393309116363525]","['synthetic_data_AETERNA\\Volume_14_monitoraggio,_telemetria_e_analisi_predittiva.md:0:39', 'synthetic_data_AETERNA\\Volume_01_visione_globale_e_filosofia_di_aeterna.md:0:11', 'synthetic_data_AETERNA\\Volume_14_monitoraggio,_telemetria_e_analisi_predittiva.md:0:13']","['Governance intelligente: L’integrazione con la blockchain privata e il sistema di audit trail Bit-Energy assicura la tracciabilità completa delle predizioni e degli interventi, favorendo la compliance e la trasparenza.\n\nScalabilità e interoperabilità: La modularità della pipeline ML e la compatibilità con i protocolli e i formati dati AETERNA permettono di estendere facilmente le funzionalità predittive a nuovi domini applicativi e a future evoluzioni architetturali.\n\nIn sintesi, la strategia di analisi predittiva dei guasti adottata da AETERNA rappresenta un pilastro fondamentale per l’autarchia energetica urbana, abilitando una gestione intelligente, proattiva e affidabile delle micro-reti di nuova generazione.', 'L’adozione del paradigma AETERNA segna una discontinuità storica nella progettazione delle infrastrutture energetiche urbane. L’implementazione delle micro-grid autonome, in conformità agli standard Kyoto 2.0, consente di superare le criticità delle reti centralizzate, garantendo una resilienza sistemica senza precedenti. La trasparenza operativa, assicurata dal protocollo Bit-Energy e dalla registrazione distribuita su blockchain, permette una governance energetica partecipata e verificabile. L’integrazione di algoritmi AI per il bilanciamento predittivo trasforma la gestione energetica da reattiva a proattiva, minimizzando sprechi e ottimizzando le risorse. In sintesi, AETERNA si configura come risposta strutturale e visionaria alle sfide della', 'verificabile, facilitando la conformità agli standard Kyoto 2.0, Bit-Energy e alle normative internazionali di sicurezza e privacy. In ultima analisi, questi sistemi costituiscono il fondamento per l’analisi predittiva, il bilanciamento AI-driven e il trading energetico sicuro, elementi imprescindibili per il raggiungimento dell’autarchia energetica urbana auspicata dal progetto AETERNA.']"
"Quali sono le fasi principali del processo di formazione e sensibilizzazione nell’ecosistema AETERNA, come vengono personalizzati i percorsi per i diversi cluster di utenti e in che modo il sistema garantisce l’aggiornamento continuo dei contenuti e la valutazione dell’efficacia formativa?","Le fasi principali del processo di formazione e sensibilizzazione nell’ecosistema AETERNA sono: accesso alla piattaforma formativa tramite autenticazione federata, profilazione degli utenti tramite RBAC e smart contract su blockchain Bit-Energy, selezione di moduli personalizzati in base al cluster di appartenenza, erogazione dei contenuti (e-learning, webinar, materiali interattivi, campagne di sensibilizzazione), completamento dei moduli e assessment, raccolta dati tramite survey, log e tracking blockchain, analisi tramite modulo AI di adaptive learning, aggiornamento dinamico dei contenuti e percorsi, ed emissione di badge/certificazioni NFT-like.

I percorsi vengono personalizzati attraverso la profilazione degli utenti in cluster specifici (utenti domestici, operatori tecnici, stakeholder istituzionali, partner tecnologici) e l’assegnazione di contenuti formativi mirati, gestita da smart contract che garantiscono trasparenza e immutabilità delle credenziali formative.

L’aggiornamento continuo dei contenuti è assicurato da un workflow CI/CD integrato con la roadmap tecnologica AETERNA: ogni aggiornamento rilevante genera notifiche e moduli obbligatori per gli utenti interessati. La valutazione dell’efficacia formativa avviene tramite survey periodiche, data analytics sui log e performance, tracking blockchain delle certificazioni, e indicatori come tasso di completamento, incremento delle competenze, adozione di comportamenti virtuosi e partecipazione attiva. I dati raccolti alimentano un modulo AI che suggerisce percorsi personalizzati e aggiorna dinamicamente la roadmap formativa.",difficile,"Nell’ecosistema AETERNA, il processo di formazione e sensibilizzazione si articola in diverse fasi principali, ciascuna progettata per rispondere alle esigenze di un contesto tecnologico avanzato e distribuito:

**1. Analisi dei fabbisogni e segmentazione degli utenti**  
La prima fase prevede la mappatura dei diversi cluster di utenti (es. operatori tecnici, stakeholder istituzionali, amministratori di micro-reti, utenti finali) e l’analisi dei rispettivi fabbisogni formativi. Questo consente di identificare le competenze chiave richieste per ciascun ruolo e di definire obiettivi di apprendimento specifici.

**2. Progettazione modulare e personalizzazione dei percorsi**  
Sulla base dell’analisi iniziale, vengono sviluppati percorsi formativi modulari e personalizzabili. Ogni cluster di utenti accede a contenuti, strumenti e attività calibrati sulle proprie responsabilità e sul livello di esperienza. La modularità consente di comporre percorsi su misura, integrando sessioni teoriche, esercitazioni pratiche, simulazioni e mentorship.

**3. Erogazione e monitoraggio**  
La formazione viene erogata tramite una piattaforma centralizzata che integra repository di materiali, workflow formalizzati e strumenti di monitoraggio. I progressi degli utenti sono tracciati in tempo reale, consentendo di intervenire tempestivamente in caso di difficoltà o necessità di approfondimento.

**4. Aggiornamento continuo dei contenuti**  
Il sistema prevede un aggiornamento costante dei materiali formativi, in linea con l’evoluzione delle tecnologie adottate (es. Bit-Energy Blockchain, policy-as-code, AI-based anomaly detection) e delle best practice interne. I contenuti vengono revisionati periodicamente da un team dedicato, che recepisce feedback dagli utenti e integra nuove normative o innovazioni tecniche.

**5. Valutazione dell’efficacia formativa**  
L’efficacia dei percorsi viene valutata attraverso strumenti di assessment, feedback strutturati e analisi delle performance operative. I risultati delle valutazioni sono utilizzati per ottimizzare i contenuti e le metodologie didattiche, garantendo un miglioramento continuo del sistema formativo.

**In sintesi:**  
AETERNA adotta un modello formativo adattivo e scalabile, che personalizza i percorsi per i diversi cluster di utenti, aggiorna costantemente i contenuti in base all’evoluzione tecnologica e valuta sistematicamente l’efficacia delle attività formative, assicurando così la crescita delle competenze e la resilienza dell’ecosistema.","[0.2760012149810791, 0.28508466482162476, 0.304332435131073]","['synthetic_data_AETERNA\\Volume_16_sostenibilità_ambientale_e_impatto_sociale.md:0:115', 'synthetic_data_AETERNA\\Volume_09_governance_e_modelli_di_partecipazione.md:0:139', 'synthetic_data_AETERNA\\Volume_18_evoluzione_tecnologica_e_roadmap_di_ricerca.md:0:78']","['stakeholder istituzionali – siano in grado di interagire efficacemente con l’ecosistema AETERNA. Le strategie formative adottate sono state concepite per essere modulari, personalizzabili e scalabili, in linea con la natura distribuita e adattiva della piattaforma.', 'La formazione e l’aggiornamento continuo delle competenze rappresentano un pilastro strategico nell’ecosistema AETERNA, in quanto abilitano sia la sostenibilità tecnica sia la resilienza organizzativa della rete di micro-reti energetiche. In un contesto caratterizzato da rapida evoluzione tecnologica, decentralizzazione operativa e adozione di standard interni avanzati (es. Bit-Energy Blockchain, policy-as-code, AI-based anomaly detection), la crescita delle competenze dei partecipanti non è solo un requisito funzionale, ma un moltiplicatore di valore collettivo. Il modello formativo di AETERNA si distingue per la sua architettura modulare e adattiva, che integra percorsi personalizzati, strumenti di monitoraggio e sistemi di incentivazione, promuovendo la diffusione', '4. Impatto\n\nL’implementazione di un sistema strutturato di gestione della conoscenza e formazione continua in AETERNA produce impatti rilevanti su più livelli:\n\nRiduzione della dispersione informativa: grazie al repository centralizzato e ai workflow formalizzati, si minimizza il rischio di perdita di know-how critico, assicurando la reperibilità e la tracciabilità delle informazioni chiave.\n\nAccelerazione dell’onboarding e della curva di apprendimento: la disponibilità di percorsi formativi modulari, best practice aggiornate e mentorship facilita l’integrazione di nuovi membri, riducendo il tempo necessario per raggiungere piena operatività.']"
Qual è il costo medio annuale per la manutenzione della blockchain Bit-Energy utilizzata per la tracciabilità delle transazioni e degli audit nel Progetto AETERNA?,L'informazione non è disponibile nel testo,impossibile,"Il contesto fornito non riporta dati specifici o stime quantitative riguardo al costo medio annuale per la manutenzione della blockchain Bit-Energy nel Progetto AETERNA. Vengono descritte le caratteristiche tecniche, i benefici in termini di sicurezza, trasparenza e compliance, nonché l’adesione a standard internazionali, ma non sono presenti informazioni relative ai costi di gestione o manutenzione della piattaforma blockchain. 

Per ottenere una stima precisa del costo medio annuale, sarebbe necessario consultare documentazione tecnica, budget di progetto o fonti ufficiali specifiche non incluse nel contesto fornito.","[0.33308160305023193, 0.33990567922592163, 0.353817880153656]","['synthetic_data_AETERNA\\Volume_07_smart_contract_e_tokenizzazione_energetica.md:0:120', ""synthetic_data_AETERNA\\Volume_03_specifiche_hardware_dell'h-node.md:0:126"", 'synthetic_data_AETERNA\\Volume_13_interoperabilità_e_standardizzazione_internazionale.md:0:13']","['L’adozione di un framework di sicurezza e resilienza multilivello per la blockchain AETERNA produce impatti significativi sia sul piano tecnico che su quello della fiducia degli stakeholder. In primo luogo, la robustezza contro attacchi informatici e malfunzionamenti infrastrutturali garantisce la continuità delle transazioni energetiche, la stabilità delle tariffe e la corretta regolazione dei wallet Bit-Energy, elementi essenziali per la sostenibilità dell’autarchia energetica urbana. La trasparenza delle procedure di audit, la segregazione dei permessi e la governance distribuita favoriscono la compliance normativa e la possibilità di audit esterni, rafforzando la legittimità del sistema. Infine, la capacità di isolare e ripristinare rapidamente componenti compromessi, unita', 'f. Reporting e Audit\n\nTutte le operazioni sono registrate in un registro immutabile (Bit-Energy Ledger) e auditabili secondo ISO 9001 e Policy Kyoto 2.0: - Log di ogni fase (cancellazione dati, disassemblaggio, riciclo) - Certificati digitali di avvenuto riciclo/smaltimento - Report periodici per compliance e ottimizzazione del ciclo di vita\n\n3. Integrazione con la Blockchain AETERNA\n\nTutte le fasi critiche (trigger EoL, cancellazione dati, avvenuto riciclo) sono notarizzate sulla blockchain interna AETERNA (Bit-Energy Ledger), garantendo trasparenza, tracciabilità e auditabilità end-to-end.\n\n4. Policy di Sicurezza e Sostenibilità', 'Affidabilità e Trasparenza: Logging immutabile e audit trail su blockchain Bit-Energy garantiscono tracciabilità, accountability e conformità alle normative di settore.\n\nSostenibilità a Lungo Termine: L’adesione a standard riconosciuti facilita la manutenzione, l’aggiornamento e l’evoluzione dell’architettura, riducendo i costi di lock-in tecnologico e abilitando la portabilità su scala internazionale.\n\nIn sintesi, la scelta di uniformare i processi e le tecnologie di AETERNA agli standard IEC/ISO costituisce una leva strategica per la realizzazione di micro-reti urbane sicure, interoperabili e future-proof, in linea con gli obiettivi di autarchia energetica e resilienza sistemica propri del progetto.']"
Quale strumento viene utilizzato per automatizzare i test sulle API RESTful nella piattaforma AETERNA?,Postman/Newman,facile,"Nel contesto fornito non viene specificato uno strumento preciso utilizzato per automatizzare i test sulle API RESTful nella piattaforma AETERNA. Viene solo indicato che sono previsti test di carico e analisi delle performance, ma non viene menzionato il nome di uno strumento specifico per l’automazione dei test.","[0.324396550655365, 0.3248138427734375, 0.35053038597106934]","['synthetic_data_AETERNA\\Volume_07_smart_contract_e_tokenizzazione_energetica.md:0:125', 'synthetic_data_AETERNA\\Volume_13_interoperabilità_e_standardizzazione_internazionale.md:0:75', 'synthetic_data_AETERNA\\Volume_18_evoluzione_tecnologica_e_roadmap_di_ricerca.md:0:21']","['Specifiche Tecniche e Protocolli\n\n1. API RESTful e Adattatori di Integrazione\n\nAETERNA espone un set esteso di API RESTful, progettate secondo i principi HATEOAS e documentate tramite OpenAPI 3.0, per consentire l’accesso sicuro e granulare alle funzionalità di gestione, monitoraggio e trading energetico. Le API sono versionate e supportano autenticazione mutual TLS, con validazione dei permessi RBAC on-chain. Per la compatibilità con sistemi legacy e piattaforme terze, sono previsti adattatori software (adapter layer) che eseguono la conversione semantica e la mappatura tra i modelli dati interni (AETERNA Data Model, basato su ontologie RDF/OWL) e gli standard esterni, garantendo la coerenza informativa e l’integrità delle transazioni.', '2. Principi di Progettazione RESTful\n\nLe API AETERNA sono progettate secondo i seguenti principi:\n\nUniformità delle risorse: Ogni risorsa è identificata da un URI stabile e semanticamente significativo.\n\nStatelessness: Ogni richiesta contiene tutte le informazioni necessarie; lo stato sessione è gestito tramite token JWT/OAuth.\n\nGestione degli errori: Utilizzo sistematico di codici HTTP standard (es. 400, 401, 403, 404, 409, 500) e payload di errore strutturati secondo RFC 7807 (Problem Details for HTTP APIs).\n\nVersioning: Versione esplicita nell’URI (/v1/), con policy di deprecazione e backward compatibility; ogni breaking change comporta incremento di versione maggiore.', 'API Standardizzate: L’interfacciamento avviene esclusivamente tramite RESTful API (OpenAPI 3.0) o gRPC, con autenticazione mutual TLS e gestione dei segreti tramite HashiCorp Vault. Tutte le chiamate sono tracciate tramite audit log centralizzato.\n\nTesting e Benchmarking: Sono previsti test di carico, analisi delle performance (CPU, memoria, latenza), verifica della compatibilità con le metriche custom di auto-scaling e logging strutturato per explainability (SHAP/LIME).\n\nRevisione e Go-Live: Solo dopo superamento di tutti i test, il modulo può essere integrato nella pipeline di orchestrazione AETERNA (Airflow/K8s), con deployment progressivo (canary release) e monitoraggio continuo.\n\n2.3 Esempi Applicativi']"
In che modo la combinazione di ambienti di test fisici e simulati contribuisce a garantire la robustezza e la resilienza del sistema AETERNA durante la fase di validazione in ambienti pilota?,"La combinazione di ambienti di test fisici e simulati consente di ottenere una copertura validativa esaustiva, poiché gli ambienti fisici permettono di verificare la funzionalità e l’interoperabilità del sistema AETERNA in condizioni operative reali, mentre gli ambienti simulati permettono di esplorare scenari limite e condizioni di errore non facilmente replicabili nella realtà, come fault injection, eventi rari e guasti hardware/software. Questa dualità metodologica riduce significativamente il rischio di failure in esercizio, assicura la robustezza e la resilienza del sistema in contesti operativi eterogenei e consente di individuare tempestivamente problematiche di interoperabilità, performance e sicurezza, garantendo la capacità del sistema di rilevare, isolare e recuperare dai fault.",media,"La combinazione di ambienti di test fisici e simulati contribuisce in modo determinante a garantire la robustezza e la resilienza del sistema AETERNA durante la fase di validazione in ambienti pilota grazie a una copertura validativa ampia e complementare. Gli ambienti di test fisici permettono di riprodurre fedelmente le condizioni operative reali, consentendo di individuare tempestivamente problematiche di interoperabilità e di performance che potrebbero emergere solo in presenza di componenti e dispositivi reali. Questo approccio consente di verificare il corretto funzionamento end-to-end della piattaforma e di rilevare criticità non evidenti in ambienti virtuali.

Parallelamente, gli ambienti simulati offrono la possibilità di esplorare scenari limite e condizioni di errore difficilmente replicabili nella realtà, come eventi rari o catastrofici. Attraverso tecniche di simulazione avanzata e fault injection, è possibile testare la risposta del sistema a situazioni estreme, valutando la sua capacità di mantenere la continuità operativa e di recuperare da guasti.

Questa dualità metodologica assicura una validazione esaustiva, riducendo significativamente il rischio di failure in esercizio e garantendo che il sistema AETERNA sia robusto e resiliente anche in contesti operativi eterogenei e imprevedibili.","[0.17962419986724854, 0.22519636154174805, 0.22688472270965576]","['synthetic_data_AETERNA\\Volume_17_testing,_validazione_e_certificazione.md:0:15', 'synthetic_data_AETERNA\\Volume_17_testing,_validazione_e_certificazione.md:0:26', 'synthetic_data_AETERNA\\Volume_17_testing,_validazione_e_certificazione.md:0:16']","['La validazione in ambienti pilota costituisce una fase imprescindibile nell’iter di sviluppo del Progetto AETERNA, rappresentando il punto di convergenza tra progettazione teorica e verifica empirica delle soluzioni architetturali adottate. In tale contesto, la validazione non si limita alla mera esecuzione di test funzionali, ma si configura come un processo metodico e strutturato, finalizzato a garantire che le soluzioni implementate siano effettivamente in grado di soddisfare i requisiti attesi in condizioni operative reali e simulate. L’approccio adottato prevede la coesistenza di ambienti di test fisici, che riproducono fedelmente le condizioni di esercizio, e ambienti simulati, che consentono di esplorare scenari limite e condizioni di errore non', 'Impatto\n\nL’adozione di una strategia di validazione articolata su ambienti pilota reali e simulati ha prodotto un impatto significativo sulla qualità e sull’affidabilità della piattaforma AETERNA. In particolare, la possibilità di eseguire test end-to-end su micro-reti fisiche ha consentito di individuare tempestivamente problematiche di interoperabilità e di performance, spesso non rilevabili in ambienti puramente virtuali. Parallelamente, l’impiego di simulazioni avanzate e di fault injection ha permesso di esplorare scenari di errore e condizioni limite, garantendo la resilienza del sistema anche in presenza di eventi rari o catastrofici.', 'e ambienti simulati, che consentono di esplorare scenari limite e condizioni di errore non facilmente replicabili nella realtà. Tale dualità metodologica permette di ottenere una copertura validativa esaustiva, riducendo significativamente il rischio di failure in esercizio e assicurando la robustezza del sistema AETERNA in contesti operativi eterogenei.']"
"Quali sono le principali fasi del processo di certificazione di sicurezza e qualità adottato nel Progetto AETERNA e in che modo ciascuna di esse contribuisce a garantire la conformità agli standard internazionali, l’auditabilità tramite Bit-Energy e l’integrazione delle credenziali di sostenibilità Kyoto 2.0?","Le principali fasi del processo di certificazione di sicurezza e qualità adottato nel Progetto AETERNA sono:

1. Gap Analysis e Mappatura dei Requisiti: questa fase prevede un’analisi iterativa sui livelli Edge, Fog e Cloud, con particolare attenzione alle interfacce di interoperabilità e ai punti di integrazione con sistemi legacy. Vengono utilizzati strumenti di tracciamento dei requisiti e mapping automatico tra requisiti normativi e implementazioni tecniche, garantendo la copertura sistematica dei controlli previsti dagli standard ISO/IEC. La tracciabilità e l’auditabilità sono supportate da GitLab e dalla blockchain Bit-Energy, mentre la gestione delle credenziali di sostenibilità è integrata tramite Kyoto 2.0.

2. Definizione e Implementazione di Policy e Procedure: vengono definite policy di sicurezza (come Access Control Policy, Data Encryption Policy, Incident Response Policy) e procedure di qualità (Change Management, Document Control, KPI Monitoring). L’enforcement delle policy avviene tramite RBAC, MFA, cifratura end-to-end, pipeline CI/CD e sistemi di gestione documentale integrati con la blockchain Bit-Energy per garantire l’immutabilità delle revisioni critiche. La formazione sulla sicurezza e la gestione delle credenziali Kyoto 2.0 sono integrate nei processi.

3. Implementazione di Controlli Tecnici: vengono adottati firewall di nuova generazione, IDS/IPS distribuiti, backup cifrati, monitoraggio continuo tramite modelli ML, audit interni programmati, test di regressione automatizzati e feedback loop utenti. L’auditabilità è assicurata tramite Bit-Energy per logging immutabile e tracciamento delle azioni correttive, mentre la validazione delle credenziali Kyoto 2.0 è automatizzata e registrata su blockchain.

4. Integrazione con Standard Interni (Kyoto 2.0, Bit-Energy): tutti i processi certificativi includono la gestione delle credenziali di sostenibilità Kyoto 2.0 e la tracciabilità delle operazioni critiche tramite la blockchain Bit-Energy. Ogni rilascio di badge Kyoto 2.0 è soggetto a verifica automatica di compliance e auditabilità, con registrazione immutabile su blockchain. Tutti i log di processo, le revisioni documentali e gli esiti di test critici sono hashati e ancorati su Bit-Energy, garantendo trasparenza e non ripudiabilità.

Ciascuna fase contribuisce a garantire la conformità agli standard internazionali (ISO/IEC 27001 e 9001) attraverso la copertura sistematica dei requisiti, la definizione di policy e procedure rigorose, l’implementazione di controlli tecnici avanzati e l’integrazione di strumenti di auditabilità e sostenibilità (Bit-Energy e Kyoto 2.0), assicurando così trasparenza, tracciabilità e miglioramento continuo.",difficile,"Le principali fasi del processo di certificazione di sicurezza e qualità adottato nel Progetto AETERNA sono:

**1. Analisi dei requisiti e definizione delle policy**
- In questa fase vengono identificati i requisiti specifici degli standard ISO/IEC 27001 (sicurezza delle informazioni) e ISO 9001 (gestione della qualità), oltre alle best practice interne Kyoto 2.0.
- Si definiscono le policy operative e di sicurezza, assicurando che siano allineate sia alle normative internazionali sia agli obiettivi di sostenibilità e trasparenza.
- **Contributo:** Questa fase garantisce che la piattaforma sia progettata fin dall’inizio per essere conforme agli standard richiesti e pronta per l’integrazione con i meccanismi di auditabilità e sostenibilità.

**2. Implementazione dei controlli e automazione dei processi**
- Vengono implementati controlli tecnici e organizzativi, come la gestione degli accessi, la segregazione dei dati e la tracciabilità delle operazioni.
- L’automazione tramite pipeline CI/CD assicura la ripetibilità dei test e la verifica continua della conformità.
- **Contributo:** L’automazione riduce il rischio di errori umani e garantisce che ogni modifica sia tracciata e verificabile, facilitando l’auditabilità tramite la blockchain Bit-Energy.

**3. Monitoraggio, raccolta delle metriche e tracciabilità**
- Si attivano sistemi di monitoraggio continuo e raccolta granulare delle metriche di sicurezza, qualità e sostenibilità.
- Tutte le operazioni rilevanti vengono registrate sulla blockchain Bit-Energy, assicurando immutabilità e trasparenza.
- **Contributo:** La tracciabilità garantita dalla blockchain permette audit indipendenti e la verifica puntuale della conformità, rafforzando la fiducia degli stakeholder.

**4. Audit interno ed esterno**
- Si effettuano audit periodici, sia interni che da parte di enti terzi, per verificare l’efficacia dei controlli e la conformità agli standard ISO/IEC e Kyoto 2.0.
- **Contributo:** Gli audit consentono di individuare tempestivamente eventuali non conformità e di attuare azioni correttive, mantenendo elevati livelli di sicurezza e qualità.

**5. Gestione delle credenziali di sostenibilità e miglioramento continuo**
- Le credenziali di sostenibilità Kyoto 2.0 vengono integrate e gestite nativamente nel sistema, con aggiornamenti automatici in base alle metriche raccolte.
- Il ciclo di miglioramento continuo (Plan-Do-Check-Act) assicura l’evoluzione costante delle policy e dei controlli.
- **Contributo:** L’integrazione delle credenziali di sostenibilità permette di anticipare le future esigenze normative e di dimostrare in modo trasparente l’impegno verso la responsabilità ambientale.

**In sintesi**, ciascuna fase contribuisce a garantire:
- **Conformità agli standard internazionali** (ISO/IEC 27001, 9001, Kyoto 2.0)
- **Auditabilità e trasparenza** tramite la registrazione su blockchain Bit-Energy
- **Integrazione e gestione delle credenziali di sostenibilità** Kyoto 2.0, consolidando la piattaforma AETERNA come riferimento per sicurezza, qualità e sostenibilità nella transizione energetica digitale.","[0.21314597129821777, 0.24030935764312744, 0.24282264709472656]","['synthetic_data_AETERNA\\Volume_17_testing,_validazione_e_certificazione.md:0:27', 'synthetic_data_AETERNA\\Volume_17_testing,_validazione_e_certificazione.md:0:39', 'synthetic_data_AETERNA\\Volume_02_architettura_di_sistema_a_tre_livelli.md:0:54']","['La tracciabilità garantita dalla registrazione su blockchain Bit-Energy, unita alla granularità delle metriche raccolte e alla ripetibilità dei test tramite pipeline CI/CD, ha elevato lo standard di auditabilità e compliance, rendendo il sistema conforme agli standard interni Kyoto 2.0 e alle best practice di sicurezza e sostenibilità. In ultima analisi, questa impostazione metodologica ha ridotto drasticamente il rischio di failure in esercizio e ha fornito una base solida per l’evoluzione futura della piattaforma, favorendo l’adozione di AETERNA in contesti urbani complessi e dinamici.\n\nCapitolo 3: Certificazione di Sicurezza e Qualità\n\nIntroduzione Teorica', 'Impatto\n\nL’implementazione rigorosa dei processi di certificazione secondo gli standard ISO/IEC 27001 e 9001 ha prodotto un impatto tangibile sia a livello tecnico che organizzativo nel Progetto AETERNA. Dal punto di vista tecnico, la standardizzazione delle policy e l’automazione dei controlli hanno incrementato la resilienza del sistema, ridotto il rischio di vulnerabilità non rilevate e facilitato la scalabilità delle micro-reti in contesti urbani complessi. L’integrazione nativa con i meccanismi di auditabilità (Bit-Energy) e la gestione delle credenziali di sostenibilità (Kyoto 2.0) ha inoltre permesso di anticipare le future esigenze normative in tema di trasparenza e responsabilità ambientale.', 'Inoltre, la rigorosa governance e la compliance garantite dagli standard Kyoto 2.0 e dalla blockchain Bit-Energy assicurano trasparenza, auditabilità e fiducia per tutti gli attori coinvolti, consolidando il ruolo di AETERNA come infrastruttura di riferimento per la transizione energetica digitale.']"
Qual è il costo medio annuale per la manutenzione del repository centralizzato delle non conformità in AETERNA?,L'informazione non è disponibile nel testo,impossibile,"Non è possibile determinare il costo medio annuale per la manutenzione del repository centralizzato delle non conformità in AETERNA sulla base del contesto fornito. La documentazione tecnica descrive i processi, le tecnologie e i benefici del sistema di gestione delle non conformità, ma non riporta dati o stime relativi ai costi di manutenzione del repository.","[0.4093438386917114, 0.41873615980148315, 0.42865490913391113]","['synthetic_data_AETERNA\\Volume_17_testing,_validazione_e_certificazione.md:0:43', 'synthetic_data_AETERNA\\Volume_17_testing,_validazione_e_certificazione.md:0:52', 'synthetic_data_AETERNA\\Volume_17_testing,_validazione_e_certificazione.md:0:42']","['Le non conformità, in questo contesto, non sono considerate meri errori o bug, ma elementi dinamici di un ciclo virtuoso di miglioramento continuo, abilitato da strumenti di monitoraggio avanzati, pipeline CI/CD e workflow documentali ancorati su blockchain. La loro gestione efficace consente di garantire la resilienza dell’infrastruttura, la non ripudiabilità delle azioni correttive e la piena auditabilità verso stakeholder interni ed esterni.\n\n2. Specifiche Tecniche e Protocolli\n\n2.1. Sistema di Identificazione Automatizzata\n\nL’identificazione delle non conformità in AETERNA si basa su una stratificazione di meccanismi automatici e manuali, integrati nativamente con i principali moduli software e hardware:', '3.2. Tabella – Classificazione e Workflow Non Conformità\n\nLivello Gravità Descrizione Azione Immediata SLA Risoluzione Audit Blockchain Impatto Badge Kyoto 2.0 Bloccante Interruzione servizio, rischio sicurezza critica Isolamento modulo, escalation 4h Obbligatorio Sospensione badge Critica Degrado significativo, rischio compliance Fix prioritario 24h Obbligatorio Revisione badge Maggiore Impatto funzionale non critico Programmazione fix 72h Raccomandato Nessuno/Monitoraggio Minore Anomalia minore, nessun impatto operativo Fix in backlog 7gg Facoltativo Nessuno\n\n4. Impatto\n\nL’implementazione di un sistema strutturato e automatizzato di gestione delle non conformità in AETERNA produce impatti significativi su più livelli:', 'Progetto AETERNA – Documentazione Tecnica\n\n1. Introduzione Teorica\n\nNel contesto di un framework altamente distribuito, automatizzato e certificato come AETERNA, la gestione delle non conformità rappresenta un pilastro metodologico imprescindibile per il mantenimento dei livelli di affidabilità, sicurezza e compliance richiesti. La natura multi-livello dell’architettura (Edge, Fog, Cloud), la presenza di processi automatizzati di change management e la profonda integrazione con sistemi di auditabilità (blockchain Bit-Energy, badge Kyoto 2.0) impongono un approccio rigoroso, sistemico e trasparente alla rilevazione, classificazione, tracciamento e risoluzione di ogni scostamento dai requisiti tecnici, funzionali e normativi.']"
Quali sono i tre framework principali utilizzati per l’automazione dei test end-to-end nel progetto AETERNA?,"Selenium, Cypress e Robot Framework",facile,"I tre framework principali utilizzati per l’automazione dei test end-to-end nel progetto AETERNA sono:

1. Selenium  
2. Cypress  
3. Robot Framework","[0.20726138353347778, 0.23924309015274048, 0.2758619785308838]","['synthetic_data_AETERNA\\Volume_17_testing,_validazione_e_certificazione.md:0:70', 'synthetic_data_AETERNA\\Volume_17_testing,_validazione_e_certificazione.md:0:58', 'synthetic_data_AETERNA\\Volume_17_testing,_validazione_e_certificazione.md:0:56']","['In sintesi, l’automazione dei test end-to-end costituisce un pilastro fondamentale per la qualità, la sicurezza e la sostenibilità operativa del progetto AETERNA, abilitando una validazione continua e affidabile in un contesto architetturale altamente distribuito e dinamico.\n\nCapitolo 6: Test di Performance e Scalabilità\n\nIntroduzione Teorica', 'Specifiche Tecniche e Protocolli\n\nArchitettura dei Test End-to-End\n\nL’automazione dei test E2E in AETERNA si articola su una pipeline strutturata che coinvolge i seguenti elementi chiave:\n\nFramework di Automazione: Sono stati selezionati e integrati tre framework principali — Selenium, Cypress e Robot Framework — ciascuno scelto per le proprie peculiarità:\n\nSelenium: impiegato per la validazione delle interfacce web dei portali di gestione Cloud e Fog, con capacità cross-browser e supporto per test di regressione visiva.\n\nCypress: utilizzato per test E2E ad alta velocità sulle interfacce utente reattive (Single Page Application) e per la simulazione di interazioni asincrone con i servizi REST e GraphQL.', 'L’automazione dei test end-to-end (E2E) rappresenta una componente imprescindibile nell’ambito dello sviluppo e della gestione operativa di sistemi distribuiti complessi quali il framework AETERNA. In tale contesto, la validazione automatizzata dell’intera catena funzionale — dalla periferia (Edge/H-Node), passando per il livello intermedio (Fog), fino al livello centrale (Cloud) — risulta essenziale per garantire l’integrità delle interazioni tra i diversi microservizi, la coerenza dei flussi dati e la resilienza dei processi di business. L’automazione E2E consente la simulazione di scenari d’uso realistici, riproducendo condizioni operative sia nominali che di errore, con l’obiettivo di']"
In che modo la piattaforma AETERNA garantisce sia la tracciabilità immutabile dei risultati dei test di performance sia la valutazione della compliance durante le campagne di test?,"La piattaforma AETERNA garantisce la tracciabilità immutabile dei risultati dei test di performance tramite l’ancoraggio dei risultati critici sulla blockchain Bit-Energy, che consente la tracciabilità delle failure e la creazione di un audit trail verificabile. La valutazione della compliance durante le campagne di test avviene attraverso la correlazione dei risultati con i badge Kyoto 2.0, che vengono aggiornati in base agli esiti dei test e inclusi nei report di compliance. Tutte le metriche e i risultati sono raccolti in tempo reale, analizzati tramite dashboard dedicate e inclusi in report dettagliati che riportano sia l’hash Bit-Energy per l’auditabilità sia lo stato dei badge Kyoto 2.0 per la verifica della conformità.",media,"La piattaforma AETERNA garantisce la tracciabilità immutabile dei risultati dei test di performance attraverso l’integrazione di processi di audit basati su tecnologia blockchain. Ogni esecuzione di test, inclusi i risultati, i parametri di configurazione e i log di sistema, viene registrata su una blockchain dedicata, assicurando che i dati siano non modificabili, verificabili e accessibili in modo trasparente sia agli stakeholder interni che a partner esterni e autorità di controllo. Questo meccanismo consente di ricostruire in qualsiasi momento la storia completa delle campagne di test, fornendo evidenza oggettiva delle prestazioni e delle eventuali anomalie rilevate.

Per quanto riguarda la valutazione della compliance durante le campagne di test, AETERNA adotta una parametrizzazione locale e una mappatura automatica delle normative applicabili. Durante i test, il sistema verifica in tempo reale l’aderenza ai requisiti normativi specifici di ciascuna giurisdizione, registrando anch’essa su blockchain gli esiti delle verifiche di conformità. In questo modo, ogni ciclo di test non solo produce risultati tecnici, ma documenta anche il rispetto delle policy e delle leggi vigenti, riducendo i rischi di non conformità e facilitando audit e ispezioni da parte di enti regolatori.

In sintesi, la combinazione di audit blockchain e compliance automatizzata consente ad AETERNA di offrire sia tracciabilità immutabile che valutazione oggettiva della conformità durante tutte le campagne di test di performance e scalabilità.","[0.26172536611557007, 0.2710266709327698, 0.30121558904647827]","['synthetic_data_AETERNA\\Volume_17_testing,_validazione_e_certificazione.md:0:71', 'synthetic_data_AETERNA\\Volume_17_testing,_validazione_e_certificazione.md:0:57', 'synthetic_data_AETERNA\\Volume_13_interoperabilità_e_standardizzazione_internazionale.md:0:129']","['I test di performance e scalabilità costituiscono un pilastro metodologico imprescindibile per la validazione della robustezza, dell’efficienza e della resilienza della piattaforma AETERNA. In un contesto architetturale distribuito su tre livelli (Edge, Fog, Cloud) e caratterizzato da eterogeneità di carichi, la capacità del sistema di sostenere simultaneamente migliaia di interazioni, richieste di trading P2P, operazioni di bilanciamento predittivo AI e processi di audit blockchain rappresenta una sfida tecnica di primo ordine. L’obiettivo dei test di performance e scalabilità è duplice: da un lato, garantire che la piattaforma mantenga livelli di servizio (SLA) concordati anche in condizioni di stress; dall’altro, identificare', 'riproducendo condizioni operative sia nominali che di errore, con l’obiettivo di intercettare tempestivamente regressioni, incompatibilità e difetti di integrazione che sfuggirebbero a test unitari o di singolo componente. L’approccio adottato nel progetto AETERNA si fonda su principi di modularità, riusabilità e orchestrazione centralizzata, assicurando la scalabilità e la ripetibilità delle verifiche su tutta la piattaforma.', 'Affidabilità Operativa: La definizione rigorosa e il monitoraggio continuo delle metriche SLA assicurano livelli di servizio prevedibili, minimizzando downtime e disservizi, anche in scenari cross-border.\n\nCompliance e Adattabilità: La parametrizzazione locale e la mappatura automatica delle normative consentono ad AETERNA di operare in conformità con le leggi di ogni giurisdizione, riducendo i rischi di sanzioni e facilitando l’adozione globale.\n\nTrasparenza e Fiducia: L’archiviazione sicura, la tracciabilità blockchain e i processi di audit garantiscono trasparenza, accountability e possibilità di verifica da parte di partner, utenti e autorità.']"
"Quali sono le fasi principali del workflow di gestione delle vulnerabilità nel Progetto AETERNA e come ciascuna di esse contribuisce a garantire la compliance, la tracciabilità e la resilienza del sistema energetico decentralizzato?","Le fasi principali del workflow di gestione delle vulnerabilità nel Progetto AETERNA sono:

1. Rilevazione: Ogni vulnerabilità identificata viene registrata con UUID univoco, dettagli tecnici, contesto di esecuzione e impatto stimato, garantendo la tracciabilità e la documentazione puntuale di ogni issue.

2. Classificazione e Prioritizzazione: La severità della vulnerabilità viene determinata secondo criteri di rischio (CVSS, impatto su badge Kyoto 2.0, esposizione su Bit-Energy), assegnando priorità High, Medium o Low, contribuendo alla compliance e alla gestione efficiente delle risorse di remediation.

3. Remediation: Le vulnerabilità vengono assegnate ai team di sviluppo competenti; le patch sono validate con regression testing automatizzato e, se critiche, sottoposte a penetration test di verifica, assicurando la resilienza del sistema attraverso la tempestiva mitigazione dei rischi.

4. Audit e Compliance: Ogni ciclo di remediation viene ancorato su blockchain Bit-Energy, con emissione di badge Kyoto 2.0 per la conformità; i report sono accessibili per audit esterni e interni, garantendo la tracciabilità immutabile e la compliance agli standard di progetto.

5. Continuous Monitoring: I security agent Edge/Fog monitorano il runtime per exploit attivi, notificando in tempo reale anomalie e tentativi di attacco, rafforzando la resilienza e la capacità di risposta del sistema energetico decentralizzato.

Ciascuna fase contribuisce a garantire compliance (attraverso badge Kyoto 2.0 e audit su Bit-Energy), tracciabilità (registrazione dettagliata, UUID, ancoraggio blockchain) e resilienza (remediation tempestiva, regression testing, monitoraggio continuo) del sistema.",difficile,"Le fasi principali del workflow di gestione delle vulnerabilità nel Progetto AETERNA sono:

1. **Rilevazione**
   - **Azione:** Registrazione della vulnerabilità con UUID e dettagli tecnici.
   - **Output/Artefatto:** Ticket issue, log CI/CD.
   - **Contributo:** Garantisce la **tracciabilità** delle vulnerabilità fin dal primo momento, associando a ciascun evento un identificativo univoco e dettagli tecnici. Questo permette di ricostruire la storia di ogni vulnerabilità e di dimostrare, in sede di audit, la tempestività e la precisione nella rilevazione.

2. **Classificazione**
   - **Azione:** Assegnazione della severità (CVSS, badge Kyoto 2.0, Bit-Energy) e definizione della priorità di remediation.
   - **Output/Artefatto:** Priorità remediation.
   - **Contributo:** Consente di **prioritizzare** gli interventi in base all’impatto e alla criticità, utilizzando metriche standard (CVSS) e interne (Kyoto 2.0, Bit-Energy). Questo supporta la **compliance** sia con normative internazionali che con policy specifiche AETERNA, assicurando che le vulnerabilità più gravi vengano gestite con urgenza.

3. **Remediation**
   - **Azione:** Applicazione di fix, patch, regression test.
   - **Output/Artefatto:** Commit, merge request, report Allure.
   - **Contributo:** La fase di remediation è documentata tramite strumenti di versionamento e reportistica automatizzata, garantendo **tracciabilità** delle azioni correttive e la possibilità di dimostrare, in caso di verifica, che le vulnerabilità sono state effettivamente risolte e testate.

4. **Audit/Compliance**
   - **Azione:** Ancoraggio su Bit-Energy, aggiornamento badge Kyoto 2.0.
   - **Output/Artefatto:** Hash report, badge status.
   - **Contributo:** L’ancoraggio delle evidenze su sistemi come Bit-Energy e l’aggiornamento dei badge Kyoto 2.0 forniscono **garanzie di integrità** e **non ripudio** delle attività svolte, facilitando la **compliance** normativa (es. GDPR) e la trasparenza verso gli stakeholder.

5. **Monitoring**
   - **Azione:** Security agent runtime, alert exploit.
   - **Output/Artefatto:** Log, notifiche, escalation automatica.
   - **Contributo:** Il monitoraggio continuo e la gestione automatica degli alert assicurano una **resilienza** operativa, permettendo una risposta tempestiva a nuove minacce e la raccolta di dati utili per audit e miglioramento continuo.

**Sintesi:**  
Questo workflow strutturato e automatizzato assicura che ogni vulnerabilità sia identificata, valutata, risolta e monitorata in modo tracciabile e conforme alle normative. L’integrazione di strumenti di audit e compliance by design, insieme a processi di monitoraggio avanzati, rafforza la **resilienza** del sistema energetico decentralizzato AETERNA, garantendo la protezione dei dati, la continuità operativa e la fiducia degli stakeholder.","[0.2727632522583008, 0.2981089949607849, 0.30323028564453125]","['synthetic_data_AETERNA\\Volume_17_testing,_validazione_e_certificazione.md:0:96', 'synthetic_data_AETERNA\\Volume_09_governance_e_modelli_di_partecipazione.md:0:127', 'synthetic_data_AETERNA\\Volume_14_monitoraggio,_telemetria_e_analisi_predittiva.md:0:110']","['Tabella — Workflow di Gestione Vulnerabilità\n\nFase Azione Output/Artefatto Rilevazione Registrazione vulnerabilità con UUID, dettagli tecnici Ticket issue, log CI/CD Classificazione Assegnazione severità (CVSS, badge Kyoto 2.0, Bit-Energy) Priorità remediation Remediation Fix, patch, regression test Commit, merge request, report Allure Audit/Compliance Ancoraggio su Bit-Energy, badge Kyoto 2.0 update Hash report, badge status Monitoring Security agent runtime, alert exploit Log, notifiche, escalation automatica\n\nImpatto\n\nL’adozione di una strategia di security testing rigorosa e automatizzata, come delineato nel presente capitolo, produce un impatto determinante su diversi livelli del Progetto AETERNA:', 'Introduzione Teorica\n\nLa gestione delle emergenze e la continuità operativa rappresentano pilastri fondamentali per la resilienza delle micro-reti energetiche AETERNA. In un contesto caratterizzato da decentralizzazione, interoperabilità multi-livello (Edge-Fog-Cloud) e transazioni energetiche P2P basate su blockchain, la capacità di rispondere prontamente a eventi critici—quali attacchi informatici, guasti hardware, blackout locali o disastri naturali—costituisce un requisito imprescindibile. L’approccio AETERNA si fonda su una pianificazione preventiva, l’adozione di protocolli strutturati e la continua verifica delle strategie di recovery, al fine di garantire la disponibilità dei servizi, la protezione dei dati e la fiducia degli stakeholder.', 'Nel contesto delle micro-reti energetiche decentralizzate, la sicurezza dei dati di monitoraggio e la conformità normativa rappresentano pilastri imprescindibili per garantire l’affidabilità, la resilienza e l’accettabilità sociale del sistema AETERNA. La natura distribuita del framework, la presenza di dati personali e la necessità di interoperabilità con sistemi terzi impongono un approccio rigoroso e multilivello alla protezione delle informazioni e al rispetto delle normative europee (in particolare il GDPR) e degli standard interni AETERNA (es. Kyoto 2.0, Bit-Energy). Il monitoraggio continuo, la telemetria e la gestione degli eventi devono pertanto essere progettati con controlli di sicurezza avanzati, processi di audit granulari e policy di compliance integrate by design.']"
Qual è il costo medio annuale per la manutenzione dei connettori nativi utilizzati per la sincronizzazione tra Jira e Azure DevOps nel framework di tracciabilità di AETERNA?,L'informazione non è disponibile nel testo,impossibile,"Nel contesto fornito non sono presenti informazioni relative al costo medio annuale per la manutenzione dei connettori nativi utilizzati per la sincronizzazione tra Jira e Azure DevOps nel framework di tracciabilità di AETERNA. Le specifiche tecniche descrivono l’uso di connettori nativi, API REST e webhook, ma non riportano dati economici o di licensing relativi alla manutenzione di tali integrazioni.","[0.3862234354019165, 0.47590041160583496, 0.4902629852294922]","['synthetic_data_AETERNA\\Volume_17_testing,_validazione_e_certificazione.md:0:102', 'synthetic_data_AETERNA\\Volume_14_monitoraggio,_telemetria_e_analisi_predittiva.md:0:102', 'synthetic_data_AETERNA\\Volume_17_testing,_validazione_e_certificazione.md:0:106']","['Specifiche Tecniche e Protocolli\n\n1. Strumenti ALM e Integrazione\n\nIl framework di tracciabilità di AETERNA si fonda sull’adozione integrata di strumenti ALM di classe enterprise, in particolare Jira e Azure DevOps. Questi strumenti sono stati selezionati per la loro capacità di supportare:\n\nGestione granulare dei requisiti: ogni requisito è rappresentato come issue (Jira) o work item (Azure DevOps), dotato di metadati strutturati (UUID, categoria, priorità, stato, owner, data di creazione/modifica).\n\nLinking bidirezionale: i requisiti sono associati in modo esplicito ai corrispondenti casi di test (test case), task di sviluppo (development task), bug, risultati di validazione e campagne di test.', 'L’APM Agent invia l’alert al Monitoring Core con trace-id e asset-id.\n\nL’Incident Bridge riceve l’alert, lo mappa sul template “Critical Node Desync”, e genera un ticket su Jira Service Management via API.\n\nIl ticket viene assegnato automaticamente al team “Edge Operations”.\n\nIl team riceve notifica via Slack/Email (integrazione nativa Jira).\n\nLa risoluzione dell’anomalia (es. resync forzato via Automation Orchestrator) aggiorna lo stato del ticket a “Resolved” tramite webhook.\n\nTutte le operazioni sono notarizzate su blockchain Bit-Energy.\n\nDiagramma e Tabelle\n\nDiagramma di Flusso di Integrazione', 'Dashboard custom (Grafana, Power BI) aggregano i dati di tracciabilità, consentendo drill-down per modulo, team, sprint, release.\n\n3. Protocolli di Integrazione e Sicurezza\n\nSincronizzazione tra strumenti: utilizzo di connettori nativi (Jira-Azure DevOps), API REST e webhook per mantenere allineati i dati tra i diversi sistemi.\n\nGestione delle credenziali e accessi: autenticazione federata (OAuth2, SAML), audit trail degli accessi, segregazione dei ruoli (owner, revisore, sviluppatore, tester).\n\nAncoraggio su Bit-Energy: ogni milestone di tracciabilità (es. chiusura requisito, esito test, rilascio di una feature) viene hashata e registrata su ledger Bit-Energy, garantendo non ripudiabilità e integrità storica.']"
Quale strumento viene utilizzato per la simulazione di dipendenze esterne non disponibili o non ancora sviluppate durante il testing di integrazione nel progetto AETERNA?,WireMock,facile,"Nel contesto del progetto AETERNA, per la simulazione di dipendenze esterne non disponibili o non ancora sviluppate durante il testing di integrazione, vengono utilizzati strumenti di mocking e simulazione di servizi. Questi strumenti permettono di emulare il comportamento di API RESTful, servizi cloud, storage distribuito e altre dipendenze critiche, consentendo di testare i microservizi anche in assenza delle reali integrazioni esterne.

Sebbene il testo non menzioni esplicitamente il nome di uno strumento specifico, la prassi consolidata in ecosistemi simili prevede l’adozione di soluzioni come **WireMock**, **MockServer** o **Postman Mock Servers** per la simulazione di API REST, e strumenti analoghi per altri protocolli (ad esempio, LocalStack per servizi AWS). Questi strumenti vengono integrati nelle pipeline CI/CD per automatizzare la simulazione delle dipendenze e la generazione di condizioni di errore, garantendo la copertura dei casi limite e la resilienza operativa.

**In sintesi:**  
Nel progetto AETERNA, la simulazione delle dipendenze esterne durante il testing di integrazione viene realizzata tramite strumenti di mocking e simulazione di servizi, integrati nelle pipeline CI/CD.","[0.37400925159454346, 0.37929487228393555, 0.3826386332511902]","['synthetic_data_AETERNA\\Volume_10_gestione_delle_emergenze_e_continuità_operativa.md:0:69', 'synthetic_data_AETERNA\\Volume_17_testing,_validazione_e_certificazione.md:0:114', 'synthetic_data_AETERNA\\Volume_10_gestione_delle_emergenze_e_continuità_operativa.md:0:71']","['La resilienza operativa del Progetto AETERNA, in quanto ecosistema energetico federato e distribuito, dipende in misura critica dalla gestione delle dipendenze esterne. Tali dipendenze includono fornitori di servizi cloud, API di terze parti, infrastrutture condivise e componenti di supporto non direttamente controllati dal dominio AETERNA. In scenari di emergenza – quali indisponibilità di provider, degradazione dei servizi, attacchi informatici o eventi infrastrutturali avversi – la capacità di isolare, sostituire o reindirizzare tali dipendenze rappresenta un elemento chiave per la continuità operativa e la prevenzione di single point of failure. L’approccio adottato da AETERNA si fonda su una strategia multi-vendor e multi-cloud, integrando meccanismi', 'Nell’ecosistema AETERNA, caratterizzato da livelli Edge, Fog e Cloud, la complessità delle interazioni si amplifica ulteriormente a causa della presenza di flussi asincroni (eventi, messaggistica) e sincroni (API RESTful), oltre alla necessità di simulare dipendenze esterne e condizioni di errore per garantire la copertura dei casi limite. L’obiettivo del presente capitolo è documentare in modo dettagliato le strategie, gli strumenti e i criteri di successo adottati per il testing di integrazione tra microservizi, nonché le modalità di automazione e reporting integrate nelle pipeline CI/CD.\n\nSpecifiche Tecniche e Protocolli\n\n1. Strategie di Testing di Integrazione', 'Specifiche Tecniche e Protocolli\n\n1. Mappatura delle Dipendenze Esterne\n\nLe principali dipendenze esterne identificate nel perimetro AETERNA sono:\n\nCategoria Esempi Specifici Criticità Tipologia Integrazione Cloud IaaS/PaaS AWS, GCP, Azure, OVH Alta API REST/gRPC, SDK Storage Distribuito S3-compatible, Azure Blob, Google Cloud Storage Alta REST API, S3 SDK Blockchain Bit-Energy Blockchain (nodi pubblici/privati) Critica gRPC, REST API API Terze Parti Weather, prezzi energia, identità digitale Media REST API, OAuth2 Logging/Monitoring Prometheus Cloud, Grafana Cloud, Elastic Cloud Media Push/Exporters, REST Notification Services Twilio, SendGrid, Slack, Telegram, SMS Gateway Bassa REST API, Webhook\n\nCriteri di Valutazione per la Business Continuity']"
In che modo la combinazione di audit periodici e sistemi di data lineage garantisce la tracciabilità e la certificazione dei dati nel Progetto AETERNA?,"La combinazione di audit periodici e sistemi di data lineage nel Progetto AETERNA garantisce la tracciabilità e la certificazione dei dati attraverso audit automatizzati su base settimanale o mensile che verificano incrociatamente i dati tra Edge, Fog e Cloud, con ogni modifica, accesso o esportazione tracciata tramite log firmati digitalmente e archiviati in repository immutabili. I sistemi di data lineage ricostruiscono il percorso di ogni dato dalla generazione fino all’analisi aggregata, con visualizzazione grafica e reportistica dettagliata, e ogni passaggio chiave è ancorato su blockchain Bit-Energy, fornendo una catena di custodia inalterabile. Questi processi assicurano la trasparenza, la non ripudiabilità e la certificazione temporale dei dati, in conformità agli standard interni come Kyoto 2.0 e Bit-Energy.",media,"Nel Progetto AETERNA, la combinazione di audit periodici e sistemi di data lineage garantisce la tracciabilità e la certificazione dei dati attraverso un approccio integrato e multilivello:

**1. Audit periodici:**  
Gli audit periodici, condotti da Data Steward, Data Owner e monitorati dal DPO, assicurano che ogni fase del ciclo di vita dei dati sia sottoposta a controlli regolari. Questi audit verificano la coerenza, l’integrità e la conformità dei dati rispetto alle policy interne e ai requisiti normativi. La raccolta strutturata dei log e la loro analisi consentono di individuare tempestivamente eventuali anomalie, accessi non autorizzati o tentativi di manipolazione.

**2. Sistemi di data lineage:**  
Il data lineage traccia in modo dettagliato l’origine, le trasformazioni e i flussi dei dati all’interno dell’ecosistema AETERNA. Ogni operazione sensibile viene registrata, rendendo possibile ricostruire a posteriori l’intero percorso del dato, dalla generazione fino all’utilizzo finale (ad esempio per analisi, trading o bilanciamento predittivo). Questo garantisce l’immutabilità e la trasparenza delle operazioni.

**3. Integrazione e certificazione:**  
L’integrazione tra audit log, sistemi di data lineage e strumenti di compliance (come SIEM e Compliance Engine) permette di certificare che i dati non siano stati alterati in modo non autorizzato e che ogni modifica sia tracciabile e giustificata. In caso di audit esterni o ispezioni, è possibile fornire una prova documentale e verificabile della storia e dell’integrità dei dati.

**4. Benefici per tracciabilità e certificazione:**  
- **Tracciabilità:** Ogni dato è associato a metadati che ne documentano origine, modifiche, accessi e utilizzi, garantendo la possibilità di risalire a chi, quando e come ha interagito con esso.
- **Certificazione:** La combinazione di controlli periodici e tracciamento continuo consente di attestare la qualità, l’affidabilità e la conformità dei dati, facilitando la risposta a requisiti regolamentari e la fiducia degli stakeholder.

In sintesi, l’approccio adottato da AETERNA assicura che i dati siano sempre monitorati, verificabili e certificabili, riducendo i rischi operativi e normativi e rafforzando la resilienza e la trasparenza dell’intero ecosistema.","[0.3032400608062744, 0.3183095455169678, 0.32713502645492554]","['synthetic_data_AETERNA\\Volume_08_gestione_dei_dati_e_privacy.md:0:85', 'synthetic_data_AETERNA\\Volume_08_gestione_dei_dati_e_privacy.md:0:115', 'synthetic_data_AETERNA\\Volume_13_interoperabilità_e_standardizzazione_internazionale.md:0:113']","['Nel contesto delle micro-reti energetiche decentralizzate di AETERNA, la sicurezza dei dati rappresenta un pilastro fondamentale per la resilienza e la fiducia dell’intero ecosistema. L’audit continuo e il monitoraggio proattivo della sicurezza dei dati non si limitano alla mera raccolta di log, ma costituiscono un processo strutturato e multilivello che abbraccia la prevenzione, la rilevazione e la risposta tempestiva agli incidenti. L’obiettivo è garantire la tracciabilità, l’integrità e l’immutabilità delle operazioni sensibili, assicurando la compliance rispetto alle policy interne e ai requisiti regolamentari. In AETERNA, tale processo si articola attraverso l’integrazione di sistemi di audit log', 'Qualità e Integrità dei Dati: La supervisione continua da parte dei Data Steward, la validazione periodica dei Data Owner e il monitoraggio del DPO garantiscono che i dati siano affidabili, coerenti e utilizzabili per le finalità di analisi, trading e bilanciamento predittivo.\n\nCompliance Dinamica: L’integrazione con sistemi di audit, SIEM e Compliance Engine permette di adattare rapidamente le policy a nuove normative o minacce emergenti, mantenendo AETERNA allineato agli standard interni e alle best practice.', '4. Impatto\n\nL’adozione di un sistema avanzato di monitoraggio, logging e tracciabilità internazionale in AETERNA produce un impatto significativo su più fronti:\n\nSicurezza Operativa: la capacità di individuare tempestivamente anomalie, tentativi di intrusione o manipolazione dei dati energetici riduce il rischio di incidenti e frodi.\n\nCompliance Normativa: la flessibilità nella conservazione, anonimizzazione e segregazione dei dati consente ad AETERNA di operare in conformità con le normative locali e internazionali, facilitando audit e ispezioni.\n\nResilienza e Scalabilità: la replica geografica e l’isolamento dei dati permettono di mantenere la continuità operativa anche in caso di fault regionali, attacchi o disastri naturali.']"
"Descrivi come l’integrazione di microservizi orchestrati tramite containerizzazione, intelligenza artificiale distribuita, edge computing e blockchain permissioned contribuisce in modo sinergico a garantire resilienza, efficienza operativa, sicurezza, personalizzazione e flessibilità evolutiva nella piattaforma AETERNA.","L’integrazione di microservizi orchestrati tramite containerizzazione, intelligenza artificiale distribuita, edge computing e blockchain permissioned nella piattaforma AETERNA garantisce resilienza grazie all’orchestrazione containerizzata e all’edge computing, che permettono di rispondere dinamicamente a variazioni di carico, guasti localizzati e picchi di domanda, assicurando continuità operativa e performance prevedibili. L’efficienza operativa è ottenuta tramite AI predittiva che ottimizza la gestione delle risorse energetiche, consente manutenzione proattiva e riduce tempi di risposta a eventi anomali. La sicurezza e la compliance sono assicurate dall’adozione di blockchain permissioned e smart contract, che automatizzano la conformità a standard come Kyoto 2.0 e Bit-Energy, offrendo audit trail immutabili e certificazione temporale delle operazioni critiche. La personalizzazione e l’empowerment degli utenti sono abilitati da AI/ML e federated learning, che permettono la profilazione dinamica di utenti e micro-reti e la personalizzazione dei servizi. Infine, la flessibilità evolutiva è garantita dalla modularità dei microservizi e dalla portabilità dei container, che facilitano l’integrazione di nuove tecnologie emergenti e accelerano il time-to-market delle innovazioni, minimizzando il rischio di lock-in tecnologico.",difficile,"L’integrazione sinergica di microservizi orchestrati tramite containerizzazione, intelligenza artificiale distribuita, edge computing e blockchain permissioned nella piattaforma AETERNA garantisce i seguenti benefici:

**1. Resilienza**
- **Microservizi containerizzati**: Ogni componente funzionale è isolato in un container, permettendo il riavvio automatico e la sostituzione rapida in caso di guasto, senza impattare l’intero sistema.
- **Orchestrazione (Kubernetes)**: Gestisce il bilanciamento del carico, la replica e il failover automatico, assicurando continuità operativa anche in presenza di fault localizzati.
- **Edge computing**: Consente l’elaborazione locale dei dati, riducendo la dipendenza dalla connettività cloud e garantendo operatività anche in condizioni di rete degradate.

**2. Efficienza Operativa**
- **AI distribuita**: L’apprendimento federato e l’analisi predittiva ottimizzano la gestione delle risorse energetiche, anticipando anomalie e abilitando la manutenzione proattiva.
- **Containerizzazione**: Facilita il deployment continuo e l’aggiornamento incrementale dei servizi, riducendo i downtime e i costi di gestione.
- **Edge–Fog–Cloud**: La stratificazione consente di allocare i carichi computazionali in modo dinamico, ottimizzando l’uso delle risorse e minimizzando la latenza.

**3. Sicurezza**
- **Blockchain permissioned**: Garantisce l’integrità, la tracciabilità e la non ripudiabilità delle transazioni tra nodi, abilitando audit e compliance.
- **Microservizi isolati**: Limita la superficie d’attacco, confinando eventuali vulnerabilità a singoli container.
- **Protocolli federati**: Consentono la condivisione di modelli AI senza trasferire dati sensibili, preservando la privacy.

**4. Personalizzazione**
- **Microservizi modulari**: Ogni dominio funzionale può essere personalizzato, sostituito o esteso senza impattare l’intera piattaforma.
- **AI distribuita**: Permette l’adattamento dei modelli predittivi alle specificità delle singole micro-reti o dispositivi, migliorando la pertinenza delle analisi.

**5. Flessibilità Evolutiva**
- **Containerizzazione e orchestrazione**: Agevolano l’integrazione di nuove tecnologie e l’aggiornamento dei servizi, supportando l’evoluzione continua della piattaforma.
- **Architettura multilivello (Edge–Fog–Cloud)**: Consente di scalare orizzontalmente o verticalmente in base alle esigenze, integrando facilmente nuovi nodi o funzionalità.

**In sintesi**, la combinazione di queste tecnologie crea un ecosistema robusto, adattivo e sicuro, capace di rispondere in modo proattivo alle sfide delle micro-reti energetiche urbane, garantendo al contempo efficienza, personalizzazione e capacità di evolvere nel tempo.","[0.23677515983581543, 0.24800920486450195, 0.24915450811386108]","['synthetic_data_AETERNA\\Volume_02_architettura_di_sistema_a_tre_livelli.md:0:1', 'synthetic_data_AETERNA\\Volume_18_evoluzione_tecnologica_e_roadmap_di_ricerca.md:0:13', 'synthetic_data_AETERNA\\Volume_18_evoluzione_tecnologica_e_roadmap_di_ricerca.md:0:3']","['L’implementazione di AETERNA si fonda su uno stack tecnologico multilivello, progettato per garantire interoperabilità, scalabilità e resilienza nell’ambito delle micro-reti energetiche urbane. La stratificazione Edge–Fog–Cloud non è solamente una scelta architetturale, ma una necessità funzionale per orchestrare la coesistenza di dispositivi eterogenei, dalla sensoristica legacy fino alle piattaforme di intelligenza artificiale distribuita. La presenza di una blockchain permissioned e di protocolli di apprendimento federato introduce ulteriori requisiti di compatibilità e sicurezza, che si riflettono nella selezione e nell’integrazione delle tecnologie a ogni livello. La matrice di compatibilità tra sistemi operativi, presentata in questo capitolo, costituisce', 'Impatto\n\nL’integrazione sistematica delle tecnologie emergenti sopra descritte comporta un impatto trasformativo su più livelli della piattaforma AETERNA:\n\nResilienza e Scalabilità: L’orchestrazione containerizzata e l’edge computing consentono di rispondere dinamicamente a variazioni di carico, guasti localizzati e picchi di domanda, garantendo continuità operativa e performance prevedibili.\n\nEfficienza Operativa: L’AI predittiva riduce drasticamente i tempi di risposta a eventi anomali, ottimizza la gestione delle risorse energetiche e consente una manutenzione proattiva, riducendo i costi operativi e i downtime.', 'Specifiche Tecniche e Protocolli\n\n1. Microservizi Orchestrati e Containerizzazione\n\nRazionale: L’adozione di architetture a microservizi, orchestrate tramite piattaforme di containerizzazione (es. Kubernetes), si configura come la risposta più efficace alle esigenze di scalabilità elastica, deployment continuo e fault isolation. In AETERNA, ogni dominio funzionale (es. gestione H-Node, bilanciamento AI, auditing blockchain, orchestrazione Fog) è implementato come microservizio autonomo, containerizzato tramite Docker e orchestrato da Kubernetes (K8s).']"
Qual è il costo medio di sviluppo e validazione di un modulo AI per ottimizzazione predittiva integrato nella pipeline AETERNA?,L'informazione non è disponibile nel testo,impossibile,"Nel contesto fornito non sono presenti informazioni specifiche o stime numeriche relative al costo medio di sviluppo e validazione di un modulo AI per ottimizzazione predittiva integrato nella pipeline AETERNA. Le specifiche tecniche descritte si concentrano sugli aspetti architetturali, sugli algoritmi utilizzati (LSTM, regressione multivariata), sulle pipeline di data ingestion (Apache NiFi) e sulle tecniche di feature engineering, ma non riportano dati economici o riferimenti a costi di sviluppo, implementazione o validazione.

**Risposta:**  
Il costo medio di sviluppo e validazione di un modulo AI per ottimizzazione predittiva integrato nella pipeline AETERNA non è specificato nel contesto fornito.","[0.35072392225265503, 0.36033880710601807, 0.3697667717933655]","['synthetic_data_AETERNA\\Volume_06_algoritmi_di_ottimizzazione_energetica.md:0:117', 'synthetic_data_AETERNA\\Volume_16_sostenibilità_ambientale_e_impatto_sociale.md:0:101', 'synthetic_data_AETERNA\\Volume_20_business_model,_scalabilità_e_sostenibilità_economica.md:0:72']","['Specifiche Tecniche e Protocolli\n\n1. Modelli Predittivi per la Stima e l’Ottimizzazione dei Costi\n\na. Previsione della Domanda Energetica e Dinamica dei Prezzi\n\nAETERNA implementa un motore predittivo multi-livello, basato su modelli di Machine Learning supervisionati e non supervisionati, per la stima dei consumi futuri e la previsione dei prezzi di acquisto. I principali algoritmi adottati includono:\n\nLSTM (Long Short-Term Memory): impiegato per la previsione sequenziale della domanda energetica a livello di H-Node (domestico) e Fog (quartiere), sfruttando serie storiche di consumo, dati meteorologici e pattern comportamentali degli utenti.', 'Specifiche Tecniche e Protocolli\n\n1. Intelligenza Artificiale per l’Ottimizzazione Predittiva dei Consumi\n\nAETERNA ha introdotto una suite di modelli AI (basati su reti neurali ricorrenti LSTM e modelli di regressione multivariata) per la previsione dei carichi energetici a livello sia di H-Node (Edge) sia di micro-rete di quartiere (Fog). L’architettura prevede:\n\nData Ingestion: Pipeline ETL (Apache NiFi) per l’acquisizione in tempo reale di dati da sensori IoT, smart meter, fonti meteorologiche e profili di consumo storici.\n\nFeature Engineering: Utilizzo di tecniche di data augmentation e selezione automatica delle variabili tramite algoritmi wrapper (Recursive Feature Elimination).', 'L’ottimizzazione dei costi operativi rappresenta un asse portante per la sostenibilità a lungo termine e la competitività del Progetto AETERNA. In un contesto di micro-reti energetiche urbane, caratterizzato da elevata dinamicità e complessità infrastrutturale, la riduzione sistematica degli sprechi, delle inefficienze e dei costi ricorrenti è un obiettivo imprescindibile. L’approccio adottato da AETERNA si fonda su una combinazione sinergica di automazione, standardizzazione e adozione di strumenti di monitoring avanzati, supportati da una infrastruttura cloud elastica e da componenti di intelligenza artificiale. L’analisi e il controllo in tempo reale delle principali voci di spesa, abilitati da dashboard analitiche, consentono una gestione']"
Qual è l’obiettivo principale del Modulo di Orchestrazione Intelligente dei Servizi nel Progetto AETERNA?,"Ottimizzazione dinamica della distribuzione delle risorse computazionali tra microservizi, minimizzando latenza e massimizzando efficienza operativa.",facile,"L’obiettivo principale del Modulo di Orchestrazione Intelligente dei Servizi nel Progetto AETERNA è gestire in modo dinamico ed efficiente l’allocazione delle risorse, la selezione delle fonti energetiche e la distribuzione dei carichi di lavoro nelle micro-reti energetiche urbane decentralizzate. Questo modulo, attraverso strategie e algoritmi di ottimizzazione multi-obiettivo, mira a massimizzare l’efficienza operativa, minimizzare i costi e garantire la sostenibilità ambientale, abilitando una gestione intelligente e adattiva delle infrastrutture e dei servizi del sistema.","[0.35229241847991943, 0.3610506057739258, 0.3614537715911865]","['synthetic_data_AETERNA\\Volume_20_business_model,_scalabilità_e_sostenibilità_economica.md:0:72', 'synthetic_data_AETERNA\\Volume_06_algoritmi_di_ottimizzazione_energetica.md:0:30', 'synthetic_data_AETERNA\\Volume_14_monitoraggio,_telemetria_e_analisi_predittiva.md:0:140']","['L’ottimizzazione dei costi operativi rappresenta un asse portante per la sostenibilità a lungo termine e la competitività del Progetto AETERNA. In un contesto di micro-reti energetiche urbane, caratterizzato da elevata dinamicità e complessità infrastrutturale, la riduzione sistematica degli sprechi, delle inefficienze e dei costi ricorrenti è un obiettivo imprescindibile. L’approccio adottato da AETERNA si fonda su una combinazione sinergica di automazione, standardizzazione e adozione di strumenti di monitoring avanzati, supportati da una infrastruttura cloud elastica e da componenti di intelligenza artificiale. L’analisi e il controllo in tempo reale delle principali voci di spesa, abilitati da dashboard analitiche, consentono una gestione', 'Nel contesto delle micro-reti energetiche urbane decentralizzate, l’ottimizzazione multi-obiettivo rappresenta una disciplina centrale per la gestione efficiente, sostenibile ed economicamente vantaggiosa delle risorse computazionali e infrastrutturali. L’approccio multi-obiettivo si distingue dall’ottimizzazione tradizionale per la capacità di considerare simultaneamente una pluralità di criteri – tipicamente, efficienza operativa, minimizzazione dei costi e sostenibilità ambientale – che risultano spesso in conflitto tra loro. Nel Progetto AETERNA, tale paradigma si traduce in una serie di strategie e algoritmi che orchestrano dinamicamente l’allocazione delle risorse, la selezione delle fonti energetiche e la gestione dei carichi di lavoro, al fine di', 'In sintesi, il sistema di monitoraggio implementato in AETERNA costituisce un elemento abilitante per la gestione intelligente, sicura e conforme di infrastrutture cloud e ibride, rappresentando un punto di riferimento per l’osservabilità in architetture energetiche decentralizzate di nuova generazione.']"
Come viene garantita la tracciabilità delle modifiche apportate alla roadmap tecnologica di AETERNA e in che modo questa tracciabilità si collega alla comunicazione con gli stakeholder?,"La tracciabilità delle modifiche apportate alla roadmap tecnologica di AETERNA è garantita tramite l’utilizzo di sistemi di version control documentale (Git, SharePoint) per la gestione delle roadmap e dei relativi changelog. Ogni modifica viene documentata nel registro delle modifiche della roadmap, con riferimento incrociato ai ticket di origine, alle decisioni architetturali e alle dipendenze impattate. La comunicazione con gli stakeholder avviene attraverso notifiche automatizzate tramite canali integrati (Slack, Teams) e la pubblicazione delle roadmap aggiornate su un portale interno, assicurando accountability, trasparenza e facilitando gli audit interni ed esterni.",media,"La tracciabilità delle modifiche apportate alla roadmap tecnologica di AETERNA viene garantita attraverso una rigorosa registrazione e pubblicazione sistematica dei changelog. Ogni decisione rilevante e ogni aggiornamento vengono documentati in modo strutturato, consentendo di ricostruire in qualsiasi momento il percorso decisionale e le motivazioni alla base delle scelte effettuate.

Questa tracciabilità si collega direttamente alla comunicazione con gli stakeholder in due modi principali:

1. **Accountability e Trasparenza:** La disponibilità di changelog dettagliati e accessibili rafforza la fiducia degli stakeholder, poiché consente loro di verificare in modo trasparente le evoluzioni del progetto e le relative motivazioni.

2. **Facilitazione degli Audit:** La documentazione sistematica delle modifiche agevola sia gli audit interni che quelli esterni, permettendo una verifica puntuale della coerenza tra le decisioni prese e gli obiettivi del progetto.

In sintesi, la tracciabilità delle modifiche non solo garantisce un controllo efficace sul processo di aggiornamento della roadmap, ma rappresenta anche uno strumento chiave per una comunicazione chiara e affidabile con tutti gli stakeholder coinvolti.","[0.26921188831329346, 0.28516292572021484, 0.29638731479644775]","['synthetic_data_AETERNA\\Volume_18_evoluzione_tecnologica_e_roadmap_di_ricerca.md:0:52', 'synthetic_data_AETERNA\\Volume_18_evoluzione_tecnologica_e_roadmap_di_ricerca.md:0:54', 'synthetic_data_AETERNA\\Volume_15_formazione,_supporto_e_community.md:0:107']","['Impatto\n\nL’adozione di un processo strutturato e ciclico di aggiornamento della roadmap tecnologica ha prodotto effetti tangibili sull’efficacia gestionale e sull’affidabilità architetturale del progetto AETERNA. In particolare:\n\nResilienza Architetturale: La tempestiva identificazione e gestione delle criticità (es. dipendenze bloccanti, scostamenti normativi) ha permesso di minimizzare i rischi di disallineamento tra componenti eterogenee (Edge, Fog, Cloud).\n\nAccountability e Trasparenza: La tracciabilità rigorosa delle decisioni e la pubblicazione sistematica dei changelog hanno rafforzato la fiducia degli stakeholder e facilitato gli audit interni/esterni.', 'In sintesi, il processo di aggiornamento della roadmap si configura come un elemento abilitante per la sostenibilità tecnica e organizzativa di AETERNA, garantendo la capacità del framework di evolvere in modo coerente con le sfide e le opportunità di uno scenario energetico urbano in continua trasformazione.\n\nCapitolo 5: Governance e Decision Making Tecnologico\n\nIntroduzione Teorica', 'e la traduzione in roadmap operative rappresentano snodi critici per la sostenibilità e la scalabilità del framework AETERNA.']"
"In che modo il modello di governance tecnologica adottato dal Progetto AETERNA garantisce contemporaneamente trasparenza, rapidità esecutiva, controllo dei rischi e adattabilità all’innovazione in un contesto di micro-reti energetiche decentralizzate?","Il modello di governance tecnologica adottato dal Progetto AETERNA garantisce trasparenza attraverso la tracciabilità e la documentazione di ogni decisione nei repository digitali, l’accessibilità delle informazioni e la pubblicazione delle decisioni. La rapidità esecutiva è assicurata dall’uso di workflow digitali per la raccolta e la gestione delle proposte, dalla categorizzazione automatica e dalla calendarizzazione dei processi, oltre che da un processo straordinario fast-track per le innovazioni disruptive. Il controllo dei rischi viene gestito tramite l’integrazione di risk matrix quantitative, la valutazione collegiale delle modifiche e la presenza di ruoli specifici come il Risk Analyst e il Responsabile Compliance & Security, che garantiscono la conformità agli standard interni (Kyoto 2.0, Bit-Energy) e la mitigazione dei rischi. L’adattabilità all’innovazione è ottenuta attraverso la revisione periodica delle policy, il coinvolgimento di stakeholder esterni per le innovazioni disruptive, la simulazione di impatti in ambienti di staging e sandbox, e il monitoraggio continuo tramite KPI e audit log. Questi elementi, coordinati da un comitato tecnico multidisciplinare e supportati da strumenti digitali avanzati, permettono al modello di governance di AETERNA di mantenere un equilibrio tra trasparenza, rapidità, controllo dei rischi e adattabilità in un contesto di micro-reti energetiche decentralizzate.",difficile,"Il modello di governance tecnologica adottato dal Progetto AETERNA garantisce trasparenza, rapidità esecutiva, controllo dei rischi e adattabilità all’innovazione attraverso una serie di meccanismi integrati e strutturati:

1. **Trasparenza**:  
   La trasparenza è assicurata dalla formalizzazione dei processi decisionali e dalla tracciabilità delle responsabilità. Tutte le decisioni tecniche vengono documentate e rese accessibili ai portatori di interesse tramite strumenti digitali avanzati, che permettono la consultazione in tempo reale degli atti e delle motivazioni sottostanti. La presenza di un comitato tecnico multidisciplinare favorisce inoltre la pluralità dei punti di vista e la pubblicità delle scelte.

2. **Rapidità esecutiva**:  
   Il modello prevede processi decisionali snelli, supportati da metriche di performance customizzate e da strumenti digitali che automatizzano la raccolta, l’analisi e la distribuzione delle informazioni. La delega di specifiche competenze a ruoli formalizzati consente di accelerare l’implementazione delle decisioni, riducendo i colli di bottiglia tipici delle strutture gerarchiche tradizionali.

3. **Controllo dei rischi**:  
   Il risk management è integrato nei processi di governance attraverso la valutazione continua delle dipendenze critiche e l’adozione di policy aziendali rigorose. Il sistema multilivello (Edge, Fog, Cloud) permette di isolare e gestire i rischi in modo proattivo, mentre la tracciabilità delle responsabilità facilita l’individuazione e la risoluzione tempestiva di eventuali non conformità.

4. **Adattabilità all’innovazione**:  
   Il modello è concepito per recepire rapidamente le evoluzioni normative e tecnologiche, grazie a un framework adattivo che prevede la revisione periodica degli standard interni (es. Kyoto 2.0, Bit-Energy) e l’adozione di pratiche di continuous improvement. Il comitato tecnico multidisciplinare monitora costantemente il contesto esterno e propone aggiornamenti strutturali e tecnologici in modo tempestivo.

In sintesi, la governance distribuita di AETERNA, basata su processi formalizzati, strumenti digitali e una struttura multilivello, consente di bilanciare efficacemente trasparenza, velocità, controllo dei rischi e capacità di innovazione, rispondendo alle esigenze di sicurezza, compliance e scalabilità delle micro-reti energetiche urbane.","[0.1880817413330078, 0.1909656524658203, 0.20855528116226196]","['synthetic_data_AETERNA\\Volume_16_sostenibilità_ambientale_e_impatto_sociale.md:0:127', 'synthetic_data_AETERNA\\Volume_18_evoluzione_tecnologica_e_roadmap_di_ricerca.md:0:55', 'synthetic_data_AETERNA\\Volume_09_governance_e_modelli_di_partecipazione.md:0:16']","['La governance e la conformità normativa rappresentano il pilastro fondante su cui si basa la credibilità, la resilienza e la sostenibilità del Progetto AETERNA. In un contesto caratterizzato da una crescente complessità normativa in ambito energetico, ambientale e sociale, la progettazione di un sistema di micro-reti urbane decentralizzate impone l’adozione di un modello di governance multilivello, strutturato e adattivo. Tale modello deve garantire la trasparenza delle decisioni, la tracciabilità delle responsabilità, la gestione proattiva dei rischi normativi e la capacità di recepire tempestivamente le evoluzioni legislative e regolamentari. L’implementazione di policy aziendali rigorose, la definizione di ruoli e responsabilità formalizzate, l’istituzione di', 'Capitolo 5: Governance e Decision Making Tecnologico\n\nIntroduzione Teorica\n\nLa governance tecnologica nel Progetto AETERNA rappresenta il pilastro metodologico che disciplina l’evoluzione architetturale, l’adozione di innovazioni e la gestione delle dipendenze critiche in un contesto di micro-reti energetiche decentralizzate. Il modello adottato si fonda su principi di trasparenza, accountability e rapidità esecutiva, integrando pratiche di risk management e continuous improvement. Tale modello, concepito per sostenere la complessità multilivello (Edge, Fog, Cloud) e la natura dinamica degli standard interni (es. Kyoto 2.0, Bit-Energy), si articola attorno a un comitato tecnico multidisciplinare e a processi decisionali formalizzati, supportati da strumenti digitali avanzati e metriche di performance customizzate.', 'In sintesi, il modello di governance distribuita di AETERNA si configura come un framework robusto e adattivo, in grado di sostenere la crescita della rete e di rispondere efficacemente alle sfide di sicurezza, compliance e scalabilità tipiche delle micro-reti energetiche urbane di nuova generazione.\n\nCapitolo 2: Meccanismi di Voto e Deleghe\n\nIntroduzione Teorica']"
Qual è il costo medio annuale di manutenzione del motore di ricerca semantica basato su NLP integrato nel sistema di Knowledge Management di AETERNA?,L'informazione non è disponibile nel testo,impossibile,"Il contesto fornito non include informazioni specifiche o stime relative al costo medio annuale di manutenzione del motore di ricerca semantica basato su NLP integrato nel sistema di Knowledge Management di AETERNA. Pertanto, non è possibile determinare o fornire un valore numerico o una fascia di costo sulla base delle specifiche tecniche e dei protocolli descritti.","[0.4187394976615906, 0.47164779901504517, 0.4772912263870239]","['synthetic_data_AETERNA\\Volume_15_formazione,_supporto_e_community.md:0:94', 'synthetic_data_AETERNA\\Volume_18_evoluzione_tecnologica_e_roadmap_di_ricerca.md:0:35', 'synthetic_data_AETERNA\\Volume_18_evoluzione_tecnologica_e_roadmap_di_ricerca.md:0:78']","['Specifiche Tecniche e Protocolli\n\n1. Architettura della Knowledge Base\n\nLa knowledge base di AETERNA è implementata come servizio modulare containerizzato, orchestrato su cluster Kubernetes e integrato nativamente nel portale web AETERNA. Essa si compone dei seguenti macro-componenti:\n\nStorage versionato: Basato su repository GitHub/GitLab per i contenuti testuali (Markdown) e S3-compatible object storage per allegati multimediali.\n\nMotore di ricerca semantico: Implementato tramite ElasticSearch con plugin NLP (Natural Language Processing) e supporto a query semantiche, sinonimie e fuzzy matching.\n\nPortale web responsive: Realizzato con React.js, integrato con Docusaurus/MkDocs per la navigazione e la visualizzazione strutturata degli articoli.', '3. Framework di Interoperabilità Semantica\n\nObiettivo: Abilitare l’integrazione trasparente e semantica tra sottosistemi eterogenei di AETERNA.\n\nComponenti: - Ontologie RDF/OWL: Definizione di vocabolari condivisi per entità energetiche, utenti, eventi. - Semantic Mapping Engine: Motore di mapping tra schemi dati legacy e ontologia di riferimento. - Federated Query Processor: Supporto a query SPARQL federate tra i data store dei moduli User Management e Monitoring. - API di Integrazione: Esposizione di servizi di traduzione semantica via endpoint RESTful.\n\nFlusso Operativo: 1. Ingestione dati da moduli eterogenei. 2. Annotazione semantica automatica. 3. Mapping e normalizzazione verso ontologia centrale. 4. Esecuzione query federate e aggregazione risultati.', '4. Impatto\n\nL’implementazione di un sistema strutturato di gestione della conoscenza e formazione continua in AETERNA produce impatti rilevanti su più livelli:\n\nRiduzione della dispersione informativa: grazie al repository centralizzato e ai workflow formalizzati, si minimizza il rischio di perdita di know-how critico, assicurando la reperibilità e la tracciabilità delle informazioni chiave.\n\nAccelerazione dell’onboarding e della curva di apprendimento: la disponibilità di percorsi formativi modulari, best practice aggiornate e mentorship facilita l’integrazione di nuovi membri, riducendo il tempo necessario per raggiungere piena operatività.']"
Quale strumento viene utilizzato per il caching distribuito dei dati ad alta frequenza di accesso nel Progetto AETERNA?,Redis Cluster,facile,"Nel contesto fornito non viene esplicitamente menzionato uno strumento specifico per il caching distribuito dei dati ad alta frequenza di accesso nel Progetto AETERNA. Pertanto, sulla base delle informazioni disponibili, non è possibile identificare con certezza quale strumento venga utilizzato per tale scopo.","[0.390610933303833, 0.41074395179748535, 0.4149785041809082]","['synthetic_data_AETERNA\\Volume_13_interoperabilità_e_standardizzazione_internazionale.md:0:16', 'synthetic_data_AETERNA\\Volume_14_monitoraggio,_telemetria_e_analisi_predittiva.md:0:1', 'synthetic_data_AETERNA\\Volume_05_protocolli_di_comunicazione_e_interfacce.md:0:3']","['di interruzione del servizio e perdita di dati. In questo capitolo vengono dettagliate le strategie architetturali, i protocolli di interfacciamento e i pattern di integrazione adottati per garantire la massima interoperabilità tra AETERNA e le infrastrutture legacy, con particolare attenzione agli aspetti di scalabilità, sicurezza, consistenza dei dati e monitoraggio.', 'Nel contesto del Progetto AETERNA, i sistemi di monitoraggio costituiscono la spina dorsale per la raccolta, la validazione e la distribuzione dei dati energetici e ambientali provenienti da fonti eterogenee, distribuite su tutti i livelli dell’architettura (Edge, Fog, Cloud). L’efficacia e la tempestività delle decisioni automatizzate – sia in ambito di bilanciamento predittivo tramite AI, sia per il trading P2P su blockchain – dipendono in modo critico dalla qualità e dalla disponibilità dei dati in tempo reale. La progettazione dei sistemi di monitoraggio, pertanto, si è focalizzata sull’implementazione di pipeline di raccolta dati resilienti, scalabili e interoperabili, in grado di garantire la persistenza, la tracciabilità e la coerenza', 'Specifiche Tecniche e Protocolli\n\n1. Approccio Multi-Protocollo\n\nAETERNA adotta un paradigma multi-protocollo, selezionando e orchestrando in modo sinergico MQTT, CoAP e LwM2M. Tale scelta risponde alla necessità di ottimizzare la comunicazione in funzione delle caratteristiche del nodo, della tipologia di dato e delle condizioni di rete, garantendo al contempo la massima interoperabilità e la possibilità di integrare dispositivi legacy o di terze parti.\n\n1.1 MQTT (Message Queuing Telemetry Transport)\n\nArchitettura: Basata su modello publish/subscribe, con broker centralizzato o federato a livello Fog/Cloud.\n\nStack di Trasporto: TCP/IP, con supporto TLS per la cifratura end-to-end.']"
"In che modo la piattaforma AETERNA garantisce sia la segregazione delle identità tra utenti, servizi e dispositivi, sia la gestione sicura delle chiavi di crittografia?","La piattaforma AETERNA garantisce la segregazione delle identità tra utenti, servizi e dispositivi tramite una separazione netta tra identità umane, servizi di piattaforma e identità dei dispositivi (Edge H-Node), con provisioning e deprovisioning automatizzati. La gestione sicura delle chiavi di crittografia è assicurata da un Key Management System centralizzato (HashiCorp Vault), che prevede rotazione automatica delle chiavi e audit trail crittografato.",media,"La piattaforma AETERNA garantisce la segregazione delle identità tra utenti, servizi e dispositivi attraverso una gestione delle identità digitali avanzata e granulare. Ogni entità (utente, servizio, dispositivo) dispone di una propria identità digitale distinta, gestita all’interno di un sistema permissioned che consente la separazione rigorosa dei ruoli e dei diritti di accesso. Questo approccio permette di definire e applicare policy di accesso personalizzate, assicurando che ciascuna identità possa interagire solo con le risorse e le informazioni per cui è autorizzata, riducendo così il rischio di escalation dei privilegi o accessi non autorizzati.

Per quanto riguarda la gestione sicura delle chiavi di crittografia, AETERNA adotta una segregazione delle chiavi, mantenendo le chiavi crittografiche separate per ciascuna identità e per ciascun livello del sistema (Edge, Fog, Cloud). Le chiavi vengono generate, distribuite e archiviate secondo best practice di sicurezza, con l’utilizzo di algoritmi robusti (AES-256, RSA-4096) e la rotazione periodica delle chiavi per limitare l’esposizione in caso di compromissione. L’accesso alle chiavi è strettamente controllato tramite meccanismi di autenticazione forte e autorizzazione granulare, garantendo che solo le entità legittimate possano accedere o utilizzare le chiavi necessarie alle proprie operazioni.

In sintesi, la combinazione di gestione avanzata delle identità digitali e di segregazione/rotazione delle chiavi crittografiche assicura che AETERNA offra sia una netta separazione tra le diverse entità della piattaforma, sia una protezione robusta dei dati sensibili lungo tutto il ciclo di vita delle informazioni.","[0.28249096870422363, 0.28654545545578003, 0.2997487187385559]","['synthetic_data_AETERNA\\Volume_08_gestione_dei_dati_e_privacy.md:0:144', 'synthetic_data_AETERNA\\Volume_07_smart_contract_e_tokenizzazione_energetica.md:0:60', 'synthetic_data_AETERNA\\Volume_08_gestione_dei_dati_e_privacy.md:0:130']","['4. Impatto\n\nL’implementazione rigorosa della crittografia e della gestione delle chiavi in AETERNA produce un impatto sostanziale su più dimensioni del sistema:\n\nSicurezza e Privacy: La cifratura end-to-end, unita alla segregazione delle chiavi e al controllo granulare degli accessi, riduce drasticamente il rischio di data breach, furto di identità e manipolazione dei dati sensibili. L’adozione di algoritmi di livello militare (AES-256, RSA-4096) e la rotazione periodica delle chiavi assicurano resilienza anche contro attori dotati di elevate capacità computazionali.', 'La gestione delle identità digitali rappresenta una componente cardine nell’ecosistema AETERNA, in quanto abilita la sicurezza, la privacy e la tracciabilità delle interazioni tra i partecipanti della micro-rete energetica. L’identità digitale, nel contesto di una piattaforma permissioned e compliance-driven come AETERNA, non si limita alla mera autenticazione, ma si estende alla gestione dinamica dei diritti, alla segregazione dei ruoli e alla garanzia di auditabilità e interoperabilità. In particolare, la gestione delle identità digitali è progettata per supportare scenari di alta automazione (trading P2P, bilanciamento AI-driven) e di collaborazione inter-piattaforma (federazione con sistemi esterni), mantenendo al contempo rigorosi standard di', ""La protezione dei dati sensibili costituisce un pilastro fondamentale dell'architettura di sicurezza del Progetto AETERNA. In un sistema distribuito e multilivello come quello di AETERNA, caratterizzato dalla presenza di nodi Edge (H-Node domestici), Fog (aggregatori di quartiere) e Cloud (analisi e governance macro), la gestione sicura delle informazioni assume un ruolo critico, sia per la tutela della privacy degli utenti che per la resilienza operativa delle micro-reti energetiche. La crittografia, in questo contesto, non viene considerata una mera misura accessoria, bensì un meccanismo strutturale e pervasivo, adottato in ogni fase del ciclo di vita dei dati: dalla generazione locale, alla trasmissione, fino all’archiviazione e alla""]"
"Descrivi come l’architettura di integrazione adottata nell’ecosistema AETERNA consente di garantire contemporaneamente scalabilità, interoperabilità, sicurezza, resilienza e flessibilità, specificando il ruolo di API standardizzate, middleware avanzati, mapping semantico, protocolli sicuri e sistemi di monitoraggio automatizzato.","L’architettura di integrazione dell’ecosistema AETERNA garantisce scalabilità, interoperabilità, sicurezza, resilienza e flessibilità attraverso una strategia multilivello che combina API standardizzate e sicure, middleware avanzati, mapping semantico, protocolli sicuri e sistemi di monitoraggio automatizzato. Le API RESTful e gRPC, definite secondo specifiche OpenAPI/ProtoBuf, assicurano uniformità di accesso, versioning, gestione centralizzata delle policy di accesso e sicurezza tramite autenticazione federata (OAuth2/OpenID Connect), autorizzazione RBAC/ABAC, mTLS, rate limiting e logging dettagliato. Il middleware di integrazione, come Enterprise Service Bus (ESB) e broker di eventi, consente routing intelligente, mediazione protocollare tra formati e protocolli diversi, arricchimento e validazione dati tramite mapping semantico (OWL, JSON-LD), e gestione di transazioni distribuite per processi critici come l’energy trading Bit-Energy. L’architettura event-driven, basata su broker come Kafka, RabbitMQ ed EMQX, permette il decoupling tra produttori e consumatori di eventi, garantendo scalabilità, resilienza tramite buffering, replay e partizionamento, e monitoraggio in tempo reale di eventi critici e trigger di smart contract Kyoto 2.0. Il mapping semantico, realizzato con motori come Apache Jena o Stardog, assicura coerenza e tracciabilità delle informazioni tra domini eterogenei, mentre i motori ETL avanzati gestiscono ingestion parallela, data quality e auditabilità, con correlazione agli audit trail Kyoto 2.0. I protocolli di comunicazione adottati (REST, gRPC, MQTT, AMQP, Modbus/TCP) sono selezionati per garantire sicurezza (TLS 1.3, mTLS, X.509, RBAC) e isolamento dei flussi. Il monitoraggio automatizzato, tramite strumenti come Elastic APM, Dynatrace e Prometheus, consente tracing end-to-end, alerting su anomalie e remediation automatica tramite playbook SOAR. Questa architettura modulare e stratificata permette l’integrazione incrementale di nuovi partner e tecnologie, la protezione degli asset informativi, la risposta tempestiva agli incidenti e l’adattamento rapido a nuovi requisiti di business o normativi, sostenendo la visione di un ecosistema AETERNA aperto, sicuro, resiliente e flessibile.",difficile,"L’architettura di integrazione adottata nell’ecosistema AETERNA garantisce simultaneamente scalabilità, interoperabilità, sicurezza, resilienza e flessibilità grazie a una strategia multilivello che sfrutta in modo sinergico diversi componenti tecnologici e metodologici:

**1. API standardizzate e sicure**  
Le API rappresentano il punto di interfaccia universale tra i diversi componenti dell’ecosistema. La loro standardizzazione assicura che ogni sistema, indipendentemente dalla tecnologia sottostante (IoT, legacy, cloud-native, ecc.), possa comunicare secondo regole condivise e documentate. L’adozione di protocolli sicuri (es. HTTPS, OAuth2, JWT) per l’esposizione delle API garantisce la protezione dei dati in transito e l’autenticazione/autorizzazione degli attori coinvolti, riducendo i rischi di accessi non autorizzati e vulnerabilità.

**2. Middleware avanzati (ESB, broker di eventi, motori di orchestrazione)**  
Il middleware funge da strato di astrazione e mediazione tra i sistemi eterogenei. Componenti come Enterprise Service Bus (ESB), broker di eventi e motori di orchestrazione permettono di:  
- decouplare i produttori dai consumatori di dati, favorendo la scalabilità e la modularità dell’architettura;  
- gestire la trasformazione e l’arricchimento dei messaggi in transito;  
- orchestrare flussi complessi e garantire la continuità operativa anche in presenza di fault o aggiornamenti incrementali dei servizi.  
Questo approccio consente di integrare nuovi partner o tecnologie senza impattare i sistemi esistenti, abilitando l’evoluzione incrementale dell’ecosistema.

**3. Mapping semantico e motori ETL**  
Per garantire interoperabilità e coerenza dei dati tra domini differenti, vengono adottati strumenti di mapping semantico e motori ETL (Extract, Transform, Load). Questi assicurano che i dati scambiati siano sempre consistenti, tracciabili e conformi agli standard interni (es. Kyoto 2.0, Bit-Energy), indipendentemente dal formato o dal modello dati originario. In questo modo si riducono le ambiguità e si facilita l’integrazione di sistemi con modelli informativi diversi.

**4. Protocolli sicuri**  
L’utilizzo di protocolli di comunicazione sicuri è trasversale a tutta l’architettura. Oltre a proteggere i dati in transito, questi protocolli abilitano la compliance con normative e best practice di settore, rafforzando la resilienza dell’ecosistema contro minacce esterne e interne.

**5. Sistemi di monitoraggio automatizzato**  
Il monitoraggio continuo dei flussi informativi e dei processi di integrazione consente di rilevare tempestivamente anomalie, errori o tentativi di accesso non autorizzato. Sistemi di logging, auditing e alerting automatizzati supportano la resilienza operativa, permettendo interventi proattivi e garantendo la tracciabilità delle operazioni lungo tutto il ciclo di vita dei dati.

**In sintesi:**  
L’architettura di integrazione AETERNA, grazie alla combinazione di API standardizzate e sicure, middleware avanzati, mapping semantico, protocolli sicuri e sistemi di monitoraggio automatizzato, realizza un ecosistema scalabile, interoperabile, sicuro, resiliente e flessibile. Ogni componente svolge un ruolo specifico e complementare, contribuendo a minimizzare i rischi di lock-in tecnologico, facilitare l’integrazione incrementale e assicurare la continuità e la coerenza operativa anche in presenza di elevata eterogeneità dei sistemi coinvolti.","[0.19295209646224976, 0.19927656650543213, 0.21023505926132202]","['synthetic_data_AETERNA\\Volume_18_evoluzione_tecnologica_e_roadmap_di_ricerca.md:0:109', 'synthetic_data_AETERNA\\Volume_18_evoluzione_tecnologica_e_roadmap_di_ricerca.md:0:119', 'synthetic_data_AETERNA\\Volume_18_evoluzione_tecnologica_e_roadmap_di_ricerca.md:0:108']","['L’approccio AETERNA si fonda su tre pilastri: (1) l’adozione di API standardizzate e sicure come punto di interfaccia universale, (2) l’impiego di middleware di integrazione (Enterprise Service Bus, broker di eventi, motori di orchestrazione) per l’astrazione e la mediazione dei flussi informativi, e (3) la definizione di processi rigorosi per la trasformazione, la validazione e il monitoraggio dei dati lungo tutto il ciclo di vita. Tale strategia consente di minimizzare i rischi di lock-in tecnologico, favorire l’evoluzione modulare dell’ecosistema e abilitare l’integrazione incrementale di nuovi partner e tecnologie.\n\n2. Specifiche Tecniche e Protocolli\n\n2.1. API Standardizzate e Sicure', '4. Impatto sull’Ecosistema AETERNA\n\nL’adozione di una strategia di integrazione eterogenea, fondata su API standardizzate, middleware avanzati e protocolli sicuri, produce impatti significativi su più dimensioni dell’ecosistema AETERNA:\n\nScalabilità e Modularità: L’architettura consente di integrare nuovi partner, dispositivi e servizi senza necessità di reingegnerizzazione dei componenti esistenti, favorendo l’evoluzione incrementale e l’adozione di tecnologie emergenti.\n\nInteroperabilità e Coerenza Dati: Il mapping semantico e i motori ETL assicurano che le informazioni scambiate tra domini differenti siano sempre consistenti, tracciabili e conformi agli standard interni (Kyoto 2.0, Bit-Energy).', 'L’integrazione di sistemi eterogenei rappresenta una delle sfide più complesse e strategiche per l’ecosistema AETERNA, in quanto coinvolge la coesistenza, l’interoperabilità e la cooperazione tra componenti tecnologicamente disomogenei: dispositivi IoT (H-Node), sistemi legacy di gestione energetica, piattaforme cloud-native, middleware di orchestrazione e servizi di terze parti. Tale eterogeneità si manifesta a livello di protocolli di comunicazione, formati dati, modelli semantici e requisiti di sicurezza. L’obiettivo principale di questo capitolo è delineare le strategie e le soluzioni adottate per garantire la continuità operativa, la coerenza informativa e la scalabilità architetturale, pur in presenza di tale varietà di sistemi.']"
Qual è il costo medio annuale per la manutenzione delle pipeline CI/CD utilizzate nel Progetto AETERNA?,L'informazione non è disponibile nel testo,impossibile,"In base al contesto fornito, non sono presenti dati numerici o stime specifiche riguardanti il costo medio annuale per la manutenzione delle pipeline CI/CD nel Progetto AETERNA. Il testo descrive l’architettura, i flussi e le best practice adottate (multi-tenancy, compliance Kyoto 2.0, automazione avanzata, sicurezza proattiva), ma non riporta informazioni quantitative sui costi operativi o di manutenzione delle pipeline.

Per ottenere una stima precisa del costo medio annuale, sarebbe necessario integrare dati aggiuntivi relativi a:

- Risorse umane dedicate (DevOps, SRE, sicurezza, formazione)
- Costi infrastrutturali (tooling CI/CD, runner, storage, licenze)
- Manutenzione, aggiornamenti e supporto
- Eventuali costi di compliance e audit

Senza questi dati, non è possibile fornire una cifra o una media attendibile basandosi esclusivamente sul contesto fornito.","[0.39208072423934937, 0.4669684171676636, 0.4690897464752197]","['synthetic_data_AETERNA\\Volume_18_evoluzione_tecnologica_e_roadmap_di_ricerca.md:0:128', 'synthetic_data_AETERNA\\Volume_18_evoluzione_tecnologica_e_roadmap_di_ricerca.md:0:122', 'synthetic_data_AETERNA\\Volume_06_algoritmi_di_ottimizzazione_energetica.md:0:114']","['2. Pipeline CI/CD: Architettura e Flussi\n\nLe pipeline CI/CD di AETERNA sono progettate per supportare la multi-tenancy, la segmentazione per ambiente (dev, test, staging, prod) e la compliance con le policy Kyoto 2.0. Ogni pipeline è composta da step modulari e parametrizzabili, con gestione delle seguenti fasi:\n\nCheckout e Validazione Branch\n\nBuild e Static Analysis\n\nUnit/Integration/E2E Test\n\nPackage & Container Build\n\nSecurity Scan\n\nArtifact Promotion\n\nDeploy su ambiente target\n\nSmoke Test post-deploy\n\nRollback automatico in caso di failure\n\nNotifica e logging degli eventi\n\nEsempio di flusso CI/CD (Mermaid):', 'La gestione del ciclo di vita delle soluzioni all’interno del Progetto AETERNA rappresenta un asse portante per garantire l’evoluzione continua, la qualità e la sostenibilità delle componenti software e infrastrutturali. In un contesto caratterizzato da una forte eterogeneità tecnologica e dalla necessità di rispondere rapidamente alle esigenze di business e compliance, la disciplina DevOps viene adottata in modo avanzato e sistemico. Tale approccio integra sviluppo, test, rilascio e manutenzione continua, orchestrando pipeline CI/CD automatizzate, Infrastructure as Code (IaC), pratiche di versionamento e monitoraggio proattivo. L’obiettivo è assicurare rilasci frequenti, affidabili e tracciabili, minimizzando il rischio operativo e massimizzando la', 'Le esercitazioni red team e la formazione continua creano una cultura della sicurezza proattiva, essenziale per la protezione di infrastrutture critiche. Infine, la governance centralizzata delle patch e la valutazione continua delle vulnerabilità assicurano che il sistema AETERNA sia in grado di adattarsi dinamicamente all’evoluzione delle minacce, mantenendo la fiducia degli utenti e la conformità agli standard interni Kyoto 2.0.\n\nCapitolo 9: Ottimizzazione dei Costi Operativi\n\nIntroduzione Teorica']"
"Quale direttiva europea impone l’obbligo di separare le attività di produzione, distribuzione e vendita di energia elettrica per prevenire conflitti di interesse?",Direttiva 2019/944/UE.,facile,"La direttiva europea che impone l’obbligo di separare le attività di produzione, distribuzione e vendita di energia elettrica per prevenire conflitti di interesse è la **Direttiva 2019/944/UE**.","[0.35801512002944946, 0.5580962896347046, 0.5654520392417908]","['synthetic_data_AETERNA\\Volume_19_aspetti_legali,_regolatori_e_normativi.md:0:3', 'synthetic_data_AETERNA\\Volume_19_aspetti_legali,_regolatori_e_normativi.md:0:79', 'synthetic_data_AETERNA\\Volume_19_aspetti_legali,_regolatori_e_normativi.md:0:1']","['Specifiche Tecniche e Protocolli\n\n1. Direttiva 2019/944/UE – Mercato Interno dell’Energia Elettrica\n\na) Unbundling e Separazione Funzionale\n\nLa Direttiva 2019/944/UE impone agli Stati membri l’obbligo di separare le attività di produzione, distribuzione e vendita di energia elettrica (unbundling), al fine di prevenire conflitti di interesse e garantire una concorrenza leale. Nel contesto di AETERNA, questa prescrizione si traduce nella necessità di progettare sistemi informativi e interfacce (API, message broker, data bus) che implementino separazione logica e fisica dei dati e dei processi tra i diversi attori: produttori (es. H-Node domestici), distributori (livello Fog) e operatori di mercato (livello Cloud).', 'Decreti legislativi italiani (es. D.Lgs. 102/2014, D.Lgs. 93/2011, D.Lgs. 196/2003 e s.m.i.)\n\nDelibere ARERA (Autorità di Regolazione per Energia Reti e Ambiente), es. Delibera 540/2021/R/eel sulla regolazione delle comunità energetiche.\n\nLinee guida Garante Privacy (in particolare, provvedimenti su pseudonimizzazione, data breach, minimizzazione dati).\n\nNormativa ambientale (D.Lgs. 152/2006, obblighi di reporting emissioni, tracciabilità rifiuti elettronici).\n\nStandard Kyoto 2.0 e Bit-Energy (come definiti internamente al progetto).', 'Il quadro normativo europeo applicabile al settore energetico costituisce il fondamento giuridico e regolatorio su cui si innestano le architetture tecnologiche e i modelli operativi del Progetto AETERNA. La crescente complessità delle micro-reti decentralizzate, l’adozione di tecnologie innovative quali blockchain e intelligenza artificiale, nonché la gestione distribuita dei flussi energetici, impongono una rigorosa aderenza alle direttive e ai regolamenti emanati dall’Unione Europea. Questi strumenti giuridici, differenziati per natura e modalità applicativa, definiscono non solo gli obiettivi di policy (es. efficienza, trasparenza, interoperabilità), ma anche requisiti tecnici e organizzativi cogenti che influenzano direttamente le']"
In che modo il Progetto AETERNA garantisce sia la tracciabilità immutabile degli accessi ai dati personali sia la possibilità per l’utente di esercitare i propri diritti secondo il GDPR?,"Il Progetto AETERNA garantisce la tracciabilità immutabile degli accessi ai dati personali tramite la registrazione di ogni accesso, modifica o esportazione in audit log cifrati archiviati su storage WORM e sincronizzati su Bit-Energy Blockchain, assicurando così l’immutabilità e la tracciabilità degli eventi. Per permettere all’utente di esercitare i propri diritti secondo il GDPR, è previsto un portale privacy self-service che consente di gestire richieste di accesso, rettifica, cancellazione, portabilità e limitazione, con workflow automatizzato e tracciamento delle richieste. Tutte le operazioni sono inoltre soggette a policy granulari di accesso, auditabilità tramite sistemi SIEM e data lineage, garantendo trasparenza e controllo da parte degli interessati.",media,"Il Progetto AETERNA garantisce la tracciabilità immutabile degli accessi ai dati personali e la possibilità per l’utente di esercitare i propri diritti secondo il GDPR attraverso una serie di misure tecniche e organizzative integrate nell’architettura della piattaforma:

**1. Tracciabilità immutabile degli accessi:**  
AETERNA adotta meccanismi di logging avanzati e tecnologie distribuite (ad esempio, registri distribuiti o blockchain) per registrare in modo permanente e non alterabile ogni accesso, modifica o trasferimento dei dati personali. Questi log includono informazioni dettagliate su chi ha effettuato l’accesso, quando, da quale nodo (Edge, Fog, Cloud) e per quale finalità, garantendo così la piena accountability e la possibilità di audit. L’immutabilità dei registri assicura che ogni operazione sia tracciabile e non possa essere retroattivamente modificata o cancellata.

**2. Esercizio dei diritti GDPR da parte dell’utente:**  
AETERNA implementa interfacce e procedure che consentono agli utenti di esercitare in modo semplice e trasparente i propri diritti previsti dal GDPR, tra cui accesso, rettifica, cancellazione, limitazione del trattamento e, in particolare, portabilità dei dati. Gli utenti possono richiedere e ricevere i propri dati personali in un formato strutturato, di uso comune e leggibile da dispositivo automatico, nonché trasmetterli direttamente a un altro titolare del trattamento senza impedimenti. Il sistema è progettato per garantire che tali richieste siano gestite in modo sicuro, tempestivo e conforme ai requisiti normativi, mantenendo al contempo la tracciabilità delle operazioni effettuate.

**3. Privacy by design e by default:**  
La conformità al GDPR è integrata fin dalla fase di progettazione (“privacy by design”) e nella configurazione predefinita dei sistemi (“privacy by default”), assicurando che solo i dati strettamente necessari siano trattati, che l’accesso sia controllato e che ogni operazione sia documentata e verificabile.

**4. Governance e controllo decentralizzato:**  
La natura distribuita e multilivello della piattaforma (Edge, Fog, Cloud) è gestita attraverso policy di sicurezza e governance che assicurano la coerenza delle misure di protezione e la possibilità per l’utente di mantenere il controllo sui propri dati, indipendentemente dal livello in cui essi sono trattati.

In sintesi, AETERNA combina tecnologie di tracciamento immutabile, strumenti per l’esercizio dei diritti degli interessati e un approccio proattivo alla privacy per garantire sia la sicurezza e la trasparenza degli accessi sia il pieno rispetto dei diritti degli utenti secondo il GDPR.","[0.22803747653961182, 0.2349165678024292, 0.24368995428085327]","['synthetic_data_AETERNA\\Volume_08_gestione_dei_dati_e_privacy.md:0:117', 'synthetic_data_AETERNA\\Volume_13_interoperabilità_e_standardizzazione_internazionale.md:0:145', 'synthetic_data_AETERNA\\Volume_19_aspetti_legali,_regolatori_e_normativi.md:0:18']","['La portabilità dei dati, nell’ambito del Progetto AETERNA, costituisce un pilastro fondamentale per la tutela dei diritti digitali degli utenti e per l’abilitazione di ecosistemi energetici aperti, interoperabili e resilienti. Essa si configura come il diritto, da parte dell’interessato, di ricevere i propri dati personali trattati dal sistema AETERNA in un formato strutturato, di uso comune e leggibile da dispositivo automatico, nonché di trasmettere tali dati a un altro titolare del trattamento senza impedimenti. In un contesto di micro-reti energetiche decentralizzate, la portabilità si estende oltre la mera esportazione, abbracciando la necessità di preservare integrità, tracciabilità, sicurezza e rispetto dei', 'In sintesi, la gestione della privacy e la conformità GDPR in AETERNA non sono meri adempimenti, ma elementi fondanti dell’architettura e della governance del sistema, abilitando un modello di micro-reti energetiche realmente decentralizzato, sicuro e rispettoso dei diritti fondamentali degli utenti.', 'La compliance normativa in materia di privacy e protezione dei dati costituisce un asse portante dell’architettura del Progetto AETERNA, in particolare alla luce della natura distribuita e multilivello della piattaforma. La gestione dei dati personali – generati, trattati e scambiati tra Edge, Fog e Cloud – pone sfide peculiari in termini di sicurezza, riservatezza e accountability, richiedendo un approccio sistemico e proattivo. Il rispetto del Regolamento (UE) 2016/679 (GDPR) e delle disposizioni nazionali si traduce in requisiti stringenti per la progettazione, l’implementazione e la gestione operativa di ogni componente del framework, con particolare attenzione ai principi di minimizzazione, integrità, trasparenza e controllo da parte degli interessati.']"
"In che modo l’architettura AETERNA garantisce la tracciabilità, l’attribuzione automatica delle responsabilità e la validità probatoria delle azioni in caso di incidente, integrando policy automatizzate, logging certificato, segregazione dei ruoli e interfacciamento con provider assicurativi, e quali sono gli impatti operativi e giuridici derivanti da questo modello?","L’architettura AETERNA garantisce la tracciabilità, l’attribuzione automatica delle responsabilità e la validità probatoria delle azioni attraverso un motore di policy automatizzate (basato su Open Policy Agent) che definisce ruoli, responsabilità e condizioni per l’attribuzione automatica delle responsabilità in caso di incidente. Ogni operazione critica viene loggata localmente con timestamp sincronizzato, hashata tramite SHA-256, firmata digitalmente e sincronizzata su repository distribuiti (storage WORM, Bit-Energy Blockchain), assicurando immutabilità e validità probatoria. La segregazione dei ruoli è enforced tramite OPA e IAM federato, con mapping tracciato tra identità digitale, ruoli e responsabilità. L’integrazione con provider assicurativi avviene tramite API RESTful sicure, permettendo la verifica in tempo reale delle coperture, la notifica automatica dei sinistri (con payload JSON firmato contenente log, hash, policy applicata e responsabile individuato) e la gestione automatizzata delle pratiche assicurative. Gli impatti operativi e giuridici di questo modello includono riduzione dei tempi di risposta nella gestione dei sinistri, aumento della trasparenza grazie alla tracciabilità end-to-end e alla blockchain Bit-Energy, mitigazione del rischio tramite segregazione delle responsabilità e simulazioni incidenti, facilitazione della compliance agli standard Kyoto 2.0 e alle normative emergenti, oltre a scalabilità e adattabilità del sistema rispetto a nuovi rischi e coperture assicurative.",difficile,"L’architettura AETERNA garantisce la **tracciabilità**, l’**attribuzione automatica delle responsabilità** e la **validità probatoria** delle azioni in caso di incidente attraverso una combinazione integrata di policy automatizzate, logging certificato, segregazione dei ruoli e interfacciamento con provider assicurativi. Di seguito i principali meccanismi e i relativi impatti operativi e giuridici:

---

### 1. **Policy Automatizzate e Attribuzione delle Responsabilità**

- **Motore OPA integrato**: Le policy di responsabilità sono definite, versionate e firmate digitalmente tramite Open Policy Agent (OPA), garantendo che ogni decisione automatica sia tracciabile e non alterabile.
- **Mapping ruoli-azioni**: Ogni attore (es. owner H-Node, operator Fog, provider Cloud) ha ruoli e permessi esplicitamente definiti, con segregazione delle responsabilità.
- **Attribuzione automatica**: In caso di incidente, le regole OPA determinano in modo oggettivo e documentato quale attore sia responsabile, in base alle condizioni predefinite (es. errore umano, guasto AI, attacco informatico).

### 2. **Logging Certificato e Validità Probatoria**

- **Logging distribuito e certificato**: Tutte le azioni rilevanti sono registrate in log distribuiti, firmati digitalmente e sincronizzati cross-region, garantendo integrità, non ripudio e resilienza.
- **Timestamp e hash**: Ogni evento è corredato da timestamp sincronizzati e hash crittografici, rendendo i log opponibili in sede legale.
- **Certificazione dei log**: I log possono essere certificati tramite notarizzazione digitale o timestamping qualificato, rafforzando la validità probatoria.

### 3. **Segregazione dei Ruoli e Governance**

- **Access control granulare**: L’accesso ai dati e alle funzioni è regolato da policy RBAC/ABAC, riducendo il rischio di conflitti di interesse e garantendo la separazione delle responsabilità.
- **Audit trail**: Tutte le modifiche alle policy e alle configurazioni sono tracciate, con possibilità di audit indipendente.

### 4. **Interfacciamento con Provider Assicurativi**

- **Digitalizzazione delle polizze**: Le polizze assicurative sono digitalizzate e integrate nel sistema, consentendo la verifica automatica delle coperture in tempo reale.
- **Notifica automatica**: In caso di incidente, il sistema può notificare automaticamente il provider assicurativo, allegando i log certificati e le evidenze di responsabilità.
- **Gestione claim automatizzata**: La trasparenza e la tracciabilità facilitano la gestione dei sinistri e la liquidazione dei danni.

---

## **Impatto Operativo**

- **Riduzione dei tempi di risposta**: L’automazione delle policy e la disponibilità immediata dei log certificati accelerano la gestione degli incidenti e delle richieste assicurative.
- **Maggiore affidabilità**: La segregazione dei ruoli e la tracciabilità riducono il rischio di errori e frodi.
- **Scalabilità**: L’approccio distribuito e automatizzato si adatta facilmente a reti complesse e multi-attore.

## **Impatto Giuridico**

- **Validità probatoria**: I log certificati e le policy firmate digitalmente costituiscono prova opponibile in sede legale, facilitando la risoluzione di controversie.
- **Chiarezza delle responsabilità**: L’attribuzione automatica e documentata delle responsabilità riduce l’ambiguità e i contenziosi tra attori.
- **Compliance**: L’architettura è conforme agli standard di settore (es. GDPR, NIS2), garantendo la tutela dei dati e la responsabilità degli operatori.

---

**In sintesi:**  
AETERNA integra policy automatizzate, logging certificato, segregazione dei ruoli e interfacciamento assicurativo per garantire tracciabilità, attribuzione automatica delle responsabilità e validità probatoria, con impatti positivi su efficienza operativa, affidabilità e compliance giuridica.","[0.27703624963760376, 0.29436248540878296, 0.3184863328933716]","['synthetic_data_AETERNA\\Volume_13_interoperabilità_e_standardizzazione_internazionale.md:0:102', 'synthetic_data_AETERNA\\Volume_19_aspetti_legali,_regolatori_e_normativi.md:0:33', 'synthetic_data_AETERNA\\Volume_19_aspetti_legali,_regolatori_e_normativi.md:0:35']","['gestione proattiva di incidenti e anomalie. In questo scenario, AETERNA adotta un’architettura di monitoraggio e logging distribuita, conforme agli standard di settore, in grado di supportare la tracciabilità dettagliata delle operazioni e la resilienza cross-regionale.', 'Nel contesto delle micro-reti energetiche decentralizzate, la gestione delle responsabilità civili e delle coperture assicurative rappresenta un pilastro imprescindibile per l’affidabilità e la resilienza del framework AETERNA. L’eterogeneità dei componenti architetturali (Edge, Fog, Cloud), la molteplicità degli attori coinvolti (proprietari di H-Node, operatori di quartiere, provider di servizi, assicuratori, autorità di controllo) e la natura automatizzata dei processi di trading e bilanciamento energetico, impongono un modello di governance che sia in grado di garantire la tracciabilità delle azioni, la segregazione delle responsabilità e la tempestiva gestione degli eventi dannosi. In tale scenario, la digitalizzazione delle polizze, la certificazione dei log e', 'Specifiche Tecniche e Protocolli\n\n1. Policy di Responsabilità Automatizzate\n\nL’architettura AETERNA implementa un motore di policy automatizzate per la gestione delle responsabilità, basato su Open Policy Agent (OPA) e integrato a livello di microservizio. Le policy sono versionate, firmate digitalmente e distribuite tramite pipeline CI/CD, garantendo la coerenza tra ambienti e la tracciabilità delle modifiche. Ogni policy definisce:\n\nRuoli e responsabilità: mapping tra attori (es. owner H-Node, operator Fog, provider Cloud) e azioni consentite.\n\nCondizioni di responsabilità: regole per l’attribuzione automatica della responsabilità in caso di incidente, errore umano, guasto AI o attacco informatico.']"
Qual è il costo medio annuale per la manutenzione del Registro Licenze automatizzato tramite scanner OSS nel Progetto AETERNA?,L'informazione non è disponibile nel testo,impossibile,Il contesto fornito non specifica il costo medio annuale per la manutenzione del Registro Licenze automatizzato tramite scanner OSS nel Progetto AETERNA. Nessun dato economico o stima di costi è presente nelle specifiche tecniche riportate.,"[0.452663779258728, 0.4557473659515381, 0.4577525854110718]","['synthetic_data_AETERNA\\Volume_19_aspetti_legali,_regolatori_e_normativi.md:0:48', 'synthetic_data_AETERNA\\Volume_19_aspetti_legali,_regolatori_e_normativi.md:0:94', 'synthetic_data_AETERNA\\Volume_19_aspetti_legali,_regolatori_e_normativi.md:0:104']","['Specifiche Tecniche e Protocolli\n\n1. Classificazione e Catalogazione delle Licenze\n\nOgni componente software integrato in AETERNA viene censito all’interno di un Registro Licenze, mantenuto in formato machine-readable (YAML/JSON) e versionato tramite la pipeline CI/CD. Il registro contiene per ciascun asset almeno i seguenti attributi:\n\nNome componente\n\nVersione\n\nLicenza primaria (es: MIT, GPLv3, Apache 2.0, AGPLv3, LGPLv3, BSD-3-Clause)\n\nOrigine (repository, vendor, autore)\n\nDipendenze transitive e relative licenze\n\nCompatibilità dichiarata (Permissiva, Copyleft, Dual, Proprietaria)\n\nNote di attribuzione obbligatorie\n\nClausole di brevetto (ove applicabili)', 'Segreti Industriali: Algoritmi proprietari di ottimizzazione, configurazioni di sicurezza, parametri di tuning AI, chiavi crittografiche non pubbliche.\n\nLa mappatura degli asset IP è integrata nel Registro Licenze di AETERNA, un modulo digitale centralizzato (livello Cloud) e replicato in modalità read-only sui livelli Fog e Edge per garantire visibilità e auditabilità.\n\n2. Procedure di Registrazione e Gestione\n\na. Registrazione e Versionamento', 'Tabella: Ruoli e Permessi nel Registro Licenze\n\nRuolo Permessi Principali Proprietario Lettura/Scrittura/Concessione Licenze Licenziatario Lettura/Utilizzo secondo termini licenza Auditor Lettura/Audit Trail Osservatore Lettura parziale\n\nImpatto\n\nL’implementazione di un sistema strutturato e automatizzato per la gestione della proprietà intellettuale in AETERNA garantisce molteplici benefici:\n\nMitigazione del rischio legale e competitivo: La tracciabilità e la formalizzazione delle regole di titolarità e sfruttamento riducono il rischio di dispute, appropriazioni indebite e violazioni contrattuali, rafforzando la posizione del Consorzio in sede di contenzioso.']"
Quale percentuale minima di disponibilità deve garantire un provider cloud secondo gli SLA del Progetto AETERNA?,"Disponibilità ≥ 99,9%",facile,"Nel contesto fornito non viene specificata una percentuale minima esatta di disponibilità che un provider cloud deve garantire secondo gli SLA del Progetto AETERNA. Il testo fa riferimento a SLA robusti, clausole di emergenza e meccanismi di risposta automatizzata, ma non indica una soglia numerica (ad esempio, 99,9% o 99,99%) di disponibilità. Pertanto, sulla base delle informazioni disponibili, la percentuale minima richiesta non è esplicitata.","[0.3450016975402832, 0.3840128779411316, 0.3908822536468506]","['synthetic_data_AETERNA\\Volume_19_aspetti_legali,_regolatori_e_normativi.md:0:74', 'synthetic_data_AETERNA\\Volume_10_gestione_delle_emergenze_e_continuità_operativa.md:0:70', 'synthetic_data_AETERNA\\Volume_19_aspetti_legali,_regolatori_e_normativi.md:0:73']","['idonea a scenari multi-cloud e multi-fornitore ad alta complessità. In ultima analisi, la robustezza della contrattualistica e degli SLA costituisce il fondamento per la fiducia tra le parti, la resilienza dei servizi e la sostenibilità a lungo termine dell’ecosistema AETERNA.', 'da AETERNA si fonda su una strategia multi-vendor e multi-cloud, integrando meccanismi di health-check proattivi, piani di fallback automatico, contratti SLA con clausole di emergenza e una documentazione tecnica delle interfacce costantemente aggiornata. Questo assetto consente una risposta tempestiva e automatizzata agli eventi di indisponibilità, minimizzando l’impatto sulle funzioni core del sistema e garantendo la compliance agli standard interni (Kyoto 2.0, Bit-Energy).', 'L’implementazione rigorosa delle specifiche contrattuali e degli SLA descritti in questo capitolo produce un impatto determinante sull’affidabilità, la trasparenza e la scalabilità del Progetto AETERNA. La formalizzazione di responsabilità, metriche e penali, unita all’integrazione di allegati tecnici (Registro Licenze, SBOM, Matrice di Compatibilità), consente di minimizzare i rischi operativi e legali, garantendo la conformità agli standard interni (Kyoto 2.0, Bit-Energy) e alle normative di settore. I meccanismi di revisione automatizzata e auditabilità su blockchain assicurano la tracciabilità delle modifiche e la tempestiva gestione delle anomalie, rendendo la piattaforma idonea a scenari multi-cloud e multi-fornitore ad alta complessità. In ultima']"
"In che modo il Progetto AETERNA garantisce la tracciabilità e l’immutabilità dei dati relativi agli audit trail e alle notifiche di compliance, collegando strumenti tecnologici e procedure operative?","Il Progetto AETERNA garantisce la tracciabilità e l’immutabilità dei dati relativi agli audit trail e alle notifiche di compliance attraverso l’integrazione di strumenti tecnologici come la blockchain Bit-Energy, che registra in modo immutabile tutte le operazioni critiche, le revisioni dei contratti/SLA e le notifiche di compliance, e lo storage WORM, che assicura la conservazione a norma e l’inalterabilità dei log e degli audit trail per almeno 10 anni. Questi strumenti sono collegati a procedure operative che prevedono il logging di ogni evento rilevante ai fini della compliance, la firma digitale delle notifiche e la registrazione degli hash su blockchain. Inoltre, workflow digitali automatizzati, come quelli gestiti dall’OSS Compliance Bot e dal Regulatory Update Notifier, monitorano costantemente la conformità, attivano escalation e notifiche automatiche in caso di violazione, e garantiscono che tutte le azioni siano tracciate e accessibili per ispezioni interne o da parte delle autorità competenti.",media,"Il Progetto AETERNA garantisce la tracciabilità e l’immutabilità dei dati relativi agli audit trail e alle notifiche di compliance attraverso una stretta integrazione tra strumenti tecnologici avanzati e procedure operative formalizzate. In particolare:

**1. Audit trail su blockchain:**  
AETERNA utilizza la blockchain per registrare in modo immutabile ogni accesso, modifica o evento rilevante relativo ai dati e ai processi di compliance. Ogni operazione viene tracciata tramite hash crittografici e timestamp, rendendo impossibile la manipolazione retroattiva delle informazioni e assicurando la completa auditabilità delle attività.

**2. Repository versionati e AI:**  
Le decisioni e le modifiche procedurali vengono archiviate in repository versionati, che permettono di ricostruire la storia delle azioni e delle responsabilità. L’intelligenza artificiale supporta l’analisi automatica dei log e la generazione di report di compliance, facilitando la rilevazione di anomalie e la pronta risposta a eventuali incidenti.

**3. Processi di governance multilivello:**  
Le procedure operative prevedono la formalizzazione delle responsabilità e la definizione di processi di audit e reporting trasparenti. Questi processi sono integrati con gli strumenti digitali, garantendo che ogni decisione e notifica di compliance sia tracciabile, verificabile e attribuibile a specifici attori o ruoli.

**4. Trasparenza verso gli stakeholder:**  
La combinazione di archiviazione sicura, tracciabilità blockchain e processi di audit consente a partner, utenti e autorità di verificare in modo indipendente la correttezza e la conformità delle operazioni, rafforzando la fiducia e l’accountability.

In sintesi, AETERNA collega tecnologie come blockchain, AI e repository versionati a procedure operative strutturate, assicurando che ogni evento rilevante sia tracciato in modo immutabile e trasparente lungo tutto il ciclo di vita dei dati e dei processi di compliance.","[0.25200170278549194, 0.2773450016975403, 0.2800328731536865]","['synthetic_data_AETERNA\\Volume_08_gestione_dei_dati_e_privacy.md:0:38', 'synthetic_data_AETERNA\\Volume_16_sostenibilità_ambientale_e_impatto_sociale.md:0:139', 'synthetic_data_AETERNA\\Volume_13_interoperabilità_e_standardizzazione_internazionale.md:0:129']","['Auditabilità e trasparenza: L’integrazione di audit trail immutabili su blockchain consente la tracciabilità completa di ogni accesso o modifica, rafforzando la fiducia degli stakeholder e fornendo strumenti di accountability granulari.\n\nScalabilità e interoperabilità: L’architettura modulare delle tecniche di anonimizzazione e pseudonimizzazione, unita all’adozione di protocolli standardizzati, permette l’estensione del framework AETERNA a nuovi domini applicativi (es. smart health, mobilità urbana) senza compromettere la privacy.', 'L’adozione di una struttura di governance multilivello, integrata con processi di audit e reporting trasparenti, ha un impatto determinante sulla sostenibilità e sulla reputazione del Progetto AETERNA. La formalizzazione delle responsabilità e la tracciabilità delle decisioni, garantite dalla combinazione di standard internazionali e strumenti digitali (blockchain, AI, repository versionati), assicurano un elevato livello di accountability verso tutti gli stakeholder, facilitando la gestione proattiva dei rischi normativi e la pronta risposta ai cambiamenti legislativi. L’integrazione dei processi di compliance con la piattaforma formativa e i sistemi di monitoraggio comporta un innalzamento della cultura organizzativa in materia di sostenibilità, sicurezza e responsabilità sociale, promuovendo', 'Affidabilità Operativa: La definizione rigorosa e il monitoraggio continuo delle metriche SLA assicurano livelli di servizio prevedibili, minimizzando downtime e disservizi, anche in scenari cross-border.\n\nCompliance e Adattabilità: La parametrizzazione locale e la mappatura automatica delle normative consentono ad AETERNA di operare in conformità con le leggi di ogni giurisdizione, riducendo i rischi di sanzioni e facilitando l’adozione globale.\n\nTrasparenza e Fiducia: L’archiviazione sicura, la tracciabilità blockchain e i processi di audit garantiscono trasparenza, accountability e possibilità di verifica da parte di partner, utenti e autorità.']"
"Quali sono le fasi e i meccanismi previsti dal Progetto AETERNA per garantire la protezione, la tracciabilità, la titolarità e lo sfruttamento commerciale degli asset di proprietà intellettuale in un contesto collaborativo multi-partner, e come questi processi contribuiscono alla mitigazione dei rischi legali, alla valorizzazione economica e alla conformità agli standard interni ed esterni?","Le fasi e i meccanismi previsti dal Progetto AETERNA per la protezione, tracciabilità, titolarità e sfruttamento commerciale degli asset di proprietà intellettuale in un contesto collaborativo multi-partner sono:

1. Classificazione e mappatura degli asset IP secondo una tassonomia che include brevetti, marchi, diritti d’autore e segreti industriali, con registrazione nel Registro Licenze centralizzato e replicato in modalità read-only sui livelli Fog e Edge.
2. Procedure di registrazione e gestione:
   - Registrazione e versionamento: workflow di pre-screening per brevetti e marchi, deposito presso uffici competenti, tracciamento tramite smart contract Bit-Energy; firma digitale e hash su blockchain Bit-Energy per diritti d’autore; cifratura e logging per segreti industriali.
   - Attribuzione della titolarità: secondo la matrice di responsabilità dei contratti di consorzio, con co-titolarità proporzionale o deroghe formalizzate tramite smart contract su Bit-Energy.
   - Gestione delle licenze e sfruttamento commerciale: concessione di licenze interne secondo modelli standard, sfruttamento commerciale verso terzi regolato da smart contract che automatizzano la ripartizione delle royalty.
   - Prevenzione della contraffazione e divulgazione non autorizzata: audit trail immutabile su blockchain Bit-Energy, monitoraggio proattivo tramite modulo IP Watcher, gestione incidenti con escalation automatica.
3. Protocolli di gestione collaborativa nei consorzi:
   - Definizione ex ante dei regimi di titolarità e sfruttamento per ogni work package, formalizzati nei contratti di consorzio.
   - Meccanismi di co-decisione tramite votazione nel Comitato IP, con tracciamento delle delibere su Bit-Energy.
   - Protocollo di risoluzione delle dispute IP, con mediazione interna e arbitrato tecnico.
   - Gestione della documentazione e accesso differenziato tramite OpenID Connect Compliance Layer, versionamento e notifiche automatiche agli stakeholder.
Questi processi contribuiscono alla mitigazione dei rischi legali grazie alla tracciabilità, formalizzazione delle regole e audit trail; alla valorizzazione economica tramite gestione proattiva delle licenze e automazione delle royalty; e alla conformità agli standard interni ed esterni (inclusi Kyoto 2.0 e policy interne AETERNA) grazie all’integrazione con la blockchain Bit-Energy, ai moduli di compliance e alla piena auditabilità.",difficile,"Nel Progetto AETERNA, la gestione della proprietà intellettuale (IP) in un contesto collaborativo multi-partner si articola attraverso fasi e meccanismi specifici, volti a garantire protezione, tracciabilità, titolarità e sfruttamento commerciale degli asset IP. Questi processi sono fondamentali per mitigare i rischi legali, valorizzare economicamente le innovazioni e assicurare la conformità agli standard interni ed esterni. Di seguito sono descritte le principali fasi e i relativi meccanismi:

**1. Identificazione e Classificazione degli Asset IP**  
Viene effettuata una mappatura sistematica delle innovazioni generate (brevetti, marchi, know-how, software, smart contract, componenti digitali), con particolare attenzione alla natura modulare e distribuita delle soluzioni AETERNA. Ogni asset viene classificato in base alla tipologia e al livello di protezione richiesto.

**2. Definizione della Titolarità e delle Regole di Sfruttamento**  
In fase di avvio e durante lo sviluppo del progetto, vengono stabilite regole chiare e condivise tra i partner sulla titolarità degli asset IP, sulle modalità di sfruttamento (esclusivo o condiviso), sulle licenze di utilizzo e sulle eventuali royalty. Queste regole sono formalizzate in accordi contrattuali e policy interne, prevenendo conflitti e favorendo la collaborazione.

**3. Protezione Multilivello degli Asset IP**  
AETERNA adotta misure tecniche e organizzative per la protezione degli asset IP, tra cui:
- **Cifratura** dei dati e dei codici sorgente.
- **Logging** delle operazioni di accesso e modifica, per garantire la tracciabilità delle attività.
- **Segregazione degli accessi** tramite sistemi di autenticazione e autorizzazione granulari, che limitano la visibilità e la manipolazione degli asset solo ai soggetti autorizzati.

**4. Tracciabilità e Auditabilità tramite Blockchain**  
L’utilizzo di tecnologie blockchain (es. Bit-Energy) e smart contract consente la registrazione immutabile delle transazioni e delle modifiche sugli asset IP, assicurando trasparenza, tracciabilità e auditabilità delle operazioni. Questo meccanismo è particolarmente efficace in un ecosistema distribuito e multi-partner.

**5. Gestione delle Licenze Open Source e Proprietarie**  
Per le componenti open source, vengono adottate strategie di compliance alle licenze, con monitoraggio continuo delle condizioni d’uso e delle eventuali contaminazioni tra codice open e proprietario. Per le componenti proprietarie, si definiscono modelli di licenza e di sfruttamento commerciale coerenti con gli obiettivi di valorizzazione economica.

**6. Monitoraggio, Audit e Aggiornamento delle Policy IP**  
Sono previsti audit periodici e controlli interni (Capitolo 8) per verificare la corretta applicazione delle policy IP, la conformità agli standard normativi e contrattuali, e l’efficacia delle misure di protezione adottate. Le policy vengono aggiornate in funzione dell’evoluzione tecnologica e normativa.

---

**Contributo alla mitigazione dei rischi, valorizzazione e conformità:**

- **Mitigazione dei rischi legali:** La chiarezza su titolarità, licenze e modalità di sfruttamento riduce il rischio di contenziosi tra partner e di violazioni di diritti di terzi.
- **Valorizzazione economica:** La protezione e la tracciabilità degli asset IP consentono di sfruttare commercialmente le innovazioni, anche tramite modelli di licensing e partnership.
- **Conformità agli standard:** L’adozione di policy interne rigorose e l’allineamento alle best practice e normative di settore garantiscono la conformità sia a livello interno che esterno.

In sintesi, l’approccio strutturato e multilivello di AETERNA alla gestione della proprietà intellettuale rappresenta un elemento chiave per la sostenibilità, la scalabilità e la replicabilità del modello, assicurando al contempo la tutela degli asset critici e la promozione di un ecosistema collaborativo e sicuro.","[0.23125028610229492, 0.24154281616210938, 0.2589656114578247]","['synthetic_data_AETERNA\\Volume_19_aspetti_legali,_regolatori_e_normativi.md:0:92', 'synthetic_data_AETERNA\\Volume_19_aspetti_legali,_regolatori_e_normativi.md:0:106', 'synthetic_data_AETERNA\\Volume_19_aspetti_legali,_regolatori_e_normativi.md:0:91']","['La protezione della proprietà intellettuale si articola su più livelli: dalla registrazione di brevetti e marchi, alla tutela del know-how e dei segreti industriali, fino alla gestione dei diritti d’autore sul software e sulle componenti digitali. In particolare, la natura modulare e distribuita di AETERNA, la presenza di smart contract, e l’utilizzo di tecnologie open source e blockchain (Bit-Energy), impongono l’adozione di strategie avanzate per la gestione, la tracciabilità e la valorizzazione degli asset IP. La definizione di regole chiare sulla titolarità, sulle modalità di sfruttamento e sulle licenze di utilizzo è altresì cruciale in un ecosistema multi-partner, per prevenire conflitti e favorire la collaborazione.', 'Resilienza e sicurezza: La protezione multilivello degli asset IP (cifratura, logging, segregazione degli accessi) riduce il rischio di fuga di informazioni e di compromissione degli asset critici per la competitività di AETERNA.\n\nIn sintesi, la gestione avanzata della proprietà intellettuale rappresenta un pilastro strategico per la sostenibilità, la scalabilità e la replicabilità del modello AETERNA in contesti urbani e multi-partner ad alta intensità di innovazione.\n\nCapitolo 8: Audit e Controlli Interni\n\n1. Introduzione Teorica', 'Capitolo 7: Gestione della Proprietà Intellettuale\n\nIntroduzione Teorica\n\nLa proprietà intellettuale (IP) rappresenta un asset strategico fondamentale per il Progetto AETERNA, in quanto tutela e valorizza le innovazioni tecnologiche sviluppate nell’ambito delle micro-reti energetiche decentralizzate. In un contesto caratterizzato da una forte componente di ricerca, sviluppo collaborativo e co-innovazione tra partner industriali, accademici e istituzionali, la gestione rigorosa della proprietà intellettuale è imprescindibile per garantire la sostenibilità economica, la competitività e la conformità alle policy interne di AETERNA.']"
Qual è il costo medio annuo di manutenzione del modulo SIEM utilizzato per la correlazione degli eventi di sicurezza nel Progetto AETERNA?,L'informazione non è disponibile nel testo,impossibile,"Il contesto fornito non specifica il costo medio annuo di manutenzione del modulo SIEM utilizzato per la correlazione degli eventi di sicurezza nel Progetto AETERNA. Pertanto, non è possibile fornire una cifra precisa basandosi esclusivamente sulle informazioni disponibili.","[0.3771766424179077, 0.43610209226608276, 0.44219720363616943]","['synthetic_data_AETERNA\\Volume_08_gestione_dei_dati_e_privacy.md:0:86', 'synthetic_data_AETERNA\\Volume_11_integrazione_con_le_energie_rinnovabili.md:0:80', 'synthetic_data_AETERNA\\Volume_06_algoritmi_di_ottimizzazione_energetica.md:0:114']","['In AETERNA, tale processo si articola attraverso l’integrazione di sistemi di audit log centralizzati, piattaforme SIEM (Security Information and Event Management) e dashboard di monitoraggio in tempo reale, in sinergia con workflow automatici di notifica per la gestione degli eventi critici.', 'Tabella – Principali Misure di Cybersecurity nel Progetto AETERNA\n\nLivello Misura di Sicurezza Tecnologie/Standard Obiettivo Primario Edge (H-Node) IDS/IPS, TPM 2.0, TLS 1.3 Snort, TPM, OpenSSL Rilevamento anomalie, protezione dati Fog NGFW, Patch Management, RBAC Suricata, pfSense, Ansible Segmentazione, aggiornamento, auditing Cloud Audit Trail DLT, Backup DR Bit-Energy DLT, IPFS Integrità log, resilienza dati Cross-Layer Certificati X.509, 2FA, DID OpenCA, FIDO2, W3C DID Autenticazione forte, gestione identità\n\nEsempio di Incident Response', 'Le esercitazioni red team e la formazione continua creano una cultura della sicurezza proattiva, essenziale per la protezione di infrastrutture critiche. Infine, la governance centralizzata delle patch e la valutazione continua delle vulnerabilità assicurano che il sistema AETERNA sia in grado di adattarsi dinamicamente all’evoluzione delle minacce, mantenendo la fiducia degli utenti e la conformità agli standard interni Kyoto 2.0.\n\nCapitolo 9: Ottimizzazione dei Costi Operativi\n\nIntroduzione Teorica']"
Quali sono le tre macro-categorie principali di rischio legale e regolatorio adottate da AETERNA?,"- Rischio di Compliance
- Rischio Contrattuale
- Rischio Reputazionale",facile,"Le tre macro-categorie principali di rischio legale e regolatorio adottate da AETERNA sono:

1. Rischio di Compliance  
2. Rischio Contrattuale  
3. (La terza macro-categoria non è esplicitamente elencata nel testo fornito. Nel contesto dato, sono dettagliate solo le prime due categorie: Rischio di Compliance e Rischio Contrattuale.)","[0.27395349740982056, 0.37108010053634644, 0.3967987298965454]","['synthetic_data_AETERNA\\Volume_19_aspetti_legali,_regolatori_e_normativi.md:0:123', 'synthetic_data_AETERNA\\Volume_19_aspetti_legali,_regolatori_e_normativi.md:0:121', 'synthetic_data_AETERNA\\Volume_19_aspetti_legali,_regolatori_e_normativi.md:0:133']","['Specifiche Tecniche e Protocolli\n\n1. Categorie di Rischio e Mappatura\n\nAETERNA adotta una tassonomia dei rischi legali e regolatori articolata in tre macro-categorie principali:\n\nRischio di Compliance: Violazioni di normative energetiche locali, regolamenti sulla privacy (es. GDPR-like), requisiti di Kyoto 2.0, obblighi di reporting ambientale, licenze per il trading energetico.\n\nRischio Contrattuale: Inadempienze nei contratti P2P automatizzati via smart contract, dispute su proprietà intellettuale (moduli IP Watcher), responsabilità per malfunzionamenti dei nodi o del sistema di storage WORM.', 'La gestione dei rischi legali e regolatori costituisce un asse portante per la sostenibilità e la scalabilità del Progetto AETERNA. In un contesto di micro-reti energetiche decentralizzate, la natura distribuita delle responsabilità, la presenza di smart contract automatizzati e l’utilizzo di tecnologie innovative (blockchain Bit-Energy, AI per il bilanciamento predittivo, Kyoto 2.0 Compliance Layer) espongono il sistema a rischi eterogenei e in rapida evoluzione. La compliance normativa, la gestione dei rapporti contrattuali tra attori P2P e la tutela della reputazione dell’ecosistema sono ambiti critici, soggetti a normative energetiche, privacy, sicurezza informatica e regolamentazioni emergenti in materia di digital asset e transazioni automatizzate. L’approccio', 'Adattabilità Normativa: L’integrazione di feed normativi e la revisione continua dei processi consentono una rapida risposta a cambiamenti regolatori, minimizzando il rischio di non conformità.\n\nCultura della Compliance: La formazione continua e la sensibilizzazione del personale rafforzano la cultura aziendale orientata alla gestione proattiva dei rischi, riducendo la probabilità di errori umani e comportamenti non conformi.\n\nVantaggio Competitivo: Un sistema di risk management digitale e integrato rappresenta un asset distintivo per AETERNA, facilitando l’accesso a partnership, finanziamenti e mercati regolamentati.']"
In che modo l’utilizzo combinato di smart contract di compliance e Bit-Energy contribuisce sia alla generazione che alla tracciabilità delle notifiche inviate alle autorità di vigilanza nel Progetto AETERNA?,"L’utilizzo combinato di smart contract di compliance e Bit-Energy nel Progetto AETERNA consente la generazione automatica e la firma digitale delle notifiche alle autorità di vigilanza, l’archiviazione delle stesse su Bit-Energy e la trasmissione sicura di hash e metadati tramite canali certificati. Ogni notifica è associata a un identificativo univoco e il suo stato viene monitorato su una dashboard centralizzata. Bit-Energy garantisce la tracciabilità, il versionamento, la storicizzazione e l’integrità delle notifiche e dei documenti correlati, assicurando audit trail verificabili e non repudiabili, mentre i smart contract automatizzano la creazione, la firma e la gestione delle notifiche, rendendo il processo trasparente, sicuro e conforme alle normative.",media,"L’utilizzo combinato di smart contract di compliance e del token Bit-Energy nel Progetto AETERNA contribuisce in modo determinante sia alla generazione che alla tracciabilità delle notifiche inviate alle autorità di vigilanza attraverso i seguenti meccanismi:

**1. Generazione automatica e strutturata delle notifiche:**  
Gli smart contract di compliance, integrati nei workflow digitali e contrattuali, sono programmati per monitorare in tempo reale gli eventi rilevanti ai fini normativi (ad esempio, violazioni di SLA, cambiamenti di stato delle licenze, aggiornamenti SBOM, ecc.). Al verificarsi di condizioni predefinite, gli smart contract generano automaticamente le notifiche da inviare alle autorità di vigilanza, garantendo tempestività, coerenza e standardizzazione del formato delle comunicazioni.

**2. Tracciabilità e audit trail su blockchain Bit-Energy:**  
Ogni notifica generata viene registrata come evento sulla blockchain permissioned Bit-Energy, che funge da registro immutabile e notarizzato. Questo garantisce la tracciabilità completa di ogni notifica, dalla generazione all’invio, con data e ora certa, identificativo univoco e contenuto della comunicazione. La blockchain assicura inoltre la non ripudiabilità e la conservazione a lungo termine (minimo 10 anni, come da policy di retention su storage WORM).

**3. Automatismo e trasparenza nei processi di compliance:**  
L’utilizzo di smart contract elimina la discrezionalità e il rischio di errore umano nella gestione delle notifiche, assicurando che ogni evento rilevante sia notificato secondo le regole definite e che ogni passaggio sia tracciato in modo trasparente e verificabile da enti terzi.

**4. Integrazione con parametri SLA e penali:**  
Nel caso di violazioni di obblighi normativi critici, gli smart contract attivano automaticamente le notifiche e, se previsto, l’applicazione di penali tramite token Bit-Energy, garantendo la piena accountability e la possibilità di audit ex-post.

**In sintesi:**  
La combinazione di smart contract di compliance e della blockchain Bit-Energy consente ad AETERNA di generare notifiche automatiche, strutturate e tempestive verso le autorità di vigilanza, assicurando al contempo la tracciabilità, l’immutabilità e la verificabilità di ogni comunicazione, in linea con i requisiti di auditabilità e compliance previsti dagli standard normativi di settore.","[0.2839304208755493, 0.31185829639434814, 0.3133624196052551]","['synthetic_data_AETERNA\\Volume_19_aspetti_legali,_regolatori_e_normativi.md:0:81', 'synthetic_data_AETERNA\\Volume_10_gestione_delle_emergenze_e_continuità_operativa.md:0:120', 'synthetic_data_AETERNA\\Volume_07_smart_contract_e_tokenizzazione_energetica.md:0:46']","['2. Integrazione nei Workflow Digitali e Contrattuali\n\nFormalizzazione nei contratti: Tutti i requisiti regolatori sono esplicitati negli allegati tecnici dei contratti (Registro Licenze, SBOM, Matrice Compatibilità Licenze, Matrice RAM).\n\nSLA e Penali: Gli obblighi normativi critici sono associati a parametri SLA, con penali automatiche in caso di violazione, gestite tramite smart contract Bit-Energy.\n\nAudit trail e logging: Ogni evento rilevante ai fini della compliance viene tracciato su blockchain Bit-Energy e storage WORM, con retention minima di 10 anni.\n\n3. Monitoraggio Automatico della Compliance\n\nAETERNA adotta una suite di strumenti per il monitoraggio proattivo e automatico della compliance normativa nazionale:\n\nOSS Compliance Bot:', 'Impatto\n\nL’adozione di un protocollo di comunicazione strutturato e sicuro come quello implementato nel Progetto AETERNA produce impatti significativi su più livelli:\n\nFiducia e Trasparenza: La tempestività e la coerenza delle informazioni rafforzano la fiducia degli stakeholder, riducendo il rischio di escalation reputazionale e favorendo la collaborazione durante le crisi.\n\nCompliance e Auditabilità: L’archiviazione notarizzata, la tracciabilità e la disponibilità dei log garantiscono la piena rispondenza agli standard Kyoto 2.0 e Bit-Energy, facilitando le verifiche ex-post da parte di enti terzi.', 'Nel contesto delle micro-reti energetiche decentralizzate, la verifica e la conformità normativa degli smart contract costituiscono una componente imprescindibile per la sicurezza, l’affidabilità e la legittimità del sistema. In particolare, la natura permissioned della blockchain Hyperledger Fabric adottata da AETERNA, unita alla presenza di token digitali (Bit-Energy), asset NFT-like e routine di settlement automatizzato, impone un rigore superiore nella gestione delle procedure di auditabilità e compliance. Gli smart contract, in quanto agenti autonomi di esecuzione delle regole di mercato e settlement, devono essere sottoposti a un ciclo di verifica multilivello che ne certifichi la rispondenza sia alle specifiche funzionali sia alle normative di riferimento (es. GDPR, MiCA, Kyoto 2.0,']"
"Quali sono le principali sfide architetturali e operative che devono essere affrontate per garantire interoperabilità, scalabilità e sostenibilità nei modelli di business peer-to-peer implementati nel framework AETERNA, e in che modo l’integrazione nativa di compliance, audit trail e validazione multi-attore contribuisce al successo a lungo termine di tali modelli?","Le principali sfide architetturali e operative da affrontare per garantire interoperabilità, scalabilità e sostenibilità nei modelli di business peer-to-peer implementati nel framework AETERNA includono la progettazione di architetture digitali che assicurino trasparenza, sicurezza e tracciabilità delle transazioni energetiche, la revisione delle logiche di pricing, settlement e compliance, la gestione della decentralizzazione tramite livelli edge, fog e cloud, e l’adozione di protocolli standardizzati (API RESTful, SFTP cifrato, WebSocket). È necessario integrare sistemi di autenticazione forte, segregazione dei ruoli, gestione dinamica delle policy di accesso, certificazione digitale dell’energia e settlement automatizzato tramite smart contract Bit-Energy. L’integrazione nativa di compliance, audit trail e validazione multi-attore contribuisce al successo a lungo termine garantendo auditabilità, integrità e trasparenza delle transazioni, monitoraggio continuo dei KRI, identificazione tempestiva di anomalie tramite AI, aggiornamento automatico delle checklist normative (es. Kyoto 2.0) e gestione centralizzata degli alert e degli incidenti, abilitando così la resilienza, la flessibilità e la governance decentralizzata dei micro-mercati energetici.",difficile,"Le principali sfide architetturali e operative per garantire interoperabilità, scalabilità e sostenibilità nei modelli di business peer-to-peer (P2P) implementati nel framework AETERNA sono le seguenti:

**1. Interoperabilità**
- **Sfida:** Integrare sistemi eterogenei (tecnologie legacy, piattaforme di terze parti, standard diversi) e garantire la comunicazione fluida tra attori differenti (prosumers, operatori di rete, regolatori).
- **Soluzione:** L’adozione di protocolli aperti, API standardizzate e l’utilizzo della blockchain Bit-Energy come layer di fiducia condiviso favoriscono l’interoperabilità. L’integrazione nativa di compliance e audit trail consente la tracciabilità e la verifica delle transazioni tra sistemi diversi, facilitando la collaborazione tra attori eterogenei.

**2. Scalabilità**
- **Sfida:** Gestire un elevato numero di transazioni e partecipanti senza compromettere le performance, soprattutto in scenari di espansione internazionale.
- **Soluzione:** Un’architettura modulare e distribuita, con workflow regolatori automatizzati e validazione multi-attore, permette di scalare orizzontalmente. La blockchain Bit-Energy, ottimizzata per il settore energetico, consente di gestire grandi volumi di dati e transazioni, mantenendo al contempo auditabilità e compliance.

**3. Sostenibilità**
- **Sfida:** Garantire che il modello sia economicamente, tecnologicamente e normativamente sostenibile nel tempo, anche in presenza di cambiamenti regolatori e tecnologici.
- **Soluzione:** L’integrazione nativa di compliance e audit trail riduce i costi di conformità e facilita l’adattamento a nuovi requisiti normativi. La validazione multi-attore distribuisce la responsabilità e aumenta la resilienza del sistema, riducendo i rischi operativi e favorendo la fiducia tra i partecipanti.

**Contributo di compliance, audit trail e validazione multi-attore:**
- **Compliance nativa:** Automatizza l’adeguamento alle normative, riducendo il rischio di non conformità e semplificando l’interazione con le autorità.
- **Audit trail integrato:** Garantisce trasparenza e tracciabilità end-to-end delle operazioni, elemento chiave per la fiducia e la risoluzione di dispute.
- **Validazione multi-attore:** Permette la verifica incrociata delle transazioni da parte di più soggetti, aumentando la robustezza e l’affidabilità del sistema.

**In sintesi**, queste integrazioni architetturali non solo abilitano la scalabilità e l’interoperabilità tecnica, ma rappresentano anche un vantaggio competitivo per AETERNA, assicurando la sostenibilità e il successo a lungo termine dei modelli P2P in contesti regolatori complessi e in continua evoluzione.","[0.21449625492095947, 0.259380578994751, 0.2614634037017822]","['synthetic_data_AETERNA\\Volume_20_business_model,_scalabilità_e_sostenibilità_economica.md:0:14', 'synthetic_data_AETERNA\\Volume_20_business_model,_scalabilità_e_sostenibilità_economica.md:0:109', 'synthetic_data_AETERNA\\Volume_19_aspetti_legali,_regolatori_e_normativi.md:0:136']","['Garantire trasparenza, auditabilità e compliance, sfruttando la blockchain Bit-Energy e l’integrazione di workflow regolatori automatizzati.\n\nAbilitare nuovi modelli di governance energetica, in cui la comunità può auto-organizzarsi, definire regole di mercato locali e adattarsi dinamicamente ai cambiamenti normativi e tecnologici.\n\nTuttavia, la complessità tecnica e la necessità di garantire interoperabilità, scalabilità e sostenibilità richiedono un approccio architetturale rigoroso, in linea con le scelte già assunte nei capitoli precedenti. L’integrazione nativa di compliance, audit trail e meccanismi di validazione multi-attore rappresenta un elemento distintivo e abilitante per il successo a lungo termine del modello P2P in AETERNA.', 'Dal punto di vista strategico, la capacità di offrire soluzioni white-label e di monetizzare asset informativi differenzia AETERNA nel panorama delle piattaforme energetiche, aprendo scenari di espansione internazionale e di collaborazione con attori eterogenei. L’integrazione nativa di compliance e audit trail garantisce la sostenibilità dei modelli di business anche in contesti normativi complessi e in evoluzione.\n\nIn sintesi, la diversificazione dei flussi di ricavo rappresenta un pilastro fondamentale per la crescita sostenibile e la scalabilità globale di AETERNA, assicurando al contempo solidità economica e flessibilità adattiva.\n\nCapitolo 9: Partnership Strategiche e Ecosistema\n\nIntroduzione Teorica', 'e operativi, e costruire un rapporto di fiducia e collaborazione con le autorità, elemento abilitante per la scalabilità e la sostenibilità del framework AETERNA.']"
Qual è il costo medio annuale per la manutenzione dei cluster Kubernetes utilizzati nella piattaforma AETERNA?,L'informazione non è disponibile nel testo,impossibile,"Il contesto fornito non specifica il costo medio annuale per la manutenzione dei cluster Kubernetes utilizzati nella piattaforma AETERNA. Nel testo sono descritte le architetture, i vantaggi e le criticità tecniche, ma non sono presenti dati o stime economiche relative ai costi di manutenzione dei cluster Kubernetes.","[0.37522923946380615, 0.40090709924697876, 0.4132559299468994]","['synthetic_data_AETERNA\\Volume_20_business_model,_scalabilità_e_sostenibilità_economica.md:0:18', 'synthetic_data_AETERNA\\Volume_16_sostenibilità_ambientale_e_impatto_sociale.md:0:106', 'synthetic_data_AETERNA\\Volume_18_evoluzione_tecnologica_e_roadmap_di_ricerca.md:0:11']","['2. Specifiche Tecniche e Protocolli\n\n2.1 Architettura Scalabile a Microservizi su Kubernetes\n\nLa piattaforma AETERNA è implementata secondo un paradigma a microservizi, containerizzati e orchestrati tramite Kubernetes. Ogni funzionalità core (es. gestione wallet Bit-Energy, orchestrazione smart contract, audit compliance, pricing engine, AI predittiva) è isolata in un servizio autonomo, con API RESTful certificate per la comunicazione inter-livello (Edge, Fog, Cloud).\n\n2.1.1 Auto-Scaling Orizzontale e Verticale\n\nOrizzontale: I pod Kubernetes vengono scalati automaticamente in base a metriche di carico (CPU, memoria, throughput richieste REST, latenze smart contract).', 'Per ridurre il footprint energetico delle infrastrutture IT, AETERNA adotta:\n\nArchitettura serverless: Funzioni on-demand (AWS Lambda, Google Cloud Functions) per orchestrazione di workflow, inferenza AI e gestione smart contract, con scaling automatico e cold start ottimizzati.\n\nContainerizzazione: Utilizzo di Docker e orchestrazione Kubernetes per microservizi AI, API gateway e dashboard.\n\nData Lake sostenibile: Persistenza su storage S3 e Data Lake in formato Parquet, con politiche di lifecycle management per riduzione storage idle.\n\nEsempio concreto\n\nIl deployment di modelli AI per la manutenzione predittiva avviene tramite funzioni serverless, che si attivano solo in presenza di nuovi dati anomali, minimizzando il consumo energetico dei server.', 'Tecnologia Ambito di Applicazione Vantaggi Specifici per AETERNA Criticità e Mitigazioni Kubernetes Orchestrazione microservizi Scalabilità, resilienza, deployment continuo Complessità operativa; mitigata da automazione e policy declarative AI/ML (LSTM, Isolation Forest) Analisi predittiva, anomaly detection Ottimizzazione bilanciamento e manutenzione Bias modelli; mitigata da explainability e retraining automatico Federated Learning Addestramento distribuito Privacy, riduzione traffico Sincronizzazione modelli; mitigata da orchestrazione Airflow Edge Computing (K3s) Pre-processing dati H-Node Latenza ridotta, efficienza banda Gestione aggiornamenti; mitigata da orchestratori lightweight Blockchain Permissioned Trading P2P, auditing, compliance Immutabilità, trasparenza, non ripudiabilità Scalabilità; mitigata da consensus BFT e']"
Quali sono le principali voci di CAPEX considerate nell’analisi economica del Progetto AETERNA?,"Le principali voci di CAPEX considerate nell’analisi economica del Progetto AETERNA sono: l’acquisizione e l’installazione delle infrastrutture hardware (H-Node, gateway Fog, cluster Cloud), le licenze software (inclusi moduli AI, orchestratori Kubernetes, middleware di compliance Kyoto 2.0), la formazione specialistica del personale tecnico e la configurazione iniziale delle pipeline CI/CD multi-cluster.",facile,"Sulla base del contesto fornito, le principali voci di CAPEX (spese in conto capitale) considerate nell’analisi economica del Progetto AETERNA includono:

1. **Investimenti in infrastrutture fisiche**: acquisto e installazione di componenti hardware per la realizzazione delle micro-reti energetiche decentralizzate (es. generatori, sistemi di accumulo, dispositivi di controllo e monitoraggio).

2. **Tecnologie e architetture di rete**: costi legati alla scelta e all’implementazione di soluzioni tecnologiche innovative, inclusi sistemi di automazione, sensoristica avanzata e piattaforme di gestione energetica.

3. **Sistemi di monitoraggio real-time e simulazione AI**: acquisizione e integrazione di strumenti software e hardware per il monitoraggio continuo delle performance e la simulazione predittiva dei flussi energetici ed economici.

4. **Costi di progettazione e sviluppo**: spese per la progettazione tecnica, la consulenza specialistica e lo sviluppo delle soluzioni personalizzate per il contesto specifico del progetto.

Queste voci di CAPEX sono valutate quantitativamente per garantire una proiezione realistica dei flussi di cassa e un’analisi accurata del ritorno economico (ROI) associato alle scelte architetturali e tecnologiche del Progetto AETERNA.","[0.4020894169807434, 0.4232912063598633, 0.4563014507293701]","['synthetic_data_AETERNA\\Volume_01_visione_globale_e_filosofia_di_aeterna.md:0:0', 'synthetic_data_AETERNA\\Volume_20_business_model,_scalabilità_e_sostenibilità_economica.md:0:29', 'synthetic_data_AETERNA\\Volume_20_business_model,_scalabilità_e_sostenibilità_economica.md:0:42']","['Capitolo 1: Origini del Progetto AETERNA\n\n1.1 Introduzione Teorica', 'La sostenibilità economica a lungo termine del Progetto AETERNA rappresenta un asse portante della sua strategia di implementazione e di evoluzione. In un contesto di micro-reti energetiche decentralizzate, la valutazione rigorosa della sostenibilità finanziaria non si limita a una mera analisi dei costi e dei ricavi, ma si estende a una comprensione sistemica delle dinamiche di investimento, gestione operativa e generazione di valore nel tempo. L’approccio adottato si fonda su una metodologia quantitativa incentrata sulla misurazione oggettiva delle risorse impiegate (sia materiali che immateriali), sulla proiezione realistica dei flussi di cassa e sull’analisi del ritorno economico (ROI) associato alle scelte architetturali e tecnologiche. Tale', 'Impatto\n\nL’adozione della metodologia di analisi economica descritta garantisce al Progetto AETERNA una solida base di sostenibilità finanziaria e una capacità predittiva rispetto alle evoluzioni del mercato energetico e delle normative di settore (es. aggiornamenti Kyoto 2.0). L’integrazione di strumenti di monitoraggio real-time e di simulazione AI consente una gestione proattiva dei rischi economici e una rapida capacità di adattamento a scenari imprevisti, minimizzando il rischio di lock-in tecnologico e finanziario.']"
In che modo il sistema di incentivazione di AETERNA garantisce sia la tracciabilità delle transazioni finanziarie sia la verifica della compliance normativa durante la conversione dei punti in token Bit-Energy?,"La tracciabilità delle transazioni finanziarie è garantita dalla replica asincrona di tutte le transazioni di punti, badge e crediti dal Reward Ledger verso il ledger distribuito Bit-Energy, dove tutte le transazioni sono firmate digitalmente e registrate su blockchain. La verifica della compliance normativa durante la conversione dei punti in token Bit-Energy è assicurata dal Conversion Gateway, che applica le fee e verifica la conformità alle policy Kyoto 2.0 tramite integrazione con il middleware di compliance, con controlli in tempo reale e alert in caso di violazioni.",media,"Il sistema di incentivazione di AETERNA garantisce la tracciabilità delle transazioni finanziarie e la verifica della compliance normativa durante la conversione dei punti in token Bit-Energy attraverso i seguenti meccanismi tecnici:

1. **Tracciabilità tramite blockchain Bit-Energy**:  
   Tutte le transazioni di conversione da punti a token Bit-Energy sono registrate sulla blockchain Bit-Energy. Questo registro distribuito e immutabile consente la tracciabilità end-to-end di ogni operazione, assicurando che ogni movimento finanziario sia trasparente, auditabile e non alterabile.

2. **Certificati digitali e badge su IPFS**:  
   L’associazione di certificati digitali e badge pubblicati su IPFS a ogni transazione fornisce una prova crittografica e pubblicamente verificabile dell’avvenuta conversione e della conformità ai requisiti previsti. Questi badge attestano la provenienza e la qualità dell’energia scambiata, rafforzando la fiducia degli stakeholder.

3. **Compliance con policy Kyoto 2.0**:  
   Il sistema integra controlli automatici che verificano, durante la conversione, il rispetto delle policy Kyoto 2.0 e degli standard normativi vigenti. Solo le transazioni che soddisfano tali requisiti vengono autorizzate e registrate, garantendo la conformità normativa in tempo reale.

4. **Monitoraggio e auditabilità dei KPI**:  
   La piattaforma consente il monitoraggio in tempo reale dei KPI relativi alle transazioni e alla compliance, permettendo interventi tempestivi in caso di anomalie o tentativi di frode. Questo supporta una governance rigorosa e la possibilità di audit indipendenti.

In sintesi, la combinazione di blockchain, certificati digitali su IPFS e controlli automatici di compliance assicura che ogni conversione di punti in token Bit-Energy sia tracciabile, trasparente e conforme alle normative, consolidando la fiducia e la reputazione del sistema AETERNA.","[0.26895999908447266, 0.28506433963775635, 0.29120194911956787]","['synthetic_data_AETERNA\\Volume_11_integrazione_con_le_energie_rinnovabili.md:0:54', 'synthetic_data_AETERNA\\Volume_20_business_model,_scalabilità_e_sostenibilità_economica.md:0:56', 'synthetic_data_AETERNA\\Volume_02_architettura_di_sistema_a_tre_livelli.md:0:54']","['Fiducia e valore di mercato: La possibilità di associare certificati digitali a token Bit-Energy abilitando il trading P2P di energia certificata rappresenta un vantaggio competitivo, rafforzando la fiducia degli stakeholder e la reputazione del sistema AETERNA.\n\nCompliance normativa: Il rispetto rigoroso delle policy Kyoto 2.0 e la tracciabilità end-to-end dei lotti energetici permettono ad AETERNA di anticipare e superare i requisiti normativi, posizionandosi come modello di riferimento per la gestione sostenibile e trasparente delle micro-reti urbane.', 'L’implementazione di un sistema di incentivazione e monetizzazione avanzato costituisce un pilastro strategico per il successo del Progetto AETERNA. Dal punto di vista tecnico, la modularità e la configurabilità del sistema consentono un’elevata adattabilità alle evoluzioni normative (es. aggiornamenti Kyoto 2.0) e ai cambiamenti nei comportamenti degli utenti. La trasparenza garantita dalla blockchain Bit-Energy e dalla pubblicazione di badge digitali su IPFS rafforza la fiducia nell’ecosistema, riducendo il rischio di frodi e dispute. Dal punto di vista operativo, la possibilità di monitorare in tempo reale i KPI e di intervenire rapidamente sulle policy di incentivazione permette di ottimizzare la retention e la qualità dei contributi, massimizzando il', 'Inoltre, la rigorosa governance e la compliance garantite dagli standard Kyoto 2.0 e dalla blockchain Bit-Energy assicurano trasparenza, auditabilità e fiducia per tutti gli attori coinvolti, consolidando il ruolo di AETERNA come infrastruttura di riferimento per la transizione energetica digitale.']"
"In che modo il Progetto AETERNA integra strategie di business continuity, disaster recovery e incident response nei workflow di gestione delle micro-reti per garantire la resilienza operativa e la continuità dei servizi critici in caso di eventi avversi?","Il Progetto AETERNA integra strategie di business continuity, disaster recovery e incident response nei workflow di gestione delle micro-reti attraverso un framework di risk management strutturato e adattato al contesto energetico decentralizzato. Le strategie sono implementate nativamente nei workflow e comprendono: identificazione e valutazione delle minacce tramite threat intelligence automatizzata e simulazioni di scenari, mitigazione con policy di sicurezza Zero Trust, segmentazione di rete, autenticazione forte, replica geografica dei dati critici con failover automatico, disaster recovery playbook e runbook per operatori, monitoraggio proattivo su tutte le componenti, alerting multi-canale con escalation automatica, dashboard centralizzata per incidenti e stato dei backup, audit trail immutabile su blockchain Bit-Energy, formazione continua degli operatori, simulazioni periodiche di incident response e processi dettagliati per la gestione di incidenti come la compromissione di nodi o fault di replica. Queste misure garantiscono la continuità dei servizi critici, la protezione degli asset digitali e fisici e la rapida ripresa delle operazioni in caso di eventi avversi, minimizzando l’impatto su stakeholder e utenti finali.",difficile,"Il Progetto AETERNA integra strategie di business continuity, disaster recovery e incident response nei workflow di gestione delle micro-reti attraverso un approccio strutturato e nativamente integrato nei processi operativi. In particolare:

1. **Pianificazione preventiva e framework di risk management**  
AETERNA adotta un ciclo continuo di risk management che prevede l’identificazione proattiva delle minacce, l’analisi delle superfici di attacco (Edge, Fog, Cloud) e la mappatura delle dipendenze critiche (come nodi di trading Bit-Energy, storage IPFS, orchestratori Kubernetes). Questo consente di individuare in anticipo i punti di vulnerabilità e di predisporre misure di mitigazione specifiche.

2. **Integrazione nativa nei workflow**  
Le strategie di business continuity, disaster recovery e incident response sono integrate direttamente nei workflow di gestione delle micro-reti. Ciò significa che le procedure di risposta agli incidenti, i piani di ripristino e le azioni di continuità operativa sono automatizzate e orchestrate a livello di Edge, Fog e Cloud, garantendo una risposta coordinata e tempestiva in caso di evento avverso.

3. **Protocolli strutturati e automazione**  
AETERNA utilizza protocolli strutturati per la gestione delle emergenze, che includono la rilevazione automatica degli incidenti, l’attivazione di piani di recovery e la comunicazione tempestiva agli stakeholder. L’automazione dei processi di failover, backup e ripristino consente di minimizzare i tempi di inattività e di assicurare la continuità dei servizi critici.

4. **Verifica e aggiornamento continuo delle strategie**  
Le strategie di recovery vengono costantemente testate e aggiornate per garantire la loro efficacia rispetto all’evoluzione delle minacce e delle tecnologie. Questo approccio dinamico assicura che le misure di resilienza siano sempre allineate alle esigenze operative e ai requisiti di sicurezza.

5. **Protezione degli asset digitali e fisici**  
Le misure adottate mirano sia alla protezione degli asset digitali (dati, transazioni blockchain, microservizi) sia di quelli fisici (infrastrutture di rete, dispositivi Edge), assicurando la salvaguardia dell’integrità e della disponibilità delle risorse.

6. **Minimizzazione dell’impatto sugli stakeholder**  
Grazie all’integrazione delle strategie di continuità e recovery nei workflow, AETERNA è in grado di ridurre al minimo l’impatto di eventi avversi su utenti finali e stakeholder, garantendo il rispetto degli SLA e la fiducia nell’ecosistema della micro-rete.

In sintesi, la resilienza operativa di AETERNA si basa su una combinazione di pianificazione preventiva, automazione dei processi di risposta e recovery, e verifica continua delle strategie, il tutto integrato nativamente nei workflow di gestione delle micro-reti per assicurare la continuità dei servizi critici anche in scenari di crisi.","[0.16846567392349243, 0.20159244537353516, 0.2360304594039917]","['synthetic_data_AETERNA\\Volume_20_business_model,_scalabilità_e_sostenibilità_economica.md:0:59', 'synthetic_data_AETERNA\\Volume_09_governance_e_modelli_di_partecipazione.md:0:127', 'synthetic_data_AETERNA\\Volume_10_gestione_delle_emergenze_e_continuità_operativa.md:0:1']","['La resilienza operativa si concretizza nella predisposizione di strategie di business continuity, disaster recovery e incident response, integrate nativamente nei workflow di gestione delle micro-reti. L’obiettivo è garantire la continuità dei servizi critici, la protezione degli asset digitali e fisici, nonché la rapida ripresa delle operazioni in seguito a eventi avversi, minimizzando l’impatto su stakeholder e utenti finali.\n\nSpecifiche Tecniche e Protocolli\n\n1. Framework di Risk Management\n\nAETERNA implementa un ciclo di risk management continuo, articolato nelle seguenti fasi:\n\nIdentificazione delle Minacce:\n\nAnalisi delle superfici di attacco (Edge, Fog, Cloud).\n\nMappatura delle dipendenze critiche (es. nodi di trading Bit-Energy, storage IPFS, orchestratori Kubernetes).', 'Introduzione Teorica\n\nLa gestione delle emergenze e la continuità operativa rappresentano pilastri fondamentali per la resilienza delle micro-reti energetiche AETERNA. In un contesto caratterizzato da decentralizzazione, interoperabilità multi-livello (Edge-Fog-Cloud) e transazioni energetiche P2P basate su blockchain, la capacità di rispondere prontamente a eventi critici—quali attacchi informatici, guasti hardware, blackout locali o disastri naturali—costituisce un requisito imprescindibile. L’approccio AETERNA si fonda su una pianificazione preventiva, l’adozione di protocolli strutturati e la continua verifica delle strategie di recovery, al fine di garantire la disponibilità dei servizi, la protezione dei dati e la fiducia degli stakeholder.', 'Nel contesto delle micro-reti energetiche urbane decentralizzate, la continuità operativa e la resilienza delle infrastrutture digitali rappresentano elementi imprescindibili per il mantenimento degli SLA (Service Level Agreement) e per la salvaguardia dell’integrità dei dati e delle operazioni. Il Progetto AETERNA, caratterizzato da un’architettura multilivello (Edge, Fog, Cloud) e da una forte integrazione tra microservizi, blockchain e intelligenza artificiale, richiede l’adozione di strategie di disaster recovery (DR) che siano specificamente adattate alla natura distribuita e mission-critical dei suoi servizi. In tale ottica, il ripristino rapido delle funzionalità critiche non costituisce soltanto una misura tecnica, ma un requisito sistemico che permea la']"
Qual è il costo medio annuale per l’implementazione delle pipeline CI/CD automatizzate nel Progetto AETERNA?,L'informazione non è disponibile nel testo,impossibile,"Nel contesto fornito non sono presenti dati specifici o stime numeriche riguardanti il costo medio annuale per l’implementazione delle pipeline CI/CD automatizzate nel Progetto AETERNA. Il testo descrive l’architettura, i flussi e gli impatti in termini di risparmio energetico e riduzione dei costi operativi (tra il 18% e il 27%), ma non riporta valori assoluti o medi relativi ai costi di implementazione delle pipeline stesse.","[0.3451334238052368, 0.4105362892150879, 0.42268991470336914]","['synthetic_data_AETERNA\\Volume_18_evoluzione_tecnologica_e_roadmap_di_ricerca.md:0:128', 'synthetic_data_AETERNA\\Volume_06_algoritmi_di_ottimizzazione_energetica.md:0:127', 'synthetic_data_AETERNA\\Volume_20_business_model,_scalabilità_e_sostenibilità_economica.md:0:72']","['2. Pipeline CI/CD: Architettura e Flussi\n\nLe pipeline CI/CD di AETERNA sono progettate per supportare la multi-tenancy, la segmentazione per ambiente (dev, test, staging, prod) e la compliance con le policy Kyoto 2.0. Ogni pipeline è composta da step modulari e parametrizzabili, con gestione delle seguenti fasi:\n\nCheckout e Validazione Branch\n\nBuild e Static Analysis\n\nUnit/Integration/E2E Test\n\nPackage & Container Build\n\nSecurity Scan\n\nArtifact Promotion\n\nDeploy su ambiente target\n\nSmoke Test post-deploy\n\nRollback automatico in caso di failure\n\nNotifica e logging degli eventi\n\nEsempio di flusso CI/CD (Mermaid):', 'Impatto\n\nL’implementazione integrata delle soluzioni sopra descritte consente di ottenere una riduzione significativa e misurabile dei costi operativi all’interno del sistema AETERNA. I principali impatti osservati e attesi sono:\n\nRisparmio energetico diretto: grazie alla previsione accurata della domanda e all’ottimizzazione dinamica degli acquisti, si riducono gli sprechi e si massimizza l’utilizzo di energia a basso costo, con una diminuzione stimata dei costi operativi tra il 18% e il 27% rispetto a sistemi tradizionali.', 'L’ottimizzazione dei costi operativi rappresenta un asse portante per la sostenibilità a lungo termine e la competitività del Progetto AETERNA. In un contesto di micro-reti energetiche urbane, caratterizzato da elevata dinamicità e complessità infrastrutturale, la riduzione sistematica degli sprechi, delle inefficienze e dei costi ricorrenti è un obiettivo imprescindibile. L’approccio adottato da AETERNA si fonda su una combinazione sinergica di automazione, standardizzazione e adozione di strumenti di monitoring avanzati, supportati da una infrastruttura cloud elastica e da componenti di intelligenza artificiale. L’analisi e il controllo in tempo reale delle principali voci di spesa, abilitati da dashboard analitiche, consentono una gestione']"
Quale modulo del Framework Modulare di Compliance (FMC) è responsabile della gestione della privacy e della minimizzazione dei dati?,Privacy Compliance,facile,Il modulo del Framework Modulare di Compliance (FMC) responsabile della gestione della privacy e della minimizzazione dei dati è il modulo **Privacy Compliance**.,"[0.3563472032546997, 0.3675547242164612, 0.3895961046218872]","['synthetic_data_AETERNA\\Volume_20_business_model,_scalabilità_e_sostenibilità_economica.md:0:88', 'synthetic_data_AETERNA\\Volume_20_business_model,_scalabilità_e_sostenibilità_economica.md:0:94', 'synthetic_data_AETERNA\\Volume_20_business_model,_scalabilità_e_sostenibilità_economica.md:0:89']","['1. Framework Modulare di Compliance (FMC)\n\nArchitettura\n\nIl Framework Modulare di Compliance (FMC) costituisce il layer di astrazione tra la piattaforma AETERNA e i requisiti normativi locali. Il FMC è articolato in moduli plug-in, ciascuno responsabile di una specifica area di compliance (es. privacy, sicurezza, trading energetico, fiscalità, interoperabilità di dati).\n\nPolicy Adapter Layer: Adattatori specifici per ciascun paese, sviluppati in conformità con l’Aeterna Policy Language (APL). Questi adapter traducono le regole locali in policy machine-readable, integrandole nei workflow operativi.', 'Tabella: Moduli FMC e Relative Funzionalità\n\nModulo FMC Funzionalità Principali Standard di Riferimento Parametrizzazione Privacy Compliance Data minimization, consent management, data subject rights GDPR, CCPA, local DPA YAML/JSON Sicurezza Encryption, access control, incident response ISO 27001, NIST CSF YAML/JSON Trading Energetico Regole di scambio P2P, limiti di volume, auditing Kyoto 2.0, Bit-Energy, IEC 61850 YAML/JSON Fiscalità Reporting fiscale, gestione IVA, compliance locale Local Tax Regimes, EU VAT YAML/JSON Interoperabilità Dati Mapping standard, conversione protocolli OpenADR, IEC 61850 YAML/JSON Audit & Reporting Logging, versionamento, generazione report ISO 27001, SOX YAML/JSON\n\nImpatto', 'Compliance Orchestrator: Motore centrale che gestisce l’attivazione dinamica dei moduli di compliance in base al contesto operativo (geolocalizzazione, tipologia di servizio, profilo utente).\n\nAudit Trail Engine: Sistema di logging e versionamento delle policy, con tracciabilità end-to-end delle modifiche e dei processi di approvazione, in conformità agli standard ISO 27001 e alle best practice GDPR.\n\nIntegrazione con la Piattaforma Core\n\nIl FMC è integrato nativamente nei pipeline CI/CD e nei processi di provisioning automatizzato. Ogni rilascio software viene validato rispetto ai moduli di compliance attivi per il mercato target, assicurando che le nuove funzionalità rispettino le normative vigenti.\n\n2. Monitoraggio Normativo Continuo\n\nTeam Multidisciplinari e Legal Tech']"
In che modo la piattaforma AETERNA utilizza sia la modularità del framework che l’integrazione di strumenti di analytics per massimizzare la marginalità e mantenere un vantaggio competitivo?,"La piattaforma AETERNA sfrutta la modularità del framework per implementare molteplici modelli di business, ciascuno come microservizio dedicato, consentendo la creazione, personalizzazione e scalabilità di diversi flussi di ricavo (servizi digitali, monetizzazione dati, soluzioni white-label, partnership). L’integrazione di strumenti di analytics, come dashboard centralizzate, moduli di forecasting AI/ML e sistemi di monitoraggio KPI in tempo reale, permette di aggregare, analizzare e ottimizzare le performance di ogni segmento, identificando tempestivamente opportunità di crescita e criticità. Questa orchestrazione modulare e data-driven massimizza la marginalità attraverso l’ottimizzazione della distribuzione delle risorse e la riallocazione dinamica verso i canali più profittevoli, garantendo al contempo un vantaggio competitivo grazie alla capacità di adattarsi rapidamente a cambiamenti di mercato, regolatori e tecnologici.",media,"La piattaforma AETERNA sfrutta la modularità del framework e l’integrazione di strumenti di analytics in modo sinergico per massimizzare la marginalità e mantenere un vantaggio competitivo attraverso i seguenti meccanismi:

**1. Modularità del framework**
- **Diversificazione dei modelli di business:** La natura modulare consente di sviluppare e gestire modelli di business multipli, ciascuno adattato alle esigenze di stakeholder diversi (prosumer, utility, enti regolatori, partner tecnologici). Ogni modulo può essere configurato con metriche di performance dedicate e strumenti di monitoraggio specifici.
- **Scalabilità e flessibilità:** La coerenza delle interfacce e la gestione automatizzata della documentazione permettono di integrare rapidamente nuovi partner e funzionalità, riducendo il time-to-market e il debito tecnico.
- **Compliance dinamica:** La modularità facilita l’adeguamento rapido ai requisiti normativi e alle evoluzioni del mercato, garantendo la conformità e la futura scalabilità.

**2. Integrazione di strumenti di analytics**
- **Monitoraggio granulare:** L’integrazione di piattaforme di analytics consente di raccogliere e analizzare dati dettagliati sulle performance dei diversi moduli e modelli di business, identificando rapidamente opportunità di ottimizzazione.
- **Orchestrazione delle policy di monetizzazione:** Gli analytics supportano la definizione e l’adattamento dinamico delle policy di monetizzazione a livello Edge, Fog e Cloud, permettendo di massimizzare la marginalità in base al contesto operativo e alle condizioni di mercato.
- **Ottimizzazione della distribuzione delle risorse:** L’analisi in tempo reale dei dati operativi consente di allocare le risorse in modo efficiente, riducendo sprechi e costi operativi.

**Sintesi**
La combinazione di modularità e analytics permette ad AETERNA di adattarsi rapidamente ai cambiamenti, integrare nuovi attori e servizi senza compromettere la qualità o la sicurezza, e di ottimizzare costantemente i flussi di ricavo. Questo approccio garantisce un vantaggio competitivo duraturo, grazie alla capacità di rispondere in modo proattivo sia alle esigenze di mercato che ai vincoli normativi.","[0.2348790168762207, 0.28369516134262085, 0.2935163974761963]","['synthetic_data_AETERNA\\Volume_20_business_model,_scalabilità_e_sostenibilità_economica.md:0:99', 'synthetic_data_AETERNA\\Volume_13_interoperabilità_e_standardizzazione_internazionale.md:0:84', 'synthetic_data_AETERNA\\Volume_19_aspetti_legali,_regolatori_e_normativi.md:0:2']","['Nel contesto di AETERNA, la diversificazione non è solo una scelta gestionale, ma una necessità strutturale: la natura modulare del framework, la compliance dinamica e la presenza di molteplici stakeholder (prosumer, utility, enti regolatori, partner tecnologici) impongono la creazione di modelli di business multipli, ciascuno con metriche di performance dedicate e strumenti di monitoraggio granulari. L’integrazione di piattaforme di analytics e la capacità di orchestrare policy di monetizzazione a livello Edge, Fog e Cloud consentono di massimizzare la marginalità, ottimizzare la distribuzione delle risorse e mantenere un vantaggio competitivo duraturo.\n\n2. Specifiche Tecniche e Protocolli\n\n2.1. Mappatura dei Flussi di Ricavo', 'Riduzione dei tempi di onboarding: La disponibilità di specifiche formali, mock server e documentazione interattiva consente ai nuovi partner (es. fornitori di servizi, integratori di smart city, utility) di comprendere e integrare rapidamente le API, riducendo il time-to-market delle nuove integrazioni.\n\nMiglioramento della qualità e della sicurezza: Il testing continuo di compatibilità contrattuale e la validazione automatica delle specifiche riducono il rischio di regressioni, vulnerabilità e incoerenze tra i moduli.\n\nFacilitazione della scalabilità: La coerenza delle interfacce e la gestione automatizzata della documentazione permettono di scalare l’ecosistema AETERNA sia in termini di numero di partner che di evoluzione funzionale, senza introdurre debito tecnico.', 'ma anche requisiti tecnici e organizzativi cogenti che influenzano direttamente le scelte progettuali, le interfacce di interoperabilità e i meccanismi di governance dei dati all’interno di AETERNA. L’analisi sistematica delle principali fonti normative europee consente di identificare vincoli, opportunità e margini di flessibilità, garantendo la piena conformità e la futura scalabilità del framework.']"
"Quali sono le principali componenti tecnologiche e i processi organizzativi che permettono al Progetto AETERNA di integrare, monitorare e valorizzare le partnership strategiche, garantendo al contempo compliance regolatoria, innovazione continua e sostenibilità economica all’interno del proprio ecosistema digitale?","Le principali componenti tecnologiche che permettono al Progetto AETERNA di integrare, monitorare e valorizzare le partnership strategiche sono: il Partnership Management Framework (PMF) che regola criteri di selezione, onboarding strutturato tramite API RESTful e workflow BPMN, accordi digitalizzati tramite smart contract su blockchain AETERNA, e moduli per il monitoraggio KPI e la gestione del ciclo di vita delle collaborazioni; la suite di piattaforme digitali interoperabili composta da AETERNA Partner Portal per onboarding e monitoraggio, Data Exchange Layer per la condivisione sicura di dataset e gestione licenze, Co-Creation Sandbox per sviluppo congiunto e testing, e Project Management Hub per la gestione di roadmap e deliverable; protocolli di integrazione e sicurezza come SDK per partner, Secure API Gateway con autenticazione OAuth2 e logging crittografato, smart contract templates (inclusi Kyoto 2.0 e Bit-Energy) per revenue sharing e compliance, e sistemi di monitoring e alerting integrati con Prometheus/Grafana; processi organizzativi che includono pipeline CI/CD dedicate per onboarding, provisioning automatico di risorse, verifica compliance (GDPR/ISO 27001), scorecard multi-variabile per la valutazione delle performance, moduli AI/ML per forecasting e risk engine, e logging notarizzato su blockchain per audit e compliance. Questi elementi garantiscono compliance regolatoria, innovazione continua e sostenibilità economica all’interno dell’ecosistema digitale di AETERNA.",difficile,"Nel Progetto AETERNA, l’integrazione, il monitoraggio e la valorizzazione delle partnership strategiche sono abilitati da un insieme coordinato di componenti tecnologiche e processi organizzativi, progettati per garantire compliance regolatoria, innovazione continua e sostenibilità economica. Le principali componenti e processi sono:

**1. Partnership Management Framework (PMF):**
- **Criteri di selezione algoritmici:** L’adozione di uno scoring multidimensionale (tecnico, economico, reputazionale) consente una valutazione oggettiva e trasparente dei potenziali partner, riducendo i rischi e assicurando l’allineamento strategico.
- **Onboarding strutturato e automatizzato:** L’integrazione di API RESTful e workflow BPMN permette un processo di onboarding efficiente, che include provisioning, verifica di compliance, assegnazione di ruoli e policy di accesso granulari.
- **Accordi digitalizzati tramite smart contract:** L’utilizzo della blockchain AETERNA per la formalizzazione degli accordi (revenue sharing, co-ownership IP, licenze dati, auditing) garantisce trasparenza, tracciabilità e automazione nella gestione delle relazioni.
- **Gestione del ciclo di vita delle partnership:** Moduli dedicati consentono il monitoraggio continuo dei KPI, la revisione periodica delle performance e la gestione automatizzata di rinnovi o terminazioni, assicurando un controllo dinamico e adattivo delle collaborazioni.

**2. Piattaforme Digitali di Ecosistema:**
- **Infrastruttura collaborativa:** Ambienti digitali condivisi (es. portali, sandbox, repository) facilitano la co-creazione, la sperimentazione e la condivisione di risorse tra AETERNA, università, centri di ricerca e startup.
- **Programmi di open innovation:** Strumenti e processi per la raccolta, valutazione e incubazione di idee innovative provenienti dall’ecosistema, accelerando il time-to-market di nuove soluzioni.
- **Interoperabilità e compliance:** L’adozione di standard aperti e protocolli sicuri assicura la conformità alle normative (es. GDPR, regolamenti settoriali) e la protezione degli asset informativi condivisi.

**3. Processi Organizzativi e Governance:**
- **Ruoli e responsabilità definiti:** La governance delle partnership è supportata da una chiara definizione di ruoli, responsabilità e policy di accesso, riducendo i rischi operativi e favorendo la collaborazione efficace.
- **Monitoraggio e auditing continuo:** Sistemi di auditing automatizzati (basati su smart contract e moduli di reporting) garantiscono la trasparenza e la tracciabilità delle attività, facilitando la compliance e la rendicontazione verso stakeholder e autorità.
- **Revisione e miglioramento continuo:** Processi strutturati di revisione periodica delle performance e dei risultati delle partnership consentono di adattare rapidamente le strategie, promuovendo l’innovazione continua e la sostenibilità economica.

**In sintesi**, la combinazione di un framework di governance digitale, strumenti di automazione, smart contract su blockchain e piattaforme collaborative consente ad AETERNA di integrare efficacemente le partnership strategiche, monitorarne l’andamento e valorizzarne i risultati, mantenendo al contempo elevati standard di compliance, innovazione e sostenibilità.","[0.1666651964187622, 0.19612997770309448, 0.24531346559524536]","['synthetic_data_AETERNA\\Volume_20_business_model,_scalabilità_e_sostenibilità_economica.md:0:110', 'synthetic_data_AETERNA\\Volume_20_business_model,_scalabilità_e_sostenibilità_economica.md:0:112', 'synthetic_data_AETERNA\\Volume_18_evoluzione_tecnologica_e_roadmap_di_ricerca.md:0:16']","['Le partnership strategiche costituiscono un pilastro fondamentale per l’espansione, la scalabilità e la resilienza del Progetto AETERNA. In un contesto di crescente complessità tecnologica e regolatoria, la creazione di un ecosistema collaborativo consente di accelerare l’innovazione, ridurre il time-to-market e mitigare i rischi associati all’adozione di tecnologie emergenti. La sinergia tra aziende tecnologiche, istituzioni finanziarie, enti di ricerca e startup favorisce la condivisione di competenze distintive e l’accesso a reti di mercato diversificate. In AETERNA, le partnership non sono intese come mere relazioni commerciali, ma come veri e propri asset strategici, formalizzati attraverso accordi di co-sviluppo, joint venture e programmi di open innovation, e orchestrati tramite', 'Specifiche Tecniche e Protocolli\n\n1. Framework di Partnership e Governance\n\nL’integrazione delle partnership in AETERNA è regolata da un Partnership Management Framework (PMF), che definisce:\n\nCriteri di selezione: Valutazione multidimensionale (tecnica, economica, reputazionale) tramite scoring algoritmico.\n\nOnboarding strutturato: Processo automatizzato (API RESTful, workflow BPMN) per provisioning, compliance, assegnazione di ruoli e policy di accesso.\n\nAccordi digitalizzati: Smart contract su blockchain AETERNA per la gestione di revenue sharing, IP co-ownership, licenze dati e auditing.\n\nGestione ciclo di vita: Moduli per monitoraggio KPI, revisione periodica delle performance, rinnovo/terminazione automatizzata delle collaborazioni.\n\n2. Piattaforme Digitali di Ecosistema', 'Nel contesto del Progetto AETERNA, la collaborazione strutturata con università, centri di ricerca e startup tecnologiche rappresenta un asse strategico per la crescita e la resilienza dell’ecosistema. In un settore caratterizzato da rapida evoluzione tecnologica e da un alto grado di complessità interdisciplinare, la capacità di attingere a competenze esterne, risorse di ricerca avanzata e laboratori sperimentali è cruciale per mantenere un vantaggio competitivo e garantire la sostenibilità a lungo termine. Tali partnership non si limitano a una mera fornitura di know-how, ma si configurano come veri e propri motori di innovazione, abilitando la sperimentazione di soluzioni pionieristiche in condizioni controllate e favorendo la co-creazione di moduli']"
Qual è il costo medio di implementazione di un H-Node domestico nell’architettura Edge del Progetto AETERNA?,L'informazione non è disponibile nel testo,impossibile,"In base al contesto fornito, il costo medio di implementazione di un H-Node domestico nell’architettura Edge del Progetto AETERNA non è specificato direttamente. Tuttavia, si possono delineare alcune considerazioni tecniche:

- Gli H-Node sono dispositivi basati su micro-controller ARM di ultima generazione, progettati per ambienti a risorse vincolate ma con elevate capacità di elaborazione e sicurezza.
- L’architettura prevede interoperabilità con dispositivi legacy e nativi, il che può influire sui costi di integrazione e compatibilità.
- Non sono menzionati componenti hardware specifici, licenze software o costi di installazione.

**Conclusione:**  
Il costo medio di implementazione di un H-Node domestico non è quantificabile sulla base delle informazioni fornite. Per una stima precisa sarebbero necessari dettagli aggiuntivi su specifiche hardware, software, volumi di produzione e costi di installazione.","[0.347098171710968, 0.35866063833236694, 0.36547577381134033]","['synthetic_data_AETERNA\\Volume_11_integrazione_con_le_energie_rinnovabili.md:0:1', 'synthetic_data_AETERNA\\Volume_02_architettura_di_sistema_a_tre_livelli.md:0:14', 'synthetic_data_AETERNA\\Volume_06_algoritmi_di_ottimizzazione_energetica.md:0:132']","['Nel quadro architetturale del Progetto AETERNA, l’integrazione delle fonti rinnovabili domestiche – in particolare impianti fotovoltaici e micro-eolici – costituisce la base per la realizzazione di micro-reti resilienti e autosufficienti. L’adozione di tali tecnologie non solo incrementa la quota di energia prodotta localmente, ma pone sfide significative in termini di interoperabilità, sicurezza, scalabilità e gestione predittiva dei flussi energetici. L’infrastruttura di AETERNA, concepita per operare in scenari urbani complessi e dinamici, richiede che ogni nodo domestico (H-Node) sia in grado di dialogare in modo sicuro e standardizzato con la rete di quartiere (Fog) e con la piattaforma centrale (Cloud), garantendo la raccolta,', ""Capitolo 2: Livello Edge: Il Fronte dell'Azione\n\nIntroduzione Teorica\n\nIl livello Edge del framework AETERNA rappresenta la prima linea dell’infrastruttura energetica urbana decentralizzata, costituendo l’interfaccia diretta tra la piattaforma e l’utenza finale. In questo contesto, la gestione energetica si concretizza attraverso una costellazione di dispositivi domestici intelligenti, denominati H-Node, dotati di micro-controller ARM-based di ultima generazione. Questi dispositivi sono progettati per operare in ambienti fortemente vincolati in termini di risorse, garantendo tuttavia un’elevata capacità di elaborazione in tempo reale, sicurezza intrinseca e interoperabilità con una vasta gamma di apparati legacy e nativi."", 'Specifiche Tecniche e Protocolli\n\n1. Architettura del Framework di Simulazione\n\nIl framework di simulazione AETERNA è strutturato secondo una logica multilivello coerente con l’architettura Edge-Fog-Cloud del sistema reale. Ogni livello è rappresentato da modelli digital twin che replicano fedelmente le caratteristiche fisiche, operative e comportamentali degli asset coinvolti (H-Node domestici, nodi Fog di quartiere, orchestratori Cloud).\n\nEdge Layer (H-Node Simulation): Simulazione dettagliata di dispositivi domestici (prosumers, storage, carichi flessibili), con modelli parametrizzati su profili di consumo/produzione reali e sintesi di fault/perturbazioni locali.']"
