question,groundtruth,difficulty,response,scores,retrieved_contexts,total_hops,judge_score
Qual è il periodo minimo di autonomia operativa richiesto per una micro-grid secondo lo standard Kyoto 2.0?,Ogni micro-grid deve essere in grado di operare in modalità isola per un periodo minimo di 72 ore.,facile,"Secondo lo standard Kyoto 2.0, il periodo minimo di autonomia operativa richiesto per una micro-grid è di 72 ore in modalità isola. Questo significa che ogni micro-grid deve essere tecnicamente capace di funzionare autonomamente, senza connessione alla rete principale, per almeno tre giorni consecutivi.","[1.0, 1.0, 0.6, 0.0, 0.0]","[DOCUMENTO ID: synthetic_data_AETERNA\Volume_01_visione_globale_e_filosofia_di_aeterna.md:0:4] (Rerank Score: 1.00)
Bassa Trasparenza Operativa: Impossibilità di tracciare in modo affidabile i flussi energetici e le responsabilità operative.

1.2.2 Standard Kyoto 2.0: Requisiti e Implicazioni

Il protocollo Kyoto 2.0, adottato nel 2025 come standard interno per la sostenibilità energetica, introduce i seguenti requisiti tecnici:

Autonomia Energetica Locale: Ogni micro-grid deve essere in grado di operare in modalità isola per un periodo minimo di 72 ore.

Trasparenza e Tracciabilità: Implementazione obbligatoria di ledger distribuiti per la registrazione di ogni transazione e scambio energetico (Bit-Energy).

---

[DOCUMENTO ID: synthetic_data_AETERNA\Volume_01_visione_globale_e_filosofia_di_aeterna.md:0:10] (Rerank Score: 1.00)
1.3.2 Tabella: Confronto tra Reti Centralizzate e Micro-grid AETERNA

Caratteristica Reti Centralizzate Micro-grid AETERNA Autonomia Locale Nessuna Completa (min. 72h, Kyoto 2.0) Resilienza Bassa (SPOF) Elevata (topologia dinamica) Trasparenza Limitata Totale (ledger distribuiti) Scalabilità Verticale Orizzontale Tracciabilità Parziale Integrale (Bit-Energy) Adattabilità Rigida Auto-organizzata Compliance Kyoto 2.0 Non conforme Conforme

1.4 Impatto

---

[DOCUMENTO ID: synthetic_data_AETERNA\Volume_10_gestione_delle_emergenze_e_continuità_operativa.md:0:25] (Rerank Score: 0.60)
di compliance e policy-as-code già definiti. Infine, la capacità di orchestrare drill di disaster recovery completamente automatizzati, con validazione delle metriche e reporting strutturato verso i ruoli operativi (Edge Maintainer, Fog Operator, Data Steward, Audit Committee), rappresenta un elemento distintivo che eleva il livello di affidabilità e di prontezza della micro-rete AETERNA rispetto agli standard Kyoto 2.0. In sintesi, la simulazione di scenari catastrofici si configura come un pilastro metodologico imprescindibile per la garanzia di autarchia energetica urbana, resilienza sistemica e continuità operativa nel paradigma delle micro-reti decentralizzate.

---

[DOCUMENTO ID: synthetic_data_AETERNA\Volume_01_visione_globale_e_filosofia_di_aeterna.md:0:120] (Rerank Score: 0.00)
minimo, favorendo l’autarchia energetica urbana e la compliance ai protocolli Kyoto 2.0 e Bit-Energy.

---

[DOCUMENTO ID: synthetic_data_AETERNA\Volume_15_formazione,_supporto_e_community.md:0:90] (Rerank Score: 0.00)
La tracciabilità completa e la compliance Kyoto 2.0 assicurano, inoltre, la conformità agli standard interni di sicurezza, privacy e auditabilità, rendendo il framework idoneo a evolvere come riferimento per la formazione e la governance delle micro-reti energetiche decentralizzate.",2,0.75
In che modo il protocollo Bit-Energy integra la componente di giustizia distributiva con la gestione delle transazioni energetiche e quali strumenti tecnici vengono utilizzati per garantire equità tra gli utenti?,"Il protocollo Bit-Energy integra la componente di giustizia distributiva attraverso algoritmi di bilanciamento predittivo che redistribuiscono automaticamente l’energia in surplus verso nodi a rischio di deficit, secondo policy di equità definite in smart contract. Viene inoltre garantita una quota minima di Bit-Energy per ogni utente, con redistribuzione dinamica in caso di emergenze. Gli strumenti tecnici utilizzati per garantire equità tra gli utenti includono smart contract per l’enforcement delle soglie minime, algoritmi di bilanciamento predittivo (Macro Forecasting AI), ledger distribuiti per la tracciabilità delle transazioni, e policy automatiche di priorità a favore di utenti vulnerabili. Tutte le transazioni sono validate, tracciate e storicizzate su blockchain privata, assicurando auditabilità e compliance con gli standard Kyoto 2.0.",media,"Il protocollo Bit-Energy integra la componente di giustizia distributiva nella gestione delle transazioni energetiche attraverso diverse strategie e strumenti tecnici che mirano a garantire equità tra gli utenti. Di seguito la sintesi dei meccanismi principali:

1. Algoritmi di bilanciamento predittivo e redistribuzione automatica:
- Vengono utilizzati algoritmi AI di bilanciamento predittivo che monitorano la produzione e il consumo energetico nei vari nodi (H-Node) e provvedono, in automatico, a redistribuire l’energia in surplus verso gli utenti o nodi a rischio di deficit. 
- Questa redistribuzione segue policy di equità, codificate negli smart contract, che assicurano una gestione solidale e distribuita della risorsa energia.

2. Quota minima garantita:
- È garantita una soglia minima di Bit-Energy per ogni utente. In caso di emergenze o deficit energetico in una determinata area o per un determinato soggetto, scatta una redistribuzione dinamica per assicurare che nessuno scenda sotto tale soglia.

3. Policy di priorità e strumenti di incentivazione:
- Le transazioni sono regolate da smart contract che prevedono policy di priorità: si tende a favorire scambi a basso impatto ambientale e a garantire vantaggi agli utenti più vulnerabili.
- Sono previste ricompense (reward) per chi adotta comportamenti virtuosi (es. autoconsumo, demand response) e penalità per sprechi o comportamenti non conformi.

4. Distribuzione automatica e auditabilità:
- I crediti energetici e i benefici economici vengono ripartiti secondo regole di proporzionalità rispetto al contributo energetico, principi di solidarietà e priorità a membri vulnerabili della comunità.
- Tutte le transazioni sono tracciate tramite tecnologia blockchain, garantendo trasparenza, auditabilità, non ripudiabilità e compliance.

5. Strumenti tecnici:
- Smart contract: eseguono in modo automatico regole di equità, calcolano e distribuiscono le quote spettanti a ciascun membro in funzione dei dati raccolti in tempo reale.
- Dashboard di audit: ogni membro può consultare la storia delle proprie transazioni, verificando trasparenza e correttezza del sistema.
- Dynamic Pricing: tariffe adattive che regolano la conversione Bit-Energy/kWh, mitigando squilibri e rendendo più equo l’accesso all’energia.
- Modelli di anomaly detection AI per segnalare comportamenti anomali o tentativi di abuso del sistema.

In sintesi, la componente di giustizia distributiva nel protocollo Bit-Energy è garantita dall’integrazione di policy automatiche di redistribuzione, sistemi di controllo trasparenti e strumenti tecnici avanzati come smart contract, blockchain e modelli AI. Tutto ciò assicura un meccanismo equo, verificabile e resilienti alle disuguaglianze energetiche fra utenti.","[1.0, 1.0, 1.0, 0.9, 0.8]","[DOCUMENTO ID: synthetic_data_AETERNA\Volume_01_visione_globale_e_filosofia_di_aeterna.md:0:20] (Rerank Score: 1.00)
End-to-End Encryption: cifratura dei dati energetici sia in transito che a riposo, con rotazione periodica delle chiavi.

Anomaly Detection AI: modelli predittivi per l’identificazione di pattern anomali nei flussi energetici e nelle transazioni.

2.1.7 Giustizia Distributiva

Algoritmi di bilanciamento predittivo: redistribuzione automatica dell’energia in surplus verso nodi a rischio di deficit, secondo policy di equità definite in smart contract.

Quota minima garantita: enforcement di soglie minime di Bit-Energy per ogni utente, con redistribuzione dinamica in caso di emergenze.

2.2 Bit-Energy: Definizione Formale e Protocolli di Gestione

2.2.1 Definizione di Bit-Energy

---

[DOCUMENTO ID: synthetic_data_AETERNA\Volume_01_visione_globale_e_filosofia_di_aeterna.md:0:23] (Rerank Score: 1.00)
Audit e reporting: ogni Bit-Energy conserva la propria storia transazionale (provenienza, impatto, scambi), accessibile per audit e compliance.

2.2.3 Smart Contract e Policy

Policy di priorità: regole automatiche per la precedenza agli scambi a basso impatto ambientale o a favore di utenti vulnerabili.

Dynamic Pricing: tassi di conversione Bit-Energy/kWh adattivi, in funzione della domanda locale, della disponibilità di energia rinnovabile e degli obiettivi di sostenibilità.

Reward e penalità: incentivi per comportamenti virtuosi (es. autoconsumo, demand response), penalità per sprechi o comportamenti non conformi.

3. Diagramma e Tabelle

3.1 Diagramma Mermaid – Flusso Bit-Energy nei Sette Pilastri

---

[DOCUMENTO ID: synthetic_data_AETERNA\Volume_11_integrazione_con_le_energie_rinnovabili.md:0:115] (Rerank Score: 1.00)
Distribuzione Automatica dei Benefici: I crediti energetici (Bit-Energy) e i benefici economici sono ripartiti secondo regole predefinite (es. proporzionalità rispetto al contributo energetico, regole di solidarietà, priorità a membri vulnerabili).

Audit e Trasparenza: Tutte le transazioni sono immutabilmente registrate sulla blockchain e consultabili dai membri tramite dashboard.

Esempio di Flusso Smart Contract

Raccolta dati: Il gateway Fog aggrega la produzione/consumo di ciascun H-Node.

Invio dati: I dati sono inviati tramite API RESTful sicure (TLS 1.3) allo smart contract.

Calcolo quote: Lo smart contract calcola la quota spettante a ciascun membro.

Distribuzione benefici: I crediti Bit-Energy sono trasferiti ai wallet individuali.

---

[DOCUMENTO ID: synthetic_data_AETERNA\Volume_01_visione_globale_e_filosofia_di_aeterna.md:0:22] (Rerank Score: 0.90)
Il protocollo Bit-Energy prevede che ogni transazione sia validata, tracciata e storicizzata su blockchain privata, garantendo non ripudiabilità, auditabilità e compliance con gli standard Kyoto 2.0.

2.2.2 Protocolli Operativi

Emissione: i Bit-Energy vengono generati dagli H-Node in funzione dell’energia prodotta localmente (es. fotovoltaico, eolico), con validazione automatica tramite smart meter certificati.

Scambio P2P: protocollo Bit-Energy Exchange, basato su handshake crittografico, smart contract di matching domanda/offerta e settlement atomico.

Compensazione: algoritmi di bilanciamento predittivo (Macro Forecasting AI) determinano la redistribuzione ottimale dei Bit-Energy in base a forecast di domanda e priorità sociali/ambientali.

---

[DOCUMENTO ID: synthetic_data_AETERNA\Volume_20_business_model,_scalabilità_e_sostenibilità_economica.md:0:133] (Rerank Score: 0.80)
Valore economico redistribuito: Il volume delle transazioni Bit-Energy ha generato un incremento del 18% nei flussi economici interni alle comunità, favorendo la nascita di micro-imprese locali e modelli di sharing economy energetica.

Comportamenti sostenibili: L’analisi dei pattern di consumo ha evidenziato una riduzione del 22% nei picchi di domanda, grazie a programmi di demand response e gamification integrata nelle dashboard utente.

Trasparenza e fiducia: La notarizzazione blockchain dei dati di impatto ha rafforzato la fiducia degli stakeholder, con un Net Promoter Score medio di 8,4/10 e una crescita delle richieste di onboarding da parte di nuovi partner.",2,0.75
Quali sono le fasi principali del processo di ottimizzazione quantistica nella rete AETERNA e come ciascuna di esse contribuisce alla riduzione dell’entropia energetica e all’aumento della resilienza e dell’efficienza operativa del sistema urbano?,"Le fasi principali del processo di ottimizzazione quantistica nella rete AETERNA sono:

1. Raccolta dati consumo/produzione dagli H-Node.
2. Clustering adattivo a livello Fog per segmentare la rete in micro-cluster energetici (Energy Cells) omogenei.
3. Avvio dell’ottimizzazione evolutiva tramite algoritmi che modellano la rete come un grafo dinamico, identificando i percorsi ottimali per il trasferimento di Bit-Energy e simulando scenari multipli di domanda/offerta.
4. Analisi macro e forecast AI a livello Cloud per supportare le decisioni operative.
5. Applicazione delle policy Kyoto 2.0 e delle regole di compliance tramite smart contract.
6. Ribilanciamento e auto-riparazione dei flussi energetici in caso di guasti o variazioni di carico.
7. Audit e storicizzazione delle transazioni e delle ottimizzazioni nel ledger distribuito.

Ciascuna fase contribuisce alla riduzione dell’entropia energetica e all’aumento della resilienza e dell’efficienza operativa del sistema urbano nel seguente modo:

- La raccolta dati e il clustering adattivo permettono di localizzare i flussi energetici, riducendo la dispersione e facilitando l’auto-riparazione in caso di guasti.
- Gli algoritmi evolutivi ottimizzano il routing e l’allocazione delle risorse, minimizzando le perdite di trasmissione e adattandosi dinamicamente ai carichi variabili.
- L’analisi AI e l’applicazione delle policy assicurano che le strategie operative siano predittive, sostenibili e conformi agli standard ambientali.
- Il ribilanciamento automatico e la storicizzazione delle operazioni garantiscono continuità, trasparenza e miglioramento continuo, aumentando la resilienza e l’efficienza complessiva della rete urbana.",difficile,"Le fasi principali del processo di ottimizzazione quantistica nella rete AETERNA sono:

1. Raccolta dati consumo/produzione (H-Node)
   - I sensori periferici (H-Node, livello Edge) raccolgono dati in tempo reale sui consumi e sulla produzione energetica. Questo permette una mappatura accurata dei flussi, punto di partenza per ridurre l’entropia energetica, monitorando dove si generano inefficienze e dispersioni.

2. Clustering adattivo delle Energy Cells (Fog Node)
   - Tramite tecniche di clustering adattivo, la rete suddivide dinamicamente i nodi energetici in gruppi ottimali, adattandosi alle variazioni di domanda/offerta. Questo processo contribuisce a ridurre il disordine (entropia sistemica) nella distribuzione, abilitando una gestione più reattiva e resiliente dei carichi.

3. Avvio ottimizzazione evolutiva (Fog Node)
   - Gli algoritmi evolutivi ricercano le migliori strategie di allocazione delle risorse. Agiscono minimizzando le perdite di trasmissione e identificando percorsi ottimali per il trasferimento di Bit-Energy, il che si traduce in maggiore efficienza e riduzione dello spreco energetico.

4. Analisi macro e forecast AI (Cloud)
   - Algoritmi AI su larga scala analizzano dati storici e previsionali, fornendo insight strategici per migliorare l’efficienza complessiva del sistema urbano. L’IA supporta una pianificazione predittiva, riducendo picchi e colli di bottiglia che generano entropia.

5. Applicazione policy Kyoto 2.0 via smart contract (Fog Node)
   - Le policy di sostenibilità (ad es. Kyoto 2.0), sono codificate in smart contract auto-eseguibili che gestiscono la conformità ai vincoli ambientali. Questo automatizza la riduzione delle emissioni e il rispetto dei target di efficientamento, aumentando la resilienza sistemica.

6. Ribilanciamento e auto-riparazione (Fog Node)
   - La rete implementa meccanismi di auto-riparazione e ribilanciamento energetico in caso di guasti/variazioni improvvise. Questa autoregolazione riduce il rischio di blackout e assicura che il sistema possa adattarsi rapidamente, mantenendo alta efficienza operativa.

7. Audit e storicizzazione transazioni (Ledger)
   - Tracciabilità di tutte le operazioni energetiche, garantendo trasparenza, auditabilità e miglioramenti continui basati sui dati raccolti.

Come contribuiscono questi step:
- Riduzione entropia energetica: Ogni fase mira a identificare e correggere inefficienze (attraverso clustering, ottimizzazione evolutiva, auto-riparazione) e a ottimizzare l’allocazione in tempo reale, abbattendo il grado di disordine dei flussi energetici.
- Aumento resilienza: L’auto-adattività, la capacità predittiva e l’auto-riparazione consentono alla rete di resistere a guasti e variazioni improvvise, garantendo continuità operativa.
- Aumento efficienza operativa: L’ottimizzazione multi-obiettivo massimizza l’energia utile per unità di input, riduce sprechi, costi operativi e impatti ambientali, anche tramite automazione della compliance ambientale (policy Kyoto 2.0).

Questa architettura multilivello (Edge, Fog, Cloud) rende il sistema urbano energeticamente più intelligente, sostenibile e robusto.","[1.0, 0.7, 0.7, 0.7, 0.7]","[DOCUMENTO ID: synthetic_data_AETERNA\Volume_01_visione_globale_e_filosofia_di_aeterna.md:0:39] (Rerank Score: 1.00)
3.1 Diagramma Mermaid – Flusso di Ottimizzazione Quantistica

graph TD
    A[""H-Node: Raccolta dati consumo/produzione""]
    B[""Fog Node: Clustering adattivo Energy Cells""]
    C[""Fog Node: Avvio ottimizzazione evolutiva""]
    D[""Cloud: Analisi macro e forecast AI""]
    E[""Fog Node: Applicazione policy Kyoto 2.0 via smart contract""]
    F[""Fog Node: Ribilanciamento e auto-riparazione""]
    G[""Ledger: Audit e storicizzazione transazioni""]
    A --> B
    B --> C
    C --> D
    D --> E
    E --> F
    F --> G

3.2 Tabella Comparativa – Reti Tradizionali vs. Rete AETERNA

---

[DOCUMENTO ID: synthetic_data_AETERNA\Volume_01_visione_globale_e_filosofia_di_aeterna.md:0:31] (Rerank Score: 0.70)
AETERNA, attraverso la sua architettura multilivello (Edge, Fog, Cloud), implementa meccanismi di ottimizzazione che vanno oltre la semplice automazione: la rete diventa un organismo cibernetico, in grado di apprendere, auto-ripararsi e minimizzare le perdite di trasmissione, massimizzando l’efficienza e la resilienza. In questo scenario, la sostenibilità quantistica si traduce in una riduzione misurabile dell’entropia energetica, con impatti diretti su efficienza, affidabilità e sostenibilità complessiva del sistema urbano.

2. Specifiche Tecniche e Protocolli

2.1 Algoritmi di Ottimizzazione Evolutiva

---

[DOCUMENTO ID: synthetic_data_AETERNA\Volume_01_visione_globale_e_filosofia_di_aeterna.md:0:29] (Rerank Score: 0.70)
Il concetto di sostenibilità quantistica rappresenta una delle innovazioni cardine introdotte dal framework AETERNA. In questo contesto, la sostenibilità non è più intesa come mera riduzione dell’impatto ambientale o ottimizzazione dei consumi, bensì come la capacità intrinseca della rete di ridurre l’entropia sistemica, ovvero il grado di disordine e inefficienza nella distribuzione e nell’allocazione delle risorse energetiche. La sostenibilità quantistica si configura come un paradigma computazionale e operativo che sfrutta algoritmi evolutivi e clustering adattivo per realizzare una rete energetica dinamica, auto-organizzante e capace di adattarsi in tempo reale a fluttuazioni di carico, guasti e

---

[DOCUMENTO ID: synthetic_data_AETERNA\Volume_01_visione_globale_e_filosofia_di_aeterna.md:0:32] (Rerank Score: 0.70)
2.1 Algoritmi di Ottimizzazione Evolutiva

Gli algoritmi di ottimizzazione evolutiva sono implementati principalmente nel livello Fog e Cloud della piattaforma AETERNA. Essi operano su due direttrici principali:

Minimizzazione delle perdite di trasmissione: Attraverso la modellazione della rete come un grafo dinamico, gli algoritmi identificano in tempo reale i percorsi ottimali per il trasferimento di Bit-Energy, riducendo la distanza energetica tra produttori e consumatori e minimizzando la dispersione.

---

[DOCUMENTO ID: synthetic_data_AETERNA\Volume_06_algoritmi_di_ottimizzazione_energetica.md:0:32] (Rerank Score: 0.70)
Specifiche Tecniche e Protocolli

1. Algoritmi di Ottimizzazione Multi-Obiettivo

a. Formulazione del Problema

L’ottimizzazione multi-obiettivo in AETERNA è formalizzata come un problema di programmazione matematica vincolata, in cui la funzione obiettivo è composta da tre termini ponderati:

Efficienza (E): Misurata come throughput computazionale per unità di energia consumata (GFLOPS/Watt).

Costo (C): Comprende costi diretti (energia, licensing, hardware) e indiretti (manutenzione, carbon tax Kyoto 2.0).

Sostenibilità (S): Quantificata tramite metriche di emissione CO₂ equivalente, percentuale di energia rinnovabile, e punteggio Bit-Energy.",2,1.0
Qual è il costo medio di implementazione di un H-Node domestico conforme agli standard Bit-Energy e Kyoto 2.0 nei distretti urbani pilota del Progetto AETERNA?,L'informazione non è disponibile nel testo,impossibile,L'informazione non è disponibile nel testo,"[0.6, 0.3, 0.3, 0.3, 0.3, 0.3, 0.3, 0.2, 0.0, 0.0, 0.6, 0.6, 0.4, 0.0, 0.0, 0.0, 0.2, 0.0, 0.0, 0.0, 0.0]","[DOCUMENTO ID: synthetic_data_AETERNA\Volume_01_visione_globale_e_filosofia_di_aeterna.md:0:1] (Rerank Score: 0.60)
Il Progetto AETERNA nasce come risposta sistemica e radicalmente innovativa alla crisi delle reti energetiche centralizzate, esplosa con la crisi del 2024. Tale crisi ha evidenziato in modo incontrovertibile la fragilità strutturale delle infrastrutture monolitiche, la cui architettura era imperniata su pochi nodi critici, spesso situati in aree strategicamente vulnerabili. L’adozione del protocollo Kyoto 2.0, con i suoi stringenti requisiti di sostenibilità, resilienza e trasparenza, ha imposto una revisione paradigmatica dei modelli di generazione, distribuzione e consumo dell’energia. In questo contesto, la micro-grid autonoma emerge come architettura di riferimento: una rete energetica distribuita, auto-organizzata e capace di adattarsi

---

[DOCUMENTO ID: synthetic_data_AETERNA\Volume_11_integrazione_con_le_energie_rinnovabili.md:0:1] (Rerank Score: 0.30)
Nel quadro architetturale del Progetto AETERNA, l’integrazione delle fonti rinnovabili domestiche – in particolare impianti fotovoltaici e micro-eolici – costituisce la base per la realizzazione di micro-reti resilienti e autosufficienti. L’adozione di tali tecnologie non solo incrementa la quota di energia prodotta localmente, ma pone sfide significative in termini di interoperabilità, sicurezza, scalabilità e gestione predittiva dei flussi energetici. L’infrastruttura di AETERNA, concepita per operare in scenari urbani complessi e dinamici, richiede che ogni nodo domestico (H-Node) sia in grado di dialogare in modo sicuro e standardizzato con la rete di quartiere (Fog) e con la piattaforma centrale (Cloud), garantendo la raccolta,

---

[DOCUMENTO ID: synthetic_data_AETERNA\Volume_01_visione_globale_e_filosofia_di_aeterna.md:0:78] (Rerank Score: 0.30)
2. Specifiche Tecniche e Protocolli

2.1. Architettura di Integrazione

L’integrazione di AETERNA con la Smart City 2030 si articola secondo una stratificazione multilivello, in cui ogni layer (Edge, Fog, Cloud) espone API e interfacce standardizzate per l’interazione con i principali sottosistemi urbani. La comunicazione avviene tramite protocolli interoperabili basati su specifiche interne AETERNA, in conformità agli standard Kyoto 2.0 e Bit-Energy.

2.1.1. Interfacce Edge Layer

H-Node API: Espone endpoint RESTful e MQTT per la ricezione di richieste energetiche da dispositivi IoT urbani (es. colonnine di ricarica, lampioni smart, sensori di rifiuti).

---

[DOCUMENTO ID: synthetic_data_AETERNA\Volume_01_visione_globale_e_filosofia_di_aeterna.md:0:11] (Rerank Score: 0.30)
L’adozione del paradigma AETERNA segna una discontinuità storica nella progettazione delle infrastrutture energetiche urbane. L’implementazione delle micro-grid autonome, in conformità agli standard Kyoto 2.0, consente di superare le criticità delle reti centralizzate, garantendo una resilienza sistemica senza precedenti. La trasparenza operativa, assicurata dal protocollo Bit-Energy e dalla registrazione distribuita su blockchain, permette una governance energetica partecipata e verificabile. L’integrazione di algoritmi AI per il bilanciamento predittivo trasforma la gestione energetica da reattiva a proattiva, minimizzando sprechi e ottimizzando le risorse. In sintesi, AETERNA si configura come risposta strutturale e visionaria alle sfide della

---

[DOCUMENTO ID: synthetic_data_AETERNA\Volume_01_visione_globale_e_filosofia_di_aeterna.md:0:87] (Rerank Score: 0.30)
L’integrazione di AETERNA con la Smart City 2030 produce impatti sistemici di vasta portata. Dal punto di vista tecnico, la capacità di orchestrare in tempo reale la distribuzione energetica tra trasporti, illuminazione e servizi critici consente di massimizzare la resilienza urbana, riducendo le inefficienze e prevenendo blackout localizzati. L’approccio interoperabile e auditabile garantisce trasparenza e fiducia, sia per i cittadini che per gli operatori urbani, abilitando nuovi modelli di governance distribuita. L’adozione degli standard interni Kyoto 2.0 e Bit-Energy assicura coerenza tra le policy di sostenibilità e la gestione delle priorità, favorendo l’autarchia energetica e la riduzione delle emissioni. Infine, la sinergia tra AI predittiva, ledger distribuito

===

[DOCUMENTO ID: synthetic_data_AETERNA\Volume_03_specifiche_hardware_dell'h-node.md:0:92] (Rerank Score: 0.30)
L’integrazione intelligente dei carichi domestici rappresenta un elemento chiave per il raggiungimento dell’autarchia energetica urbana, obiettivo fondante del Progetto AETERNA. In tale contesto, la gestione dinamica e predittiva dei carichi (Demand Side Management, DSM) viene abilitata attraverso la connessione sicura e automatica di dispositivi elettrodomestici (es. lavatrici, pompe di calore, climatizzatori) ai nodi edge (H-Node) della micro-rete domestica. Il protocollo Auto-Aeterna Connect è stato sviluppato come standard interno per garantire un pairing rapido, sicuro e interoperabile tra H-Node e Smart-Plug certificati AETERNA, superando le limitazioni dei protocolli legacy (es. Zigbee Simple Pairing, WiFi WPS) in termini di sicurezza, automazione e

---

[DOCUMENTO ID: synthetic_data_AETERNA\Volume_03_specifiche_hardware_dell'h-node.md:0:38] (Rerank Score: 0.30)
Nel contesto del framework AETERNA, la comunicazione affidabile, flessibile e a bassa latenza tra i nodi domestici (H-Node), i livelli Fog e il Cloud rappresenta un requisito imprescindibile per garantire la resilienza e la scalabilità della micro-rete energetica urbana. La crescente eterogeneità degli ambienti operativi, unita alla necessità di supportare sia trasmissioni ad alta velocità che collegamenti a lunga distanza e a basso consumo, impone l’adozione di un modulo di comunicazione multi-radio avanzato. Questo modulo, integrato nativamente su ciascun H-Node, abilita la coesistenza e la gestione simultanea di tre tecnologie radio: WiFi 7, Zigbee 4.0 e LoRaWAN. La selezione dinamica del canale di comunicazione più efficiente, basata

---

[DOCUMENTO ID: synthetic_data_AETERNA\Volume_12_interfacciamento_con_la_mobilità_elettrica.md:0:112] (Rerank Score: 0.20)
Specifiche Tecniche e Protocolli

1. Architettura di Integrazione

L’integrazione con sistemi di produzione energetica distribuita si articola su tre livelli, coerenti con la stratificazione Edge-Fog-Cloud del framework AETERNA:

Edge (H-Node domestici): Interfacciamento diretto con inverter fotovoltaici, microturbine eoliche, sistemi di accumulo (batterie domestiche), e stazioni di ricarica veicoli elettrici. Ogni H-Node implementa un modulo EMS (Energy Management System) locale, responsabile del monitoraggio in tempo reale e dell’esecuzione di strategie di autoconsumo, accumulo e scambio P2P.

---

[DOCUMENTO ID: synthetic_data_AETERNA\Volume_11_integrazione_con_le_energie_rinnovabili.md:0:1] (Rerank Score: 0.00)
Nel quadro architetturale del Progetto AETERNA, l’integrazione delle fonti rinnovabili domestiche – in particolare impianti fotovoltaici e micro-eolici – costituisce la base per la realizzazione di micro-reti resilienti e autosufficienti. L’adozione di tali tecnologie non solo incrementa la quota di energia prodotta localmente, ma pone sfide significative in termini di interoperabilità, sicurezza, scalabilità e gestione predittiva dei flussi energetici. L’infrastruttura di AETERNA, concepita per operare in scenari urbani complessi e dinamici, richiede che ogni nodo domestico (H-Node) sia in grado di dialogare in modo sicuro e standardizzato con la rete di quartiere (Fog) e con la piattaforma centrale (Cloud), garantendo la raccolta,

---

[DOCUMENTO ID: synthetic_data_AETERNA\Volume_03_specifiche_hardware_dell'h-node.md:0:11] (Rerank Score: 0.00)
Impatto

L’adozione del design industriale dell’H-Node v4 genera impatti significativi su più dimensioni del progetto AETERNA:

Sostenibilità ambientale: L’uso prevalente di materiali riciclati ad alta efficienza termica riduce l’impronta ecologica sia in fase di produzione sia a fine vita, agevolando il raggiungimento degli obiettivi di autarchia energetica urbana e di circolarità delle risorse.

Affidabilità e sicurezza: La schermatura EMI avanzata e la modularità strutturale minimizzano i rischi di interferenze e guasti, garantendo continuità operativa anche in scenari di alta densità installativa e durante eventi di manutenzione predittiva o straordinaria.

===

[DOCUMENTO ID: synthetic_data_AETERNA\Volume_01_visione_globale_e_filosofia_di_aeterna.md:0:6] (Rerank Score: 0.60)
Bit-Energy Exchange: Protocollo P2P per lo scambio di energia tra H-Node.

Secure Device Authentication: Autenticazione hardware tramite credenziali crittografiche.

Standard Kyoto 2.0: Monitoraggio continuo delle emissioni e reporting automatico.

b) Livello Fog (Quartiere)

Funzionalità: Coordinamento tra cluster di H-Node, gestione delle emergenze, aggregazione dati.

Protocolli:

Fog Consensus: Algoritmo di consenso distribuito per la validazione delle transazioni energetiche.

Dynamic Topology Management: Riconfigurazione automatica delle connessioni tra cluster.

Standard Kyoto 2.0: Audit periodico della resilienza e simulazioni di failover.

c) Livello Cloud (Analisi Macro)

---

[DOCUMENTO ID: synthetic_data_AETERNA\Volume_12_interfacciamento_con_la_mobilità_elettrica.md:0:87] (Rerank Score: 0.60)
Premialità Comportamentale:

Accumulo di crediti Bit-Energy per utenti che dimostrano comportamenti virtuosi (es. spostamento della ricarica su slot suggeriti, risposta positiva a notifiche di demand response).

2.1.5 Ledgerizzazione e Compliance

Ogni aggiornamento tariffario, incentivo applicato e sessione di ricarica è registrato su Hyperledger Fabric, con correlazione nonce-timestamp-hash, per garantire integrità, auditabilità e compliance agli standard interni Kyoto 2.0/Bit-Energy.

3. Diagramma e Tabelle

3.1 Diagramma di Sequenza: Dynamic Pricing Workflow

---

[DOCUMENTO ID: synthetic_data_AETERNA\Volume_03_specifiche_hardware_dell'h-node.md:0:48] (Rerank Score: 0.40)
Ottimizzare il consumo energetico degli H-Node, privilegiando Zigbee o LoRaWAN per trasmissioni non critiche o in modalità battery-saving, senza sacrificare la velocità e la larghezza di banda necessarie per operazioni di trading Bit-Energy o aggiornamenti OTA.

Aumentare la sicurezza operativa, grazie all’isolamento logico dei buffer radio e all’applicazione selettiva degli standard Kyoto 2.0 su canali ad alta affidabilità.

Abilitare scenari di self-healing e auto-configurazione della rete, fondamentali per la scalabilità e l’autarchia energetica urbana.

===

[DOCUMENTO ID: synthetic_data_AETERNA\Volume_11_integrazione_con_le_energie_rinnovabili.md:0:1] (Rerank Score: 0.00)
Nel quadro architetturale del Progetto AETERNA, l’integrazione delle fonti rinnovabili domestiche – in particolare impianti fotovoltaici e micro-eolici – costituisce la base per la realizzazione di micro-reti resilienti e autosufficienti. L’adozione di tali tecnologie non solo incrementa la quota di energia prodotta localmente, ma pone sfide significative in termini di interoperabilità, sicurezza, scalabilità e gestione predittiva dei flussi energetici. L’infrastruttura di AETERNA, concepita per operare in scenari urbani complessi e dinamici, richiede che ogni nodo domestico (H-Node) sia in grado di dialogare in modo sicuro e standardizzato con la rete di quartiere (Fog) e con la piattaforma centrale (Cloud), garantendo la raccolta,

---

[DOCUMENTO ID: synthetic_data_AETERNA\Volume_03_specifiche_hardware_dell'h-node.md:0:11] (Rerank Score: 0.00)
Impatto

L’adozione del design industriale dell’H-Node v4 genera impatti significativi su più dimensioni del progetto AETERNA:

Sostenibilità ambientale: L’uso prevalente di materiali riciclati ad alta efficienza termica riduce l’impronta ecologica sia in fase di produzione sia a fine vita, agevolando il raggiungimento degli obiettivi di autarchia energetica urbana e di circolarità delle risorse.

Affidabilità e sicurezza: La schermatura EMI avanzata e la modularità strutturale minimizzano i rischi di interferenze e guasti, garantendo continuità operativa anche in scenari di alta densità installativa e durante eventi di manutenzione predittiva o straordinaria.

---

[DOCUMENTO ID: synthetic_data_AETERNA\Volume_03_specifiche_hardware_dell'h-node.md:0:133] (Rerank Score: 0.00)
In sintesi, il ciclo di vita e riciclo dell’H-Node, così come progettato in AETERNA, rappresenta una best practice di ingegneria sistemica, capace di coniugare sicurezza, sostenibilità e innovazione nella gestione delle micro-reti energetiche urbane.

===

[DOCUMENTO ID: synthetic_data_AETERNA\Volume_16_sostenibilità_ambientale_e_impatto_sociale.md:0:105] (Rerank Score: 0.20)
Bilanciamento predittivo: Modelli AI che anticipano picchi di domanda, suggerendo azioni di load balancing o energy shifting tra H-Node e Fog Node.

Scalabilità: Implementazione di microservizi containerizzati (Docker, Kubernetes) per la gestione di volumi elevati di micro-transazioni e la resilienza del sistema.

Esempio concreto

Durante un picco di domanda serale, il sistema suggerisce a tre H-Node con surplus di energia di condividere parte della produzione con utenti limitrofi, ottimizzando l’autoconsumo complessivo e riducendo l’impatto sulla rete principale.

4. Infrastruttura Cloud-Native e Serverless

Per ridurre il footprint energetico delle infrastrutture IT, AETERNA adotta:

---

[DOCUMENTO ID: synthetic_data_AETERNA\Volume_20_business_model,_scalabilità_e_sostenibilità_economica.md:0:132] (Rerank Score: 0.00)
Impatto

L’adozione della metodologia di valutazione integrata ha prodotto effetti tangibili e misurabili nelle comunità pilota AETERNA:

Riduzione emissioni: Le prime micro-reti hanno registrato una riduzione media delle emissioni di CO2eq del 28% rispetto ai valori baseline, con picchi superiori al 40% nei quartieri con alta penetrazione di H-Node e sistemi di storage distribuito.

Inclusione digitale: L’accesso ai servizi digitali AETERNA ha raggiunto il 94% delle famiglie nelle aree target, con un incremento del 37% nell’adozione di interfacce accessibili da parte di utenti over 65.

---

[DOCUMENTO ID: synthetic_data_AETERNA\Volume_03_specifiche_hardware_dell'h-node.md:0:11] (Rerank Score: 0.00)
Impatto

L’adozione del design industriale dell’H-Node v4 genera impatti significativi su più dimensioni del progetto AETERNA:

Sostenibilità ambientale: L’uso prevalente di materiali riciclati ad alta efficienza termica riduce l’impronta ecologica sia in fase di produzione sia a fine vita, agevolando il raggiungimento degli obiettivi di autarchia energetica urbana e di circolarità delle risorse.

Affidabilità e sicurezza: La schermatura EMI avanzata e la modularità strutturale minimizzano i rischi di interferenze e guasti, garantendo continuità operativa anche in scenari di alta densità installativa e durante eventi di manutenzione predittiva o straordinaria.

---

[DOCUMENTO ID: synthetic_data_AETERNA\Volume_03_specifiche_hardware_dell'h-node.md:0:133] (Rerank Score: 0.00)
In sintesi, il ciclo di vita e riciclo dell’H-Node, così come progettato in AETERNA, rappresenta una best practice di ingegneria sistemica, capace di coniugare sicurezza, sostenibilità e innovazione nella gestione delle micro-reti energetiche urbane.

---

[DOCUMENTO ID: synthetic_data_AETERNA\Volume_11_integrazione_con_le_energie_rinnovabili.md:0:1] (Rerank Score: 0.00)
Nel quadro architetturale del Progetto AETERNA, l’integrazione delle fonti rinnovabili domestiche – in particolare impianti fotovoltaici e micro-eolici – costituisce la base per la realizzazione di micro-reti resilienti e autosufficienti. L’adozione di tali tecnologie non solo incrementa la quota di energia prodotta localmente, ma pone sfide significative in termini di interoperabilità, sicurezza, scalabilità e gestione predittiva dei flussi energetici. L’infrastruttura di AETERNA, concepita per operare in scenari urbani complessi e dinamici, richiede che ogni nodo domestico (H-Node) sia in grado di dialogare in modo sicuro e standardizzato con la rete di quartiere (Fog) e con la piattaforma centrale (Cloud), garantendo la raccolta,",5,1.0
Qual è la quota minima di energia garantita a ciascun nodo secondo la policy Kyoto 2.0 durante una finestra di scarsità?,La quota minima di energia garantita a ciascun nodo secondo la policy Kyoto 2.0 durante una finestra di scarsità è il 15% del fabbisogno energetico stimato per ciascun nodo (0.15 Bit-Energy).,facile,"La quota minima di energia garantita a ciascun nodo secondo la policy Kyoto 2.0 durante una finestra di scarsità è pari al 15% del fabbisogno del nodo, espressa come ""15% Bit-Energy"" (MIN_QUOTA = 0,15). Questa percentuale rappresenta il valore di default della quota minima che viene garantita a ogni nodo, salvo specifiche personalizzazioni.

Riassumendo:

- Durante una finestra di scarsità, viene calcolata una quota minima garantita per ciascun nodo.
- Secondo la policy Kyoto 2.0, questa quota minima è pari al 15% del fabbisogno energetico del nodo (MIN_QUOTA = 0,15).
- L’allocazione effettiva tiene conto anche di criteri di vulnerabilità, essenzialità e contributo storico, ma la quota minima per ogni nodo non può scendere sotto questa soglia, garantendo inclusività e giustizia distributiva.

Fonte: Documentazione AETERNA – Pipeline di scarsità, Policy Kyoto 2.0 e parametri MIN_QUOTA.","[1.0, 1.0, 0.9, 0.7, 0.7]","[DOCUMENTO ID: synthetic_data_AETERNA\Volume_01_visione_globale_e_filosofia_di_aeterna.md:0:62] (Rerank Score: 1.00)
2. Flusso Decisionale e Moduli Coinvolti

Durante una finestra di scarsità energetica, il sistema attiva la seguente pipeline:

Trigger di Scarcity Event: superamento soglia di deficit energetico rilevato dai sensori edge e validato dal modulo Fog Leader.

Profilazione e Classificazione: aggiornamento in tempo reale dei profili socio-energetici tramite clustering adattivo.

Calcolo Quota Minima: determinazione della quota minima garantita (es. 15% Bit-Energy) per ciascun nodo, secondo policy Kyoto 2.0.

Ponderazione Prioritaria: assegnazione di pesi ai nodi in funzione di vulnerabilità, essenzialità e contributo storico alla rete.

Esecuzione Algoritmo Fair-Share: allocazione iterativa e proporzionale delle risorse disponibili.

---

[DOCUMENTO ID: synthetic_data_AETERNA\Volume_01_visione_globale_e_filosofia_di_aeterna.md:0:73] (Rerank Score: 1.00)
Tabella: Stato Allocazioni e Alert

Nodo Classe Fabbisogno (kWh) Allocazione (kWh) Quota Minima Alert Contestazione n1 VUL 8.0 7.5 1.2 No n2 CRIT 20.0 19.0 3.0 No n3 STD 6.0 3.0 0.9 Sì n4 PROS 5.0 5.0 0.75 No

Impatto

L’implementazione rigorosa dell’etica algoritmica tramite il modulo Fair-Share determina una serie di impatti misurabili sia sul piano tecnico che sociale:

Inclusività e Giustizia Distributiva: la garanzia di una quota minima di energia per tutti i nodi elimina il rischio di esclusione sistemica delle fasce vulnerabili, promuovendo coesione e resilienza comunitaria.

---

[DOCUMENTO ID: synthetic_data_AETERNA\Volume_01_visione_globale_e_filosofia_di_aeterna.md:0:64] (Rerank Score: 0.90)
Input:
    NODES = {n1, n2, ..., nn}           // insieme degli H-Node attivi
    ENERGY_AVAILABLE                    // energia totale disponibile nella finestra di scarsità
    MIN_QUOTA = 0.15                    // quota minima Bit-Energy (default 15%)
    PROFILE[n]                          // profilo socio-energetico di ciascun nodo
    PRIORITY_WEIGHT[n]                  // peso di priorità calcolato per ciascun nodo

---

[DOCUMENTO ID: synthetic_data_AETERNA\Volume_01_visione_globale_e_filosofia_di_aeterna.md:0:60] (Rerank Score: 0.70)
e si dettaglia la struttura algoritmica 'Fair-Share', responsabile dell’allocazione prioritaria e proporzionale dell’energia durante le finestre di scarsità, in conformità con gli standard interni Kyoto 2.0 e Bit-Energy.

---

[DOCUMENTO ID: synthetic_data_AETERNA\Volume_01_visione_globale_e_filosofia_di_aeterna.md:0:38] (Rerank Score: 0.70)
2.4 Integrazione con Bit-Energy e Policy Kyoto 2.0

Tutte le operazioni di ottimizzazione e clustering sono integrate con la logica di tokenizzazione Bit-Energy e con le policy di compliance Kyoto 2.0. In particolare:

Smart Contract di Ottimizzazione: Ogni ciclo di ottimizzazione è vincolato da smart contract che garantiscono il rispetto delle soglie minime di Bit-Energy, delle priorità green e delle penalità/reward previste.

Audit Quantistico: Ogni modifica topologica o ribilanciamento viene registrato come transazione auditabile, con hash chaining e timestamping, garantendo trasparenza e non ripudiabilità.

3. Diagrammi e Tabelle

3.1 Diagramma Mermaid – Flusso di Ottimizzazione Quantistica",2,1.0
In che modo il framework AETERNA garantisce la priorità energetica ai veicoli di emergenza durante la gestione della mobilità elettrica nella Smart City 2030?,"Il framework AETERNA garantisce la priorità energetica ai veicoli di emergenza attraverso un sistema multilivello che utilizza moduli come l’Energy Request Handler, che applica policy di priorità basate sul ruolo del nodo (ad esempio, veicolo di emergenza), e il Fog Leader Orchestrator, che coordina le allocazioni energetiche a livello di quartiere. Le flotte di emergenza sono integrate come nodi ad alta priorità, con allocazioni dinamiche e contestabili tramite smart contract. L’accesso alle funzioni di priorità è gestito tramite Role-Based Access Control (RBAC), che assicura priorità assoluta ai servizi di emergenza, e tutte le transazioni sono storicizzate su ledger distribuito per garantire trasparenza e auditabilità.",media,"Il framework AETERNA garantisce la priorità energetica ai veicoli di emergenza nella Smart City 2030 tramite una combinazione di architetture e policy specifiche, che integrano tecnologie avanzate e sistemi automatizzati. Ecco i meccanismi principali:

1. Gestione automatica della priorità:
- In casi di congestione energetica o situazioni di emergenza, viene attivato un sistema di priorità automatica.
- I veicoli di emergenza sono classificati, a livello di policy, come ""nodi energetici ad alta priorità"", appena dopo il trasporto pubblico in servizio attivo, e ricevono allocazioni dinamiche privilegiate.

2. Smart Contract Dispatcher:
- AETERNA utilizza smart contract per tracciare e contestare le allocazioni energetiche critiche, garantendo che le richieste dei mezzi di soccorso vengano registrate, validate e soddisfatte con precedenza rispetto ai veicoli privati.

3. Fleet Priority Management:
- Le flotte di emergenza sono integrate come nodi prioritari nella rete e le loro allocazioni vengono adattate dinamicamente tramite smart contract.

4. Energy Request Handler & Dynamic EV Allocation:
- Tutte le richieste energetiche vengono normalizzate e processate in base al ruolo del veicolo; i veicoli di emergenza, grazie al loro ruolo, attivano policy di priorità automatica.
- La distribuzione dell’energia viene negoziata in tempo reale, ottimizzando la ricarica in base al livello di urgenza e allo stato della rete.

5. Role-Based Access Control (RBAC):
- Ogni veicolo o sottosistema è autenticato, e i veicoli di emergenza hanno accesso a funzionalità privilegiate garantite dai profili di ruolo, tra cui la priorità assoluta di accesso e allocazione.

6. Interoperabilità e notifica eventi:
- In risposta a eventi urbani critici (come blackout o congestione), il sistema può rimodulare automaticamente le allocazioni energetiche, riservando energia ai mezzi di emergenza e notificando gli operatori tramite canali asincroni.

Questi meccanismi consentono ad AETERNA di orchestrare, in modo trasparente e resiliente, la mobilità elettrica garantendo alle flotte di emergenza la disponibilità energetica necessaria per operare senza interruzioni, specialmente in scenari critici.","[1.0, 0.9, 0.9, 0.9, 0.9, 0.8, 0.7]","[DOCUMENTO ID: synthetic_data_AETERNA\Volume_01_visione_globale_e_filosofia_di_aeterna.md:0:80] (Rerank Score: 1.00)
Smart Contract Dispatcher: Inoltra le richieste di contestazione e audit provenienti dai servizi urbani, garantendo la tracciabilità delle allocazioni energetiche critiche (es. priorità ai mezzi di soccorso).

Mobility-Energy Bridge: Modulo dedicato all’integrazione con i sistemi di mobilità elettrica (EVMS), che negozia in tempo reale la quota di energia tra veicoli, infrastruttura stradale e utenze residenziali.

2.1.3. Cloud Layer e Macro-Analisi

Urban Analytics Engine: Analizza i flussi energetici a livello cittadino, fornendo previsioni di domanda e suggerimenti di ottimizzazione tramite modelli AI.

---

[DOCUMENTO ID: synthetic_data_AETERNA\Volume_12_interfacciamento_con_la_mobilità_elettrica.md:0:71] (Rerank Score: 0.90)
3.2. Coordinamento Multimodale

La piattaforma AETERNA espone API pubbliche per la pianificazione di viaggi multimodali, consentendo all’utente finale di combinare veicoli privati e mezzi pubblici elettrici, con visibilità in tempo reale su disponibilità, stato di carica e orari sincronizzati. Il backend aggrega dati GTFS/SIRI e telemetria energetica, offrendo suggerimenti dinamici basati su condizioni di mobilità e stato della rete.

3.3. Gestione delle Priorità

In scenari di congestione energetica o emergenza, viene attivato un sistema di priorità automatica:

Priorità 1: mezzi pubblici in servizio attivo.

Priorità 2: flotte di supporto (es. scuolabus, veicoli di emergenza).

---

[DOCUMENTO ID: synthetic_data_AETERNA\Volume_01_visione_globale_e_filosofia_di_aeterna.md:0:83] (Rerank Score: 0.90)
Fleet Priority Management: Le flotte di trasporto pubblico e di emergenza sono integrate come nodi ad alta priorità, con allocazioni dinamiche e contestabili tramite smart contract.

2.3.2. Illuminazione Intelligente

Smart Lighting Integration: I lampioni intelligenti sono registrati come H-Node urbani, con profilo energetico adattivo in funzione di traffico, condizioni meteo e presenza umana.

Demand Response: In caso di scarsità energetica, la luminosità viene modulata automaticamente in base alle policy Fair-Share.

2.3.3. Gestione Rifiuti Smart

Waste-Energy Feedback: I cassonetti smart dotati di sensori sono integrati come nodi energetici, richiedendo energia per la compattazione e la segnalazione di overflow.

---

[DOCUMENTO ID: synthetic_data_AETERNA\Volume_01_visione_globale_e_filosofia_di_aeterna.md:0:82] (Rerank Score: 0.90)
Role-Based Access Control (RBAC): Ogni sottosistema urbano è autenticato tramite certificati digitali e accede solo alle funzioni consentite dal proprio ruolo (es. priorità assoluta per servizi di emergenza).

Event-Driven Notification: Notifiche asincrone (WebSocket/AMQP) per la segnalazione di eventi critici (es. blackout, congestione EV, overflow rifiuti smart).

2.3. Sinergie con Sottosistemi Urbani

2.3.1. Mobilità Elettrica

Dynamic EV Allocation: AETERNA negozia la distribuzione di energia tra veicoli elettrici pubblici/privati e infrastruttura stradale, ottimizzando la ricarica in base a priorità, stato di carica e urgenza.

---

[DOCUMENTO ID: synthetic_data_AETERNA\Volume_01_visione_globale_e_filosofia_di_aeterna.md:0:79] (Rerank Score: 0.90)
Energy Request Handler: Modulo che normalizza le richieste in formato Bit-Energy, applicando le policy di priorità definite dal profilo socio-energetico e dal ruolo del nodo (es. veicolo di emergenza vs. veicolo privato).

Event Listener: Sottoscrive eventi urbani critici (es. blackout, picchi di traffico EV) per triggerare allocazioni dinamiche.

2.1.2. Fog Layer Integration

Fog Leader Orchestrator: Coordina i cluster di H-Node a livello di quartiere, aggregando la domanda energetica proveniente dai sottosistemi urbani (es. stazioni di ricarica di flotte pubbliche, isole ecologiche smart).

---

[DOCUMENTO ID: synthetic_data_AETERNA\Volume_01_visione_globale_e_filosofia_di_aeterna.md:0:87] (Rerank Score: 0.80)
L’integrazione di AETERNA con la Smart City 2030 produce impatti sistemici di vasta portata. Dal punto di vista tecnico, la capacità di orchestrare in tempo reale la distribuzione energetica tra trasporti, illuminazione e servizi critici consente di massimizzare la resilienza urbana, riducendo le inefficienze e prevenendo blackout localizzati. L’approccio interoperabile e auditabile garantisce trasparenza e fiducia, sia per i cittadini che per gli operatori urbani, abilitando nuovi modelli di governance distribuita. L’adozione degli standard interni Kyoto 2.0 e Bit-Energy assicura coerenza tra le policy di sostenibilità e la gestione delle priorità, favorendo l’autarchia energetica e la riduzione delle emissioni. Infine, la sinergia tra AI predittiva, ledger distribuito

---

[DOCUMENTO ID: synthetic_data_AETERNA\Volume_01_visione_globale_e_filosofia_di_aeterna.md:0:76] (Rerank Score: 0.70)
L’integrazione del framework AETERNA all’interno dell’ecosistema Smart City 2030 rappresenta un salto paradigmatico nella gestione delle risorse energetiche urbane. In questa visione, AETERNA non si limita a fungere da layer di allocazione energetica per le utenze domestiche, ma si configura come vero e proprio sistema operativo energetico della città, orchestrando la sinergia tra energia, mobilità, comunicazione e servizi urbani. Tale approccio si fonda sull’interoperabilità tra sottosistemi eterogenei, abilitando un’infrastruttura urbana in cui la domanda e l’offerta di energia dialogano in tempo reale con i bisogni di trasporto elettrico, illuminazione pubblica intelligente, gestione dei rifiuti e altri servizi critici. L’obiettivo",2,0.75
"Quali sono i passaggi e i meccanismi tecnici che permettono a un cittadino di contestare una transazione energetica, dalla visualizzazione dei dati sulla dashboard fino all’attivazione di un audit da parte del Fog Leader, e come viene garantita la tracciabilità e la non-repudiation di ogni azione compiuta durante questo processo?","Il cittadino, dopo essersi autenticato tramite certificato digitale sulla dashboard pubblica, può visualizzare in tempo reale i dati delle transazioni energetiche (inclusi provenienza, destinazione, qualità, timestamp, certificati di sostenibilità e audit) grazie a query processate dal Public Audit Gateway che interroga il ledger distribuito. Se rileva una discrepanza o desidera contestare una transazione, può avviare una contestazione direttamente dalla dashboard; questa viene inviata come smart contract tramite il Public Audit Gateway, che notifica il Fog Leader per l’attivazione di un audit. Ogni azione – dalla visualizzazione alla contestazione – è registrata su un audit log separato, firmato digitalmente e consultabile pubblicamente, garantendo tracciabilità e non-repudiation tramite firme digitali, timestamp sincronizzati e storicizzazione immutabile su ledger distribuito.",difficile,"Ecco la sequenza dei passaggi e i meccanismi tecnici che permettono a un cittadino di contestare una transazione energetica, la gestione da parte del Fog Leader e la garanzia di tracciabilità e non-repudiation:

### 1. Visualizzazione e Identificazione della Transazione sulla Dashboard
- **Accesso**: Il cittadino si autentica sulla dashboard pubblica tramite certificato digitale (Role-Based Access Control).
- **Query**: Tramite la dashboard, può effettuare ricerche granulari su transazioni specifiche (filtri per ID, periodo, fonte energetica, priorità, ecc.).
- **Dati Visualizzati**: Vede in tempo reale dettagli della transazione, rotte energetiche, qualità, stato della contestazione e il certificato di sostenibilità (con risultati firmati e timestampati).

### 2. Contestazione della Transazione
- **Attivazione della Contestazione**: Sulla dashboard, il cittadino può attivare la procedura di contestazione. Viene creato uno ""Smart Contract di Contestazione"" che genera un hash univoco collegato all’evento contestato.
- **Registrazione**: L’evento di contestazione viene registrato su un audit log separato e firmato digitalmente, garantendo non-repudiation e auditabilità pubblica.

### 3. Gestione e Audit da Parte del Fog Leader
- **Validazione**: Il modulo Fog Leader riceve l’hash della contestazione; ne valida la correttezza seguendo le policy definite (rifiuta override manuali non autorizzati e applica priorità).
- **Audit Automatica (Audit Quantistico)**: Se la contestazione viene confermata, la transazione e la relativa allocazione vengono sottoposte ad audit automatizzato (quantistico), con verifica statica e randomizzata, non ripudiabile. Viene generata ulteriore evidence (evidence_hash) per la ricostruzione forense.
- **Notifiche**: In caso di anomalie ricorrenti, viene attivata una notifica automatica ai responsabili e ai servizi sociali tramite canali sicuri (WebSocket/AMQP).

### 4. Tracciabilità e Non-Repudiation
- **Audit Trail**: Ogni azione (consultazione, contestazione, verifica, audit) è registrata su ledger distribuito (e.g. Bit-Energy blockchain) con hash, UUID ed eventuale firma digitale.
- **Disponibilità Pubblica**: Tutti i log sono consultabili (ove consentito dai permessi) per garantire trasparenza e ricostruzione forense.
- **Crittografia e Privacy**: Tutte le interazioni sono cifrate end-to-end (Secure Energy Channel, TLS 1.3+). Gli ID sono pseudonimizzati per garantire auditabilità rispettando la privacy.
- **Non-Repudiation**: Qualsiasi azione è firmata e timestampata, e non può essere negata dall'autore (nemmeno dal cittadino stesso).

### 5. Correlazione e Gestione delle Dispute
- Ogni evento rilevante nel processo di contestazione viene automaticamente correlato nel sistema di audit e dispute (dispute_event, evidence_hash), consentendo una ricostruzione completa, tempestiva e opponibile in sede forense.

---

**In sintesi**, la contestazione avviene in modo trasparente, tracciato, non manipolabile e opponibile: dal click sulla dashboard fino all’attivazione dell’audit e tracciamento di tutte le azioni, la piattaforma AETERNA garantisce non-repudiation, privacy e ricostruibilità forense di ogni step dell’iter.","[1.0, 0.8, 0.7, 0.7, 0.7, 1.0, 0.9, 0.8, 0.8, 0.8]","[DOCUMENTO ID: synthetic_data_AETERNA\Volume_01_visione_globale_e_filosofia_di_aeterna.md:0:70] (Rerank Score: 1.00)
End Procedure

4. Policy di Verifica e Contestazione

Smart Contract di Contestazione: ogni utente può attivare una verifica automatica della propria allocazione tramite dashboard, generando un hash di contestazione che viene validato dal modulo Fog Leader.

Audit Quantistico: le allocazioni sono sottoposte a verifica randomizzata e non ripudiabile, con notifica automatica ai servizi sociali in caso di anomalie ricorrenti.

5. Integrazione con Moduli Preesistenti

Access Control Layer: applica le policy di priorità definite dall’algoritmo, impedendo override manuali non autorizzati.

Dashboard Fog-Cloud: visualizzazione in tempo reale delle allocazioni, motivazioni e stato delle contestazioni.

---

[DOCUMENTO ID: synthetic_data_AETERNA\Volume_01_visione_globale_e_filosofia_di_aeterna.md:0:98] (Rerank Score: 0.80)
sequenceDiagram
    participant Cittadino as C[""Cittadino""]
    participant WebApp as W[""Web Dashboard""]
    participant AuditGateway as A[""Public Audit Gateway""]
    participant Ledger as L[""Ledger Distribuito""]
    participant FogLeader as F[""Fog Leader""]
    C->>W: ""Login e autenticazione (certificato digitale)""
    W->>A: ""Richiesta query (es. flusso energia, periodo)""
    A->>L: ""Query ledger distribuito (CBOR-JSON, firma digitale)""
    L-->>A: ""Risposta firmata e timestampata""
    A-->>W: ""Risultato query (flusso, qualità, certificato)""
    W-->>C: ""Visualizzazione dati e certificati""
    Note over C: ""Possibilità di contestazione o richiesta audit""

---

[DOCUMENTO ID: synthetic_data_AETERNA\Volume_01_visione_globale_e_filosofia_di_aeterna.md:0:94] (Rerank Score: 0.70)
2.1. Dashboard Pubbliche e Query Real-Time

Ogni cittadino, previa autenticazione tramite certificato digitale (Role-Based Access Control), può accedere a dashboard pubbliche esposte tramite API RESTful e interfacce web. Le dashboard consentono:

Interrogazioni granulari: Ricerca per ID transazione, periodo temporale, fonte energetica, destinazione, livello di priorità, compliance Kyoto 2.0.

Tracciamento dei flussi: Visualizzazione in tempo reale delle rotte energetiche (dal nodo sorgente al nodo di consumo), con dettaglio sulla qualità e sostenibilità.

Verifica della qualità: Accesso ai certificati di sostenibilità associati a ogni flusso, inclusi audit quantistici e smart contract di compliance.

---

[DOCUMENTO ID: synthetic_data_AETERNA\Volume_01_visione_globale_e_filosofia_di_aeterna.md:0:96] (Rerank Score: 0.70)
Pseudonimizzazione: Gli ID dei nodi sono pseudonimizzati per proteggere la privacy dei cittadini, pur garantendo auditabilità.

Non-Repudiation: Ogni azione di interrogazione, modifica o contestazione è registrata su un audit log separato, firmato e consultabile pubblicamente.

4. API di Interrogazione Cittadina

Le API pubbliche sono documentate tramite OpenAPI 3.0 e supportano le seguenti operazioni:

GET /energy-flows: Elenco dei flussi energetici in un intervallo temporale, con filtri avanzati.

GET /energy-flow/{id}: Dettaglio completo di una singola transazione.

GET /energy-certificate/{id}: Certificato di sostenibilità e qualità del flusso.

---

[DOCUMENTO ID: synthetic_data_AETERNA\Volume_20_business_model,_scalabilità_e_sostenibilità_economica.md:0:9] (Rerank Score: 0.70)
Gestione della Compliance e Auditabilità

Tutte le transazioni P2P sono soggette a:

Audit trail su Bit-Energy (hash, UUID, firma digitale)

Monitoraggio KRI su dashboard centralizzata

Simulazioni AI per identificazione comportamenti anomali, gap normativi e suggerimenti di remediation

Checklist digitalizzate aggiornate da feed normativi, integrate nei workflow di validazione transazione

Diagramma e Tabelle

Diagramma Mermaid – Flusso di Trading P2P

sequenceDiagram
    participant ProsumerA as A[""Prosumer A (H-Node)""]
    participant FogNode as B[""Fog Node (Quartiere)""]
    participant ProsumerB as C[""Prosumer B (H-Node)""]
    participant BitEnergy as D[""Bit-Energy Blockchain""]
    participant Dashboard as E[""Dashboard Compliance""]

===

[DOCUMENTO ID: synthetic_data_AETERNA\Volume_01_visione_globale_e_filosofia_di_aeterna.md:0:70] (Rerank Score: 1.00)
End Procedure

4. Policy di Verifica e Contestazione

Smart Contract di Contestazione: ogni utente può attivare una verifica automatica della propria allocazione tramite dashboard, generando un hash di contestazione che viene validato dal modulo Fog Leader.

Audit Quantistico: le allocazioni sono sottoposte a verifica randomizzata e non ripudiabile, con notifica automatica ai servizi sociali in caso di anomalie ricorrenti.

5. Integrazione con Moduli Preesistenti

Access Control Layer: applica le policy di priorità definite dall’algoritmo, impedendo override manuali non autorizzati.

Dashboard Fog-Cloud: visualizzazione in tempo reale delle allocazioni, motivazioni e stato delle contestazioni.

---

[DOCUMENTO ID: synthetic_data_AETERNA\Volume_09_governance_e_modelli_di_partecipazione.md:0:53] (Rerank Score: 0.90)
Alerting: soglie critiche attivano notifiche automatiche verso i responsabili di governance e, in caso di incidenti di sicurezza, triggerano workflow di audit straordinario.

Reportistica Periodica: Un modulo dedicato genera report periodici (settimanali/mensili) che sintetizzano attività rilevanti, anomalie, audit trail e azioni correttive. I report sono firmati digitalmente e archiviati in repository accessibili agli auditor.

Integrazione con la Governance delle Dispute

Correlazione Audit-Dispute: Ogni evento rilevante per la gestione delle dispute (es. Dispute_Event, Evidence_Hash) è automaticamente correlato e referenziato nei sistemi di logging e audit, consentendo una ricostruzione forense completa e tempestiva.

---

[DOCUMENTO ID: synthetic_data_AETERNA\Volume_01_visione_globale_e_filosofia_di_aeterna.md:0:95] (Rerank Score: 0.80)
Le richieste di interrogazione sono processate dal modulo Public Audit Gateway, che interroga il ledger distribuito tramite query CBOR-JSON, restituendo risultati firmati e timestampati.

2.2. Notifiche ed Eventi

Eventi critici (es. anomalie nei flussi, tentativi di manipolazione, superamento soglie di priorità) sono notificati in tempo reale tramite canali WebSocket/AMQP, sia ai cittadini che ai responsabili di quartiere (Fog Leader). Il sistema supporta la sottoscrizione a feed personalizzati (es. energia consumata dalla propria abitazione, variazioni di priorità, audit di quartiere).

3. Sicurezza, Privacy e Non-Repudiation

Crittografia End-to-End: Tutte le transazioni e query sono cifrate tramite Secure Energy Channel (TLS 1.3+), con forward secrecy.

---

[DOCUMENTO ID: synthetic_data_AETERNA\Volume_01_visione_globale_e_filosofia_di_aeterna.md:0:49] (Rerank Score: 0.80)
Audit Quantistico: Tutte le azioni di riallocazione sono storicizzate su ledger distribuito, con audit trail tracciabile e non ripudiabile, in conformità agli standard Bit-Energy e Kyoto 2.0.

c. Monitoraggio Real-Time e Feedback Loop

Sensori Edge e Telemetria: Ogni H-Node integra moduli di telemetria (consumo istantaneo, stato di salute, segnalazione anomalie) trasmessi via protocollo MQTT-SN al Fog Leader.

Feedback Loop Predittivo: Algoritmi AI di forecasting (es. LSTM, Prophet) prevedono picchi di domanda e segnalano in anticipo la necessità di attivare policy di ridistribuzione.

---

[DOCUMENTO ID: synthetic_data_AETERNA\Volume_01_visione_globale_e_filosofia_di_aeterna.md:0:96] (Rerank Score: 0.80)
Pseudonimizzazione: Gli ID dei nodi sono pseudonimizzati per proteggere la privacy dei cittadini, pur garantendo auditabilità.

Non-Repudiation: Ogni azione di interrogazione, modifica o contestazione è registrata su un audit log separato, firmato e consultabile pubblicamente.

4. API di Interrogazione Cittadina

Le API pubbliche sono documentate tramite OpenAPI 3.0 e supportano le seguenti operazioni:

GET /energy-flows: Elenco dei flussi energetici in un intervallo temporale, con filtri avanzati.

GET /energy-flow/{id}: Dettaglio completo di una singola transazione.

GET /energy-certificate/{id}: Certificato di sostenibilità e qualità del flusso.",3,0.75
Qual è il costo medio di implementazione di un modulo AETERNA Local Resource Manager (ALRM) per ciascun H-Node in una micro-rete urbana?,L'informazione non è disponibile nel testo,impossibile,L'informazione non è disponibile nel testo,"[0.6, 0.6, 0.6, 0.3, 0.3, 0.7, 0.7, 0.6, 0.6, 0.6, 1.0, 0.8, 0.7, 0.7, 0.7, 0.7, 0.7, 0.6, 0.6, 0.6, 0.7, 0.7, 0.6, 0.6, 0.6]","[DOCUMENTO ID: synthetic_data_AETERNA\Volume_02_architettura_di_sistema_a_tre_livelli.md:0:3] (Rerank Score: 0.60)
Specifiche Tecniche e Protocolli

1. Stack Tecnologico per Livello

Edge Layer (H-Node)

Hardware Target: Microcontroller ARM Cortex-M, SoC RISC-V, gateway industriali x86.

Sistemi Operativi Supportati:

AETERNA-RTOS: Sistema operativo real-time custom, ottimizzato per sensor fusion, sicurezza e isolamento processi.

Linux Embedded: Debian/Ubuntu minimal, Yocto Project.

FreeRTOS: Per dispositivi ultra-low power.

Compatibilità Legacy: Bridge per sistemi proprietari (es. moduli KNX, BACnet).

Middleware:

ALRM (AETERNA Local Resource Manager): Gestione risorse, preprocessing dati, orchestrazione AI embedded.

Secure Enclave: Modulo hardware/software per chiavi crittografiche e root-of-trust.

---

[DOCUMENTO ID: synthetic_data_AETERNA\Volume_01_visione_globale_e_filosofia_di_aeterna.md:0:107] (Rerank Score: 0.60)
Questo modello è reso operativo attraverso l’implementazione di meccanismi di Swarm Intelligence energetica. I nodi agiscono come agenti intelligenti, cooperando secondo logiche emergenti di auto-organizzazione, adattamento dinamico e resilienza distribuita. Tale approccio consente non solo la sopravvivenza del sistema in presenza di guasti, attacchi o anomalie, ma anche l’ottimizzazione locale e globale del bilanciamento energetico, sfruttando capacità predittive e decisionali autonome.

Specifiche Tecniche e Protocolli

1. Architettura della Decentralizzazione Radicale

a. Autofagia dei Nodi Locali

Definizione: Ogni nodo AETERNA implementa un modulo di gestione autonoma delle risorse (AETERNA Local Resource Manager, ALRM), responsabile di:

---

[DOCUMENTO ID: synthetic_data_AETERNA\Volume_02_architettura_di_sistema_a_tre_livelli.md:0:18] (Rerank Score: 0.60)
Architettura Software: AETERNA-RTOS e Middleware ALRM

Sistema Operativo

AETERNA-RTOS: Sistema operativo real-time custom, derivato da FreeRTOS, ottimizzato per ARM Cortex-M. Supporta scheduling deterministico, gestione task preemptive, tickless idle, e isolamento di processo tramite MPU.

Compatibilità: Supporto nativo per Linux Embedded (Yocto, Buildroot) su SoC avanzati.

Middleware

ALRM (AETERNA Local Resource Manager): Gestione intelligente delle risorse locali (energia, storage, connettività), orchestrazione degli agenti AI, monitoraggio stato apparati, gestione fault e recovery automatico.

Secure Enclave Driver: Interfaccia con il modulo hardware di sicurezza, gestione chiavi, autenticazione mutuale con Fog/Blockchain.

---

[DOCUMENTO ID: synthetic_data_AETERNA\Volume_03_specifiche_hardware_dell'h-node.md:0:38] (Rerank Score: 0.30)
Nel contesto del framework AETERNA, la comunicazione affidabile, flessibile e a bassa latenza tra i nodi domestici (H-Node), i livelli Fog e il Cloud rappresenta un requisito imprescindibile per garantire la resilienza e la scalabilità della micro-rete energetica urbana. La crescente eterogeneità degli ambienti operativi, unita alla necessità di supportare sia trasmissioni ad alta velocità che collegamenti a lunga distanza e a basso consumo, impone l’adozione di un modulo di comunicazione multi-radio avanzato. Questo modulo, integrato nativamente su ciascun H-Node, abilita la coesistenza e la gestione simultanea di tre tecnologie radio: WiFi 7, Zigbee 4.0 e LoRaWAN. La selezione dinamica del canale di comunicazione più efficiente, basata

---

[DOCUMENTO ID: synthetic_data_AETERNA\Volume_16_sostenibilità_ambientale_e_impatto_sociale.md:0:49] (Rerank Score: 0.30)
4. Integrazione con Architettura AETERNA

Edge (H-Node):

Raccolta automatica di log di utilizzo, invio dati via MQTT su TLS 1.3.

Questionari digitali preinstallati e accessibili anche offline.

Fog (Microgrid Quartiere):

Aggregazione dati a livello di comunità, dashboard di monitoraggio sociale.

Analisi comparativa tra microgrid, alert su anomalie di inclusione.

Cloud:

Analisi avanzata (SROI, SCBA, ToC), generazione reportistica, storage dati anonimizzati.

Interfaccia API per auditor esterni e policy maker.

Diagramma e Tabelle

Diagramma Mermaid – Flusso di Misurazione Impatto Sociale

===

[DOCUMENTO ID: synthetic_data_AETERNA\Volume_02_architettura_di_sistema_a_tre_livelli.md:0:3] (Rerank Score: 0.70)
Specifiche Tecniche e Protocolli

1. Stack Tecnologico per Livello

Edge Layer (H-Node)

Hardware Target: Microcontroller ARM Cortex-M, SoC RISC-V, gateway industriali x86.

Sistemi Operativi Supportati:

AETERNA-RTOS: Sistema operativo real-time custom, ottimizzato per sensor fusion, sicurezza e isolamento processi.

Linux Embedded: Debian/Ubuntu minimal, Yocto Project.

FreeRTOS: Per dispositivi ultra-low power.

Compatibilità Legacy: Bridge per sistemi proprietari (es. moduli KNX, BACnet).

Middleware:

ALRM (AETERNA Local Resource Manager): Gestione risorse, preprocessing dati, orchestrazione AI embedded.

Secure Enclave: Modulo hardware/software per chiavi crittografiche e root-of-trust.

---

[DOCUMENTO ID: synthetic_data_AETERNA\Volume_06_algoritmi_di_ottimizzazione_energetica.md:0:91] (Rerank Score: 0.70)
Edge Layer (H-Node, dispositivi IoT, smart meter):

Raccolta dati a intervalli configurabili (da 100ms a 5s) tramite sensori IEC 61850 e smart meter conformi a Kyoto 2.0.

Trasmissione dati via MQTT (QoS 2, TLS 1.3) ai Fog Node di quartiere.

Bufferizzazione locale e pre-filtraggio per riduzione della latenza e gestione fault-tolerance.

Fog Layer (aggregazione e pre-elaborazione):

Ricezione dati multi-sorgente, normalizzazione su schema JSON esteso (AETERNA Data Model v2).

Pre-elaborazione: calcolo degli indicatori di qualità (QoS), aggregazione temporale, compressione lossless (LZ4), tagging semantico (ontologia AETERNA).

Inoltro verso il Cloud tramite RESTful API autenticata (JWT, mutual TLS).

---

[DOCUMENTO ID: synthetic_data_AETERNA\Volume_03_specifiche_hardware_dell'h-node.md:0:48] (Rerank Score: 0.60)
Ottimizzare il consumo energetico degli H-Node, privilegiando Zigbee o LoRaWAN per trasmissioni non critiche o in modalità battery-saving, senza sacrificare la velocità e la larghezza di banda necessarie per operazioni di trading Bit-Energy o aggiornamenti OTA.

Aumentare la sicurezza operativa, grazie all’isolamento logico dei buffer radio e all’applicazione selettiva degli standard Kyoto 2.0 su canali ad alta affidabilità.

Abilitare scenari di self-healing e auto-configurazione della rete, fondamentali per la scalabilità e l’autarchia energetica urbana.

---

[DOCUMENTO ID: synthetic_data_AETERNA\Volume_03_specifiche_hardware_dell'h-node.md:0:38] (Rerank Score: 0.60)
Nel contesto del framework AETERNA, la comunicazione affidabile, flessibile e a bassa latenza tra i nodi domestici (H-Node), i livelli Fog e il Cloud rappresenta un requisito imprescindibile per garantire la resilienza e la scalabilità della micro-rete energetica urbana. La crescente eterogeneità degli ambienti operativi, unita alla necessità di supportare sia trasmissioni ad alta velocità che collegamenti a lunga distanza e a basso consumo, impone l’adozione di un modulo di comunicazione multi-radio avanzato. Questo modulo, integrato nativamente su ciascun H-Node, abilita la coesistenza e la gestione simultanea di tre tecnologie radio: WiFi 7, Zigbee 4.0 e LoRaWAN. La selezione dinamica del canale di comunicazione più efficiente, basata

---

[DOCUMENTO ID: synthetic_data_AETERNA\Volume_16_sostenibilità_ambientale_e_impatto_sociale.md:0:30] (Rerank Score: 0.60)
Specifiche Tecniche e Protocolli

1. Architettura di Accessibilità Multi-Livello

a) Edge Layer – H-Node Domestici

Ogni H-Node domestico è equipaggiato con una Energy Management Unit (EMU) dotata di microcontrollore ARM Cortex-M, interfaccia IoT multi-protocollo (Zigbee, LoRaWAN, Wi-Fi) e moduli di sicurezza hardware (TPM 2.0). L’EMU implementa algoritmi di load balancing locale e supporta la gestione di priorità energetiche (es. dispositivi medicali, illuminazione di emergenza) configurabili tramite interfaccia utente accessibile (web/mobile, WCAG 2.1 compliant).

===

[DOCUMENTO ID: synthetic_data_AETERNA\Volume_02_architettura_di_sistema_a_tre_livelli.md:0:24] (Rerank Score: 1.00)
Componente Specifica Tecnica Descrizione Operativa MCU ARM Cortex-M4/M7/M33, 100–600MHz Core real-time, FPU, TrustZone, consumo <100μA/MHz Memoria 512KB–2MB RAM, 2–16MB Flash Buffer dati, AI inference, storage temporaneo Sicurezza Secure Enclave, accelerazione AES/SHA/ECC Root-of-trust, storage chiavi, autenticazione hardware Connettività Ethernet, Wi-Fi/BLE 5.0, ZigBee, LoRa Comunicazione locale e remota, mesh networking Periferiche ADC/DAC, GPIO, I2C/SPI/UART, CAN Interfaccia sensori, attuatori, bridge legacy OS AETERNA-RTOS, Linux Embedded, FreeRTOS Scheduling deterministico, tickless idle, isolamento task Middleware ALRM, Edge Swarm Agent, Secure Enclave Driver Gestione risorse, swarm, sicurezza AI/ML TensorFlow Lite, ONNX Runtime, FL-AETERNA Client

---

[DOCUMENTO ID: synthetic_data_AETERNA\Volume_02_architettura_di_sistema_a_tre_livelli.md:0:18] (Rerank Score: 0.80)
Architettura Software: AETERNA-RTOS e Middleware ALRM

Sistema Operativo

AETERNA-RTOS: Sistema operativo real-time custom, derivato da FreeRTOS, ottimizzato per ARM Cortex-M. Supporta scheduling deterministico, gestione task preemptive, tickless idle, e isolamento di processo tramite MPU.

Compatibilità: Supporto nativo per Linux Embedded (Yocto, Buildroot) su SoC avanzati.

Middleware

ALRM (AETERNA Local Resource Manager): Gestione intelligente delle risorse locali (energia, storage, connettività), orchestrazione degli agenti AI, monitoraggio stato apparati, gestione fault e recovery automatico.

Secure Enclave Driver: Interfaccia con il modulo hardware di sicurezza, gestione chiavi, autenticazione mutuale con Fog/Blockchain.

---

[DOCUMENTO ID: synthetic_data_AETERNA\Volume_02_architettura_di_sistema_a_tre_livelli.md:0:3] (Rerank Score: 0.70)
Specifiche Tecniche e Protocolli

1. Stack Tecnologico per Livello

Edge Layer (H-Node)

Hardware Target: Microcontroller ARM Cortex-M, SoC RISC-V, gateway industriali x86.

Sistemi Operativi Supportati:

AETERNA-RTOS: Sistema operativo real-time custom, ottimizzato per sensor fusion, sicurezza e isolamento processi.

Linux Embedded: Debian/Ubuntu minimal, Yocto Project.

FreeRTOS: Per dispositivi ultra-low power.

Compatibilità Legacy: Bridge per sistemi proprietari (es. moduli KNX, BACnet).

Middleware:

ALRM (AETERNA Local Resource Manager): Gestione risorse, preprocessing dati, orchestrazione AI embedded.

Secure Enclave: Modulo hardware/software per chiavi crittografiche e root-of-trust.

---

[DOCUMENTO ID: synthetic_data_AETERNA\Volume_02_architettura_di_sistema_a_tre_livelli.md:0:15] (Rerank Score: 0.70)
L’architettura Edge di AETERNA si distingue per la sua capacità di eseguire decisioni autonome e reattive a livello locale, riducendo la latenza e il carico sulle infrastrutture di livello superiore (Fog e Cloud). L’intelligenza distribuita, abilitata da micro-controller ARM Cortex-M e SoC RISC-V, consente un monitoraggio continuo di consumi, generazione e stato degli apparati, promuovendo l’ottimizzazione energetica e la resilienza operativa dell’intero sistema.

Specifiche Tecniche e Protocolli

Architettura Hardware: Micro-controller ARM-based

---

[DOCUMENTO ID: synthetic_data_AETERNA\Volume_07_smart_contract_e_tokenizzazione_energetica.md:0:83] (Rerank Score: 0.70)
Dispositivi Tipici: Gateway multi-protocollo, edge server, router industriali.

Funzionalità: Normalizzazione dati, orchestrazione delle comunicazioni, buffering, enforcement delle policy di sicurezza, aggregazione per il livello Cloud.

c. Cloud Layer: Macro-analisi e Blockchain

Funzionalità: Analisi predittiva, bilanciamento macro, storage storico, aggiornamento smart contract, regolazione automatizzata delle transazioni energetiche.

2. Middleware di Normalizzazione e Interoperabilità

Il middleware IoT di AETERNA è progettato per garantire la compatibilità tra dispositivi eterogenei, implementando connettori e parser per i principali standard industriali:

IEC 61850: Per dispositivi di automazione e protezione energetica.

===

[DOCUMENTO ID: synthetic_data_AETERNA\Volume_02_architettura_di_sistema_a_tre_livelli.md:0:3] (Rerank Score: 0.70)
Specifiche Tecniche e Protocolli

1. Stack Tecnologico per Livello

Edge Layer (H-Node)

Hardware Target: Microcontroller ARM Cortex-M, SoC RISC-V, gateway industriali x86.

Sistemi Operativi Supportati:

AETERNA-RTOS: Sistema operativo real-time custom, ottimizzato per sensor fusion, sicurezza e isolamento processi.

Linux Embedded: Debian/Ubuntu minimal, Yocto Project.

FreeRTOS: Per dispositivi ultra-low power.

Compatibilità Legacy: Bridge per sistemi proprietari (es. moduli KNX, BACnet).

Middleware:

ALRM (AETERNA Local Resource Manager): Gestione risorse, preprocessing dati, orchestrazione AI embedded.

Secure Enclave: Modulo hardware/software per chiavi crittografiche e root-of-trust.

---

[DOCUMENTO ID: synthetic_data_AETERNA\Volume_02_architettura_di_sistema_a_tre_livelli.md:0:24] (Rerank Score: 0.70)
Componente Specifica Tecnica Descrizione Operativa MCU ARM Cortex-M4/M7/M33, 100–600MHz Core real-time, FPU, TrustZone, consumo <100μA/MHz Memoria 512KB–2MB RAM, 2–16MB Flash Buffer dati, AI inference, storage temporaneo Sicurezza Secure Enclave, accelerazione AES/SHA/ECC Root-of-trust, storage chiavi, autenticazione hardware Connettività Ethernet, Wi-Fi/BLE 5.0, ZigBee, LoRa Comunicazione locale e remota, mesh networking Periferiche ADC/DAC, GPIO, I2C/SPI/UART, CAN Interfaccia sensori, attuatori, bridge legacy OS AETERNA-RTOS, Linux Embedded, FreeRTOS Scheduling deterministico, tickless idle, isolamento task Middleware ALRM, Edge Swarm Agent, Secure Enclave Driver Gestione risorse, swarm, sicurezza AI/ML TensorFlow Lite, ONNX Runtime, FL-AETERNA Client

---

[DOCUMENTO ID: synthetic_data_AETERNA\Volume_02_architettura_di_sistema_a_tre_livelli.md:0:18] (Rerank Score: 0.60)
Architettura Software: AETERNA-RTOS e Middleware ALRM

Sistema Operativo

AETERNA-RTOS: Sistema operativo real-time custom, derivato da FreeRTOS, ottimizzato per ARM Cortex-M. Supporta scheduling deterministico, gestione task preemptive, tickless idle, e isolamento di processo tramite MPU.

Compatibilità: Supporto nativo per Linux Embedded (Yocto, Buildroot) su SoC avanzati.

Middleware

ALRM (AETERNA Local Resource Manager): Gestione intelligente delle risorse locali (energia, storage, connettività), orchestrazione degli agenti AI, monitoraggio stato apparati, gestione fault e recovery automatico.

Secure Enclave Driver: Interfaccia con il modulo hardware di sicurezza, gestione chiavi, autenticazione mutuale con Fog/Blockchain.

---

[DOCUMENTO ID: synthetic_data_AETERNA\Volume_02_architettura_di_sistema_a_tre_livelli.md:0:19] (Rerank Score: 0.60)
Edge Swarm Agent: Implementazione degli algoritmi swarm per bilanciamento locale, auto-riparazione e coordinamento tra nodi domestici.

Protocolli di Comunicazione

MQTT-SN: Pub/Sub lightweight per telemetria e comandi, QoS configurabile, encryption TLS 1.3.

CoAP: RESTful messaging per gestione risorse, discovery e configurazione apparati.

gRPC/Protobuf: RPC binario per interazione ad alte prestazioni con gateway Fog.

ZeroMQ: Messaging asincrono peer-to-peer tra H-Node e bridge legacy.

DLT Gateway: Interfaccia sicura verso la blockchain Bit-Energy tramite endpoint REST/gRPC autenticati.

AI/ML Edge Inference

TensorFlow Lite/ONNX Runtime: Esecuzione modelli AI per predizione consumi, rilevamento anomalie, ottimizzazione carichi.

---

[DOCUMENTO ID: synthetic_data_AETERNA\Volume_02_architettura_di_sistema_a_tre_livelli.md:0:17] (Rerank Score: 0.60)
Secure Enclave: Modulo hardware per root-of-trust, storage sicuro di chiavi crittografiche, accelerazione AES/SHA/ECC.

Power Management: Circuiti di power gating, wake-on-event, energy harvesting (opzionale).

Topologia di Collegamento

Ogni H-Node è in grado di interfacciarsi con: - Sensori di consumo (smart meter, clamp amperometriche, sensori di tensione) - Attuatori (relè, inverter, carichi controllati) - Generatori locali (fotovoltaico, micro-eolico, batterie) - Interfacce legacy (KNX, BACnet tramite bridge middleware)

Architettura Software: AETERNA-RTOS e Middleware ALRM

Sistema Operativo

===

[DOCUMENTO ID: synthetic_data_AETERNA\Volume_02_architettura_di_sistema_a_tre_livelli.md:0:3] (Rerank Score: 0.70)
Specifiche Tecniche e Protocolli

1. Stack Tecnologico per Livello

Edge Layer (H-Node)

Hardware Target: Microcontroller ARM Cortex-M, SoC RISC-V, gateway industriali x86.

Sistemi Operativi Supportati:

AETERNA-RTOS: Sistema operativo real-time custom, ottimizzato per sensor fusion, sicurezza e isolamento processi.

Linux Embedded: Debian/Ubuntu minimal, Yocto Project.

FreeRTOS: Per dispositivi ultra-low power.

Compatibilità Legacy: Bridge per sistemi proprietari (es. moduli KNX, BACnet).

Middleware:

ALRM (AETERNA Local Resource Manager): Gestione risorse, preprocessing dati, orchestrazione AI embedded.

Secure Enclave: Modulo hardware/software per chiavi crittografiche e root-of-trust.

---

[DOCUMENTO ID: synthetic_data_AETERNA\Volume_02_architettura_di_sistema_a_tre_livelli.md:0:24] (Rerank Score: 0.70)
Componente Specifica Tecnica Descrizione Operativa MCU ARM Cortex-M4/M7/M33, 100–600MHz Core real-time, FPU, TrustZone, consumo <100μA/MHz Memoria 512KB–2MB RAM, 2–16MB Flash Buffer dati, AI inference, storage temporaneo Sicurezza Secure Enclave, accelerazione AES/SHA/ECC Root-of-trust, storage chiavi, autenticazione hardware Connettività Ethernet, Wi-Fi/BLE 5.0, ZigBee, LoRa Comunicazione locale e remota, mesh networking Periferiche ADC/DAC, GPIO, I2C/SPI/UART, CAN Interfaccia sensori, attuatori, bridge legacy OS AETERNA-RTOS, Linux Embedded, FreeRTOS Scheduling deterministico, tickless idle, isolamento task Middleware ALRM, Edge Swarm Agent, Secure Enclave Driver Gestione risorse, swarm, sicurezza AI/ML TensorFlow Lite, ONNX Runtime, FL-AETERNA Client

---

[DOCUMENTO ID: synthetic_data_AETERNA\Volume_02_architettura_di_sistema_a_tre_livelli.md:0:16] (Rerank Score: 0.60)
Specifiche Tecniche e Protocolli

Architettura Hardware: Micro-controller ARM-based

Gli H-Node Edge sono progettati attorno a micro-controller ARM Cortex-M (preferibilmente Cortex-M4/M7/M33) e, in configurazioni avanzate, SoC ARM Cortex-A o RISC-V compatibili. Le principali caratteristiche hardware includono:

Core ARM Cortex-M4/M7/M33: FPU integrata, DSP extension, supporto TrustZone (M33), clock fino a 600MHz, consumo ultra-low-power (<100μA/MHz).

Memoria: RAM da 512KB a 2MB, Flash da 2MB a 16MB, supporto per eMMC/SD esterna.

Periferiche: ADC/DAC multi-canale, GPIO isolati, I2C/SPI/UART, CAN bus, Ethernet PHY, Wi-Fi/BLE 5.0, ZigBee, LoRa.

---

[DOCUMENTO ID: synthetic_data_AETERNA\Volume_02_architettura_di_sistema_a_tre_livelli.md:0:4] (Rerank Score: 0.60)
Secure Enclave: Modulo hardware/software per chiavi crittografiche e root-of-trust.

Edge Swarm Agent: Implementazione lightweight di algoritmi swarm, con supporto pheromone token.

Comunicazione:

MQTT-SN, CoAP per IoT low-power.

gRPC e REST per interfacciamento avanzato.

DLT Gateway: Bridge verso blockchain permissioned (Bit-Energy).

AI/ML:

TensorFlow Lite, ONNX Runtime per inferenza locale.

FL-AETERNA Client: Modulo di federated learning con privacy-preserving.

Fog Layer (Quartiere/Fog Cluster)

Hardware Target: Server ARM/x86, cluster edge, micro-datacenter.

Sistemi Operativi Supportati:

AETERNA-FogOS: Derivato da Linux, con containerizzazione avanzata (K3s, Docker).

Ubuntu Server, Red Hat Enterprise Linux.

Middleware:

---

[DOCUMENTO ID: synthetic_data_AETERNA\Volume_11_integrazione_con_le_energie_rinnovabili.md:0:106] (Rerank Score: 0.60)
3.2 Tabella: Componenti e Funzionalità

Livello Componente Funzione Principale Protocolli/Standard Edge Sensori IoT/Smart Meter Raccolta dati fisici, pre-processing MQTT, OPC UA, Modbus Fog Gateway Quartiere Aggregazione, data fusion, forwarding, compressione MQTT, OPC UA, RESTful Cloud Data Lake Storage scalabile, catalogazione, persistenza HDFS, S3, MinIO Cloud Semantic Mapping Service Normalizzazione semantica, mapping modelli dati SAREF, CIM Cloud Analytics Engine ML/AI, anomaly detection, predizione guasti Python, TensorFlow, PyTorch Cloud/Fog Dashboard Visual analytics, KPI, drill-down WebSocket, RESTful, SSO Cloud/Fog Maintenance System Gestione alert, workflow manutentivi, ticketing RESTful, Smart Contract, DID

4. Impatto",5,1.0
Quali sono i livelli di Purezza Verde che permettono l’accesso prioritario alla green-whitelist per la distribuzione energetica?,"Solo le fonti classificate ai livelli 8, 9 e 10 di Purezza Verde vengono inserite nella green-whitelist e rese disponibili per la distribuzione prioritaria.",facile,"I livelli di Purezza Verde che permettono l’accesso prioritario alla green-whitelist per la distribuzione energetica sono i livelli 8, 9 e 10.

- Solo le fonti classificate a questi livelli vengono inserite nella green-whitelist e rese disponibili per la distribuzione prioritaria.
- I livelli 8, 9 e 10 corrispondono a:
  - Livello 10: Zero emissioni, tracciabilità totale, 100% rinnovabile
  - Livello 9: Emissioni trascurabili, tracciabilità totale, ≥98% rinnovabile
  - Livello 8: Emissioni molto basse, tracciabilità quasi totale

Le fonti con livello inferiore (1÷7) non accedono alla green-whitelist prioritaria e sono destinate solo a funzioni secondarie come backup o peak shaving.","[1.0, 1.0, 0.8, 0.8, 0.7]","[DOCUMENTO ID: synthetic_data_AETERNA\Volume_01_visione_globale_e_filosofia_di_aeterna.md:0:130] (Rerank Score: 1.00)
Tabella: Sintesi Livelli di Purezza Verde

Livello Descrizione Sintetica Accesso Prioritario 10 Zero emissioni, tracciabilità totale, 100% rinnovabile Sì 9 Emissioni trascurabili, tracciabilità totale, ≥98% rinnov. Sì 8 Emissioni molto basse, tracciabilità quasi totale Sì 7 Emissioni basse, tracciabilità quasi totale No 6 Emissioni moderate, tracciabilità alta No 5 Emissioni contenute, tracciabilità alta No 4 Emissioni medio-basse, tracciabilità media No 3 Emissioni medie, tracciabilità media No 2 Emissioni alte, tracciabilità bassa No 1 Emissioni molto alte, tracciabilità assente No

Impatto

---

[DOCUMENTO ID: synthetic_data_AETERNA\Volume_01_visione_globale_e_filosofia_di_aeterna.md:0:126] (Rerank Score: 1.00)
Whitelisting e Priorità di Distribuzione: Solo le fonti classificate ai livelli 8, 9 e 10 vengono inserite nella green-whitelist e rese disponibili per la distribuzione prioritaria. Le fonti di livello inferiore sono relegate a ruoli secondari (backup, peak shaving, emergenza).

Audit e Trasparenza: Tutte le decisioni di whitelisting sono tracciate tramite smart contract su DLT permissioned, con audit log accessibili via Public Audit Gateway. Eventuali dispute vengono risolte tramite consensus PBFT e, in caso di partizionamento, mediante fallback leaderless.

Incentivi e Penalità: La partecipazione alla green-whitelist comporta incentivi economici (es. priorità nei micro-scambi Bit-Energy, accesso a bonus Kyoto 2.0). Le fonti escluse sono soggette a penalità e reporting negativo.

---

[DOCUMENTO ID: synthetic_data_AETERNA\Volume_01_visione_globale_e_filosofia_di_aeterna.md:0:129] (Rerank Score: 0.80)
Diagramma e Tabelle

Diagramma Mermaid: Flusso di Green-Whitelisting

graph TD
    A[""ALRM rileva parametri fonte""]
    B[""Calcolo livello Purezza Verde""]
    C[""Invio livello a Fog Cluster""]
    D[""Verifica e validazione Fog Leader""]
    E[""Registrazione su DLT""]
    F[""Aggiornamento green-whitelist""]
    G[""Distribuzione prioritaria""]
    H[""Audit log su Public Audit Gateway""]

    A-->B
    B-->C
    C-->D
    D-->E
    E-->F
    F-->G
    E-->H

Tabella: Sintesi Livelli di Purezza Verde

---

[DOCUMENTO ID: synthetic_data_AETERNA\Volume_01_visione_globale_e_filosofia_di_aeterna.md:0:122] (Rerank Score: 0.80)
Sostenibilità della Produzione: Impatto su risorse idriche, suolo, biodiversità.

Certificazione Interna Kyoto 2.0: Adesione agli standard AETERNA per la sostenibilità.

Quota di Energia Rinnovabile: Percentuale di energia prodotta da fonti rinnovabili.

Indice di Intermittenza: Stabilità e prevedibilità della fonte.

Ciclo di Vita del Dispositivo: Analisi LCA (Life Cycle Assessment) degli impianti.

Componente Locale: Grado di prossimità della produzione rispetto al consumo.

Auditabilità Blockchain: Presenza di smart contract di tracciamento e audit log.

Contributo alla Resilienza Locale: Capacità di garantire approvvigionamento in condizioni di isolamento.

Tabella dei Livelli di Purezza Verde

---

[DOCUMENTO ID: synthetic_data_AETERNA\Volume_01_visione_globale_e_filosofia_di_aeterna.md:0:121] (Rerank Score: 0.70)
Specifiche Tecniche e Protocolli

Definizione dei Livelli di Purezza Verde

Il sistema di green-whitelisting di AETERNA implementa una tassonomia decimale di “Purezza Verde”, articolata su 10 livelli crescenti, ciascuno definito da un set di parametri misurabili e auditabili. La valutazione è effettuata in modalità automatica da ciascun AETERNA Local Resource Manager (ALRM), con verifica incrociata a livello Fog e validazione finale in Cloud per il reporting macro.

Parametri di valutazione

Emissioni Specifiche (gCO2e/kWh): Emissioni di gas serra associate alla produzione.

Tracciabilità della Fonte: Grado di trasparenza e auditabilità della filiera energetica.",2,0.75
In che modo la Coscienza di Rete del Progetto AETERNA integra sia i dati raccolti dai sensori distribuiti sugli H-Node sia il feedback sociale degli utenti per anticipare e prevenire crisi nella micro-rete energetica?,"La Coscienza di Rete del Progetto AETERNA integra i dati raccolti dai sensori distribuiti sugli H-Node attraverso una sensor fusion multi-layer, in cui ogni H-Node raccoglie dati ambientali, energetici e sociali, li preprocessa localmente tramite modelli AI embedded e li invia ai Fog Cluster per l’aggregazione e l’analisi di coerenza e anomalie. Parallelamente, il sistema raccoglie feedback sociale dagli utenti tramite canali come mobile app e interfacce vocali; questi dati vengono anonimizzati e pesati tramite algoritmi di reputation scoring decentralizzati. Entrambi i flussi informativi vengono utilizzati nei processi di apprendimento distribuito (federated learning) e swarm intelligence, permettendo alla rete di apprendere pattern ricorrenti, anticipare bisogni energetici e identificare anomalie. In caso di rischio di crisi, algoritmi di early warning aggregano indici di vulnerabilità calcolati localmente e attivano protocolli di mitigazione. L’integrazione dei feedback sociali ed etici influenza le priorità distributive e le strategie di bilanciamento, assicurando che le decisioni automatiche siano orientate anche da parametri di equità e preferenze della comunità. In questo modo, la Coscienza di Rete anticipa e previene crisi nella micro-rete energetica attraverso una combinazione di percezione distribuita, apprendimento collettivo e adattamento etico-sociale.",media,"La Coscienza di Rete del Progetto AETERNA integra sia i dati raccolti dai sensori sugli H-Node sia il feedback sociale degli utenti attraverso un’architettura distribuita e intelligente, che può essere riassunta nei seguenti punti:

1. Raccolta e fusione dati sensoriali:
- Gli H-Node sono equipaggiati con sensori ad alta fedeltà (es. effetto Hall) che monitorano in tempo reale i flussi energetici a frequenze elevate (fino a 100 kHz).
- Questi dati vengono acquisiti e processati localmente tramite tecniche di sensor fusion e intelligenza artificiale distribuita, abilitando un primo livello di rilevamento di anomalie, diagnostica predittiva e auto-riparazione proattiva.

2. Aggregazione, analisi e swarm intelligence:
- I dati raccolti vengono aggregati a più livelli (Edge, Fog, Cloud).
- Attraverso cluster e protocolli di swarm intelligence, la rete apprende pattern ricorrenti e anomalie, e utilizza questi apprendimenti per attivare protocolli di early warning e manutenzione predittiva (predictive maintenance).

3. Integrazione con feedback sociale:
- Parallelamente alla raccolta sensoriale, la Coscienza di Rete integra feedback sociali ed etici provenienti dagli utenti.
- Questo flusso migliorativo consente al sistema di anticipare i bisogni energetici, reagire a variazioni comportamentali della comunità, e adattare strategie e policy in modo etico e distribuito, anche tramite smart contract di meta-governance (MetaGov-SC) e revisione etica.

4. Anticipazione e prevenzione crisi:
- La sinergia tra sensoristica diffusa e feedback degli utenti permette la realizzazione di una intelligenza collettiva, resiliente e adattiva, capace di riconoscere autonomamente rischi emergenti o crisi (ad esempio consumi anomali, blackout imminenti, sovraccarichi legati a eventi sociali).
- I dati vengono processati in real-time e utilizzati da algoritmi predittivi e collettivi per ottimizzare le risorse, prevenire guasti, e garantire l’auto-riparazione.

5. Governance adattiva:
- La rete si autoregola tramite policy adattive, federated learning, e blockchain permissioned, assicurando trasparenza, auditabilità e adattamento continuo, anche grazie all’integrazione del feedback umano.

In sintesi, la Coscienza di Rete di AETERNA rappresenta un approccio olistico che combina: sensoristica avanzata, machine learning collettivo, feedback sociale e governance automatizzata per anticipare e prevenire crisi nella micro-rete energetica in modo adattivo ed etico.","[0.8, 0.8, 0.8, 0.8, 0.8, 0.9, 0.8, 0.8, 0.7, 0.7]","[DOCUMENTO ID: synthetic_data_AETERNA\Volume_03_specifiche_hardware_dell'h-node.md:0:26] (Rerank Score: 0.80)
Il monitoraggio granulare dei flussi elettrici rappresenta un pilastro fondamentale per la gestione intelligente, sicura e ottimizzata delle micro-reti energetiche urbane. In particolare, la misurazione accurata della corrente elettrica consente non solo la prevenzione di anomalie e guasti, ma anche l’abilitazione di strategie avanzate di bilanciamento predittivo, controllo in tempo reale e trading energetico peer-to-peer (P2P). All’interno del framework AETERNA, ogni H-Node domestico è equipaggiato con sensori di corrente ad effetto Hall ad alta fedeltà, in grado di campionare i dati a frequenze elevate (100 kHz). Questa capacità di acquisizione ad alta risoluzione temporale costituisce la base per l’implementazione di algoritmi di intelligenza artificiale

---

[DOCUMENTO ID: synthetic_data_AETERNA\Volume_01_visione_globale_e_filosofia_di_aeterna.md:0:145] (Rerank Score: 0.80)
Impatto

L’implementazione progressiva della Coscienza di Rete trasforma la micro-rete AETERNA in un organismo energetico collettivo, capace di auto-percepirsi, apprendere e auto-ripararsi. Questo paradigma innalza la resilienza e l’efficienza della rete a livelli inediti, consentendo di anticipare e prevenire crisi sistemiche, ottimizzare la distribuzione delle risorse in modo equo e sostenibile, e rispondere in tempo reale alle esigenze di una collettività urbana in continua evoluzione.

---

[DOCUMENTO ID: synthetic_data_AETERNA\Volume_11_integrazione_con_le_energie_rinnovabili.md:0:99] (Rerank Score: 0.80)
1. Introduzione Teorica

Il monitoraggio continuo e l’analisi predittiva costituiscono pilastri essenziali nella gestione proattiva delle infrastrutture energetiche rinnovabili all’interno del Progetto AETERNA. In un contesto caratterizzato da micro-reti eterogenee, la capacità di rilevare tempestivamente anomalie, prevedere guasti e ottimizzare la manutenzione rappresenta un fattore abilitante per l’autarchia energetica urbana e la massimizzazione dell’affidabilità delle risorse. L’approccio AETERNA si fonda sull’integrazione di sensori IoT distribuiti, piattaforme di data analytics avanzate e algoritmi di machine learning, in un’architettura multilivello che valorizza la sinergia tra Edge, Fog e Cloud.

---

[DOCUMENTO ID: synthetic_data_AETERNA\Volume_14_monitoraggio,_telemetria_e_analisi_predittiva.md:0:15] (Rerank Score: 0.80)
Nel contesto del Progetto AETERNA, la telemetria avanzata rappresenta un elemento cardine per la gestione proattiva e predittiva delle micro-reti energetiche decentralizzate. La capacità di acquisire, trasmettere e analizzare in tempo reale lo stato della rete costituisce la base per la resilienza operativa, l’ottimizzazione delle risorse e la garanzia di compliance rispetto agli standard interni (Kyoto 2.0, Bit-Energy). L’approccio adottato privilegia la distribuzione intelligente degli agenti di monitoraggio, la segmentazione logica delle informazioni e l’adozione di protocolli di trasporto e sicurezza allineati con le più stringenti esigenze di affidabilità e latenza ridotta. L’obiettivo è fornire una visibilità granulare e tempestiva su ogni

---

[DOCUMENTO ID: synthetic_data_AETERNA\Volume_14_monitoraggio,_telemetria_e_analisi_predittiva.md:0:1] (Rerank Score: 0.80)
Nel contesto del Progetto AETERNA, i sistemi di monitoraggio costituiscono la spina dorsale per la raccolta, la validazione e la distribuzione dei dati energetici e ambientali provenienti da fonti eterogenee, distribuite su tutti i livelli dell’architettura (Edge, Fog, Cloud). L’efficacia e la tempestività delle decisioni automatizzate – sia in ambito di bilanciamento predittivo tramite AI, sia per il trading P2P su blockchain – dipendono in modo critico dalla qualità e dalla disponibilità dei dati in tempo reale. La progettazione dei sistemi di monitoraggio, pertanto, si è focalizzata sull’implementazione di pipeline di raccolta dati resilienti, scalabili e interoperabili, in grado di garantire la persistenza, la tracciabilità e la coerenza

===

[DOCUMENTO ID: synthetic_data_AETERNA\Volume_01_visione_globale_e_filosofia_di_aeterna.md:0:134] (Rerank Score: 0.90)
La Coscienza di Rete implica che il sistema sia dotato di meccanismi di introspezione e meta-adattamento, in grado di: - percepire in modo distribuito lo stato della rete e dell’ambiente, - apprendere pattern ricorrenti e anomalie, - anticipare i bisogni energetici della comunità, - prevenire crisi e guasti tramite auto-riparazione proattiva, - integrare feedback sociali e ambientali in modo eticamente orientato.

Questa visione si realizza attraverso un percorso incrementale che prevede l’adozione di paradigmi di intelligenza collettiva distribuita, swarm intelligence, apprendimento federato e meccanismi di governance adattiva, tutti orchestrati da una infrastruttura blockchain permissioned che garantisce trasparenza, auditabilità e resilienza.

Specifiche Tecniche e Protocolli

---

[DOCUMENTO ID: synthetic_data_AETERNA\Volume_01_visione_globale_e_filosofia_di_aeterna.md:0:144] (Rerank Score: 0.80)
Tabella – Roadmap di Maturazione della Coscienza di Rete

Fase Caratteristiche Distintive Meccanismi Implementativi KPI di Maturità 1. Percezione Distribuita Raccolta dati multi-livello, sensor fusion ALRM, Data Normalization, Secure Enclave Copertura sensoriale, Coerenza dati 2. Apprendimento Collettivo Federated Learning, Swarm Intelligence FL-AETERNA, Swarm Protocols Accuratezza previsioni, Tempo di convergenza 3. Anticipazione Crisi Early Warning, Predictive Maintenance Crisis Protocol, Self-Healing Tasso di guasti evitati, Tempo di reazione 4. Meta-Governance Policy adattive, revisione etica MetaGov-SC, Proof-of-Participation Equità distributiva, Adattamento policy 5. Coscienza Emergent Self-awareness, introspezione, auto-riparazione Network Introspection, XAI Indice di consapevolezza, Resilienza adattiva

Impatto

---

[DOCUMENTO ID: synthetic_data_AETERNA\Volume_01_visione_globale_e_filosofia_di_aeterna.md:0:143] (Rerank Score: 0.80)
Diagramma e Tabelle

Diagramma Mermaid – Evoluzione della Coscienza di Rete

graph TD
    A[""H-Node: Sensor Fusion & Local AI""]
    B[""Fog Cluster: Aggregazione & Swarm Intelligence""]
    C[""Cloud: Analisi Macro & Meta-Governance""]
    D[""Feedback Sociale & Etico""]
    E[""MetaGov-SC: Smart Contract di Meta-Governance""]
    F[""Network Introspection Interface""]
    G[""Self-Healing & Crisis Anticipation""]
    H[""Coscienza di Rete Emergent""]

    A --> B
    B --> C
    D --> B
    D --> C
    B --> G
    G --> H
    C --> E
    E --> H
    H --> F

Tabella – Roadmap di Maturazione della Coscienza di Rete

---

[DOCUMENTO ID: synthetic_data_AETERNA\Volume_01_visione_globale_e_filosofia_di_aeterna.md:0:145] (Rerank Score: 0.70)
Impatto

L’implementazione progressiva della Coscienza di Rete trasforma la micro-rete AETERNA in un organismo energetico collettivo, capace di auto-percepirsi, apprendere e auto-ripararsi. Questo paradigma innalza la resilienza e l’efficienza della rete a livelli inediti, consentendo di anticipare e prevenire crisi sistemiche, ottimizzare la distribuzione delle risorse in modo equo e sostenibile, e rispondere in tempo reale alle esigenze di una collettività urbana in continua evoluzione.

---

[DOCUMENTO ID: synthetic_data_AETERNA\Volume_01_visione_globale_e_filosofia_di_aeterna.md:0:141] (Rerank Score: 0.70)
5. Evoluzione Verso la Coscienza di Rete

a. Emergenza di Pattern Autonomi - Il sistema è progettato per favorire l’emergenza spontanea di comportamenti collettivi non programmati, tramite la combinazione di feedback loop positivi/negativi e meccanismi di auto-osservazione. - La Coscienza di Rete si manifesta come capacità della rete di “riconoscere sé stessa” (self-awareness), identificando i propri limiti, punti di forza e vulnerabilità.",2,0.75
"Quali sono le principali strategie e componenti tecnologiche che consentono al Progetto AETERNA di garantire interoperabilità, scalabilità, resilienza e sicurezza nelle micro-reti energetiche urbane, considerando l’integrazione di dispositivi legacy, la gestione dei dati, la continuità operativa e la governance distribuita?","Le principali strategie e componenti tecnologiche del Progetto AETERNA per garantire interoperabilità, scalabilità, resilienza e sicurezza nelle micro-reti energetiche urbane includono:

- Uno stack multilivello Edge–Fog–Cloud che consente l’orchestrazione di dispositivi eterogenei, inclusi quelli legacy, grazie a bridge middleware e una matrice di compatibilità tra sistemi operativi (AETERNA-RTOS, Linux Embedded, FreeRTOS, Ubuntu Server, RHEL/CentOS, AETERNA-FogOS, AETERNA-CloudOS, Windows IoT, KNX/BACnet).
- Middleware dedicati come ALRM (AETERNA Local Resource Manager) per la gestione delle risorse e la sensor fusion, Secure Enclave per la sicurezza hardware/software, Edge Swarm Agent per algoritmi swarm, e FL-AETERNA Client per l’apprendimento federato privacy-preserving.
- Protocolli di comunicazione standardizzati (MQTT-SN, CoAP, gRPC, REST, AMQP, ZeroMQ, WebSocket, GraphQL API) per garantire interoperabilità tra dispositivi e livelli.
- Integrazione di una blockchain permissioned (Bit-Energy) basata su Hyperledger Fabric custom, con canali segregati per la privacy, smart contract (MetaGov-SC) per policy e governance distribuita, e tokenizzazione per scambio energetico e incentivi.
- Protocolli di federated learning (FL-AETERNA) con federated averaging, secure aggregation, differential privacy, model pruning, gradient compression e proof-of-participation per la validazione dei contributi.
- Moduli di Explainable AI (XAI) per la trasparenza e la tracciabilità delle decisioni automatizzate, inclusi Ethical Impact Score e dashboard di visualizzazione.
- Meccanismi di sicurezza come Secure Enclave, end-to-end encryption (TLS 1.3, curve elliptiche), audit trail immutabile su DLT e logging distribuito.
- Continuità operativa assicurata da orchestratori a ogni livello (Fog Orchestrator, Macro Orchestrator), gestione cluster, aggregazione dati, coordinamento swarm e supervisione globale.
- Governance distribuita tramite MetaGov-SC Engine e Supervisor, con esecuzione, monitoraggio e audit di smart contract, e coinvolgimento etico e sociale nel ciclo decisionale.

Questi elementi permettono l’integrazione di dispositivi legacy, la gestione sicura e scalabile dei dati, la resilienza operativa e una governance trasparente e distribuita nelle micro-reti urbane.",difficile,"Ecco una sintesi delle principali strategie e componenti tecnologiche del Progetto AETERNA che garantiscono interoperabilità, scalabilità, resilienza e sicurezza nelle micro-reti energetiche urbane, con attenzione all’integrazione dei dispositivi legacy, gestione dei dati, continuità operativa e governance distribuita:

---

**1. Integrazione dispositivi legacy e interoperabilità**
- AETERNA adotta uno stack tecnologico multilivello (Edge–Fog–Cloud), progettato per integrare sia dispositivi legacy che di nuova generazione, grazie a:
  - Matrice di compatibilità tra sistemi operativi.
  - Protocolli standardizzati come MQTT, CoAP, gRPC.
  - Middleware custom come ALRM, FL-AETERNA e MetaGov-SC, per astrarre le funzionalità e garantire interoperabilità.
  - Integrazione profonda di sistemi IoT per la raccolta, elaborazione e trasmissione in tempo reale di dati energetici da dispositivi eterogenei.

**2. Scalabilità**
- Architettura modulare e stratificata che consente:
  - Scalabilità orizzontale e verticale (grazie a microservizi containerizzati e workflow automatizzati).
  - Espansione incrementale della rete e facile replicabilità in nuove aree urbane.
- Uso di architetture digitali avanzate per l’energy management distribuito, orchestrate tramite intelligenza artificiale.

**3. Resilienza e continuità operativa**
- Meccanismi di failover distribuito: i cluster Fog possono operare in modalità autonoma (Fog-Independence) in caso di disconnessione dal Cloud, garantendo funzioni essenziali.
- Simulazione regolare di scenari catastrofici (disaster recovery) e drill automatizzati per il ripristino delle funzionalità critiche.
- Ridondanza e disaster recovery a misura dell’architettura distribuita (Edge, Fog, Cloud), per mantenere gli SLA operativi anche durante guasti o attacchi.
- Adattabilità e auto-riparazione grazie a protocolli resilienti e pianificazione preventiva.

**4. Sicurezza e gestione dati**
- Blockchain permissioned per la trasparenza, auditabilità e tracciabilità delle transazioni (Bit-Energy Ledger).
- Crittografia, gestione sicura delle chiavi e monitoraggio continuo degli accessi e degli eventi.
- Data governance articolata: ruoli, policy e processi rigorosi per garantire qualità, integrità, sicurezza e accountability dei dati.
- Standard interni come Kyoto 2.0 per compliance normativa e gestione responsabile dei dati energetici.

**5. Governance distribuita**
- Modello multilivello che prevede decentralizzazione delle responsabilità (Edge, Fog, Cloud), definizione chiara di privilegi, delega e revisione.
- Trasparenza dei processi grazie a dashboard, registrazione su blockchain, sistemi di tracciamento e strumenti per la collaborazione tra i diversi attori (operativi, sicurezza, gestione energetica).
- Partecipazione e verifica aperta, abilitando una governance energetica partecipata a tutela di tutti gli stakeholder.

---

**In sintesi:**  
AETERNA combina architetture stratificate, microservizi, blockchain, AI distribuita e protocolli standardizzati per orchestrare un ecosistema resiliente, interoperabile e scalabile. L’integrazione dei dispositivi legacy è facilitata da middleware e compatibilità software, mentre la governance dei dati e la resilienza sono affidate a pratiche di compliance avanzate, disaster recovery e una gestione multilivello e trasparente.

Se desideri il dettaglio tecnico su un componente specifico (es. la blockchain usata o le pratiche di disaster recovery), chiedi pure.","[0.9, 0.9, 0.8, 0.8, 0.8, 1.0, 0.9, 0.8, 0.8, 0.8, 1.0, 1.0, 1.0, 1.0, 1.0, 1.0, 0.9, 0.9, 0.8, 0.8]","[DOCUMENTO ID: synthetic_data_AETERNA\Volume_11_integrazione_con_le_energie_rinnovabili.md:0:122] (Rerank Score: 0.90)
Resilienza e sicurezza: La decentralizzazione delle risorse e la trasparenza delle transazioni aumentano la resilienza delle micro-reti urbane contro guasti, attacchi e frodi.

Scalabilità e replicabilità: Il modello architetturale e i protocolli adottati consentono la facile estensione a nuove comunità, favorendo la crescita organica dell’ecosistema AETERNA.

In sintesi, la gestione digitale delle comunità energetiche in AETERNA rappresenta un paradigma di innovazione sistemica, in grado di coniugare efficienza tecnologica, equità sociale e sostenibilità ambientale, ponendo le basi per la realizzazione di città energeticamente autarchiche e resilienti.

Capitolo 10: Integrazione con la Mobilità Elettrica

---

[DOCUMENTO ID: synthetic_data_AETERNA\Volume_06_algoritmi_di_ottimizzazione_energetica.md:0:143] (Rerank Score: 0.90)
Inoltre, la disponibilità di indicatori di performance granulari e la tracciabilità completa tramite Bit-Energy Ledger e compliance Kyoto 2.0 assicurano trasparenza, auditabilità e conformità normativa, elementi imprescindibili per l’integrazione in contesti urbani regolamentati. L’approccio simulativo accelera il ciclo di sviluppo, favorisce la scalabilità orizzontale e verticale delle soluzioni e costituisce un benchmark affidabile per la replicabilità del modello AETERNA in città e quartieri eterogenei.

In sintesi, la metodologia di simulazione e testing adottata rappresenta un pilastro fondante per la robustezza, la sicurezza e la sostenibilità delle micro-reti energetiche decentralizzate promosse dal Progetto AETERNA.

---

[DOCUMENTO ID: synthetic_data_AETERNA\Volume_11_integrazione_con_le_energie_rinnovabili.md:0:1] (Rerank Score: 0.80)
Nel quadro architetturale del Progetto AETERNA, l’integrazione delle fonti rinnovabili domestiche – in particolare impianti fotovoltaici e micro-eolici – costituisce la base per la realizzazione di micro-reti resilienti e autosufficienti. L’adozione di tali tecnologie non solo incrementa la quota di energia prodotta localmente, ma pone sfide significative in termini di interoperabilità, sicurezza, scalabilità e gestione predittiva dei flussi energetici. L’infrastruttura di AETERNA, concepita per operare in scenari urbani complessi e dinamici, richiede che ogni nodo domestico (H-Node) sia in grado di dialogare in modo sicuro e standardizzato con la rete di quartiere (Fog) e con la piattaforma centrale (Cloud), garantendo la raccolta,

---

[DOCUMENTO ID: synthetic_data_AETERNA\Volume_20_business_model,_scalabilità_e_sostenibilità_economica.md:0:120] (Rerank Score: 0.80)
Competitività: L’accesso a tecnologie di frontiera, nuove reti di mercato e know-how specialistico ha rafforzato la posizione di AETERNA come framework di riferimento per le micro-reti energetiche urbane.

Scalabilità: La modularità delle integrazioni partner, supportata da microservizi containerizzati e workflow automatizzati, ha permesso una rapida espansione geografica e funzionale.

Innovazione continua: I programmi di open innovation, la co-creazione di servizi e la condivisione di dataset hanno accelerato il ciclo di sviluppo e validazione di nuove soluzioni, riducendo i rischi di lock-in tecnologico.

---

[DOCUMENTO ID: synthetic_data_AETERNA\Volume_12_interfacciamento_con_la_mobilità_elettrica.md:0:110] (Rerank Score: 0.80)
L’integrazione di micro-reti energetiche urbane con sistemi di produzione distribuita rappresenta il fondamento per la transizione verso modelli energetici resilienti, sostenibili e decentralizzati. Nel contesto della piattaforma AETERNA, tale integrazione non si limita alla mera connessione fisica tra infrastrutture di ricarica e fonti rinnovabili locali (es. impianti fotovoltaici, microeolici), ma si estende all’adozione di architetture digitali e protocolli che abilitano lo scambio bidirezionale di energia, la gestione predittiva dei flussi e la valorizzazione di surplus tramite meccanismi di accumulo o immissione in rete. L’approccio AETERNA si distingue per l’implementazione di un energy management distribuito, orchestrato da intelligenza artificiale, e per la compliance

===

[DOCUMENTO ID: synthetic_data_AETERNA\Volume_02_architettura_di_sistema_a_tre_livelli.md:0:12] (Rerank Score: 1.00)
Impatto

L’adozione di uno stack tecnologico stratificato e modulare consente ad AETERNA di raggiungere un livello di adattabilità e resilienza senza precedenti nel contesto delle micro-reti energetiche urbane. La matrice di compatibilità tra sistemi operativi permette di integrare dispositivi legacy e di nuova generazione, riducendo drasticamente i costi di transizione e favorendo la scalabilità incrementale della rete. L’interoperabilità garantita da protocolli standardizzati (MQTT, CoAP, gRPC) e l’adozione di middleware custom (ALRM, FL-AETERNA, MetaGov-SC) assicurano la continuità operativa anche in presenza di guasti o aggiornamenti infrastrutturali.

---

[DOCUMENTO ID: synthetic_data_AETERNA\Volume_02_architettura_di_sistema_a_tre_livelli.md:0:1] (Rerank Score: 0.90)
L’implementazione di AETERNA si fonda su uno stack tecnologico multilivello, progettato per garantire interoperabilità, scalabilità e resilienza nell’ambito delle micro-reti energetiche urbane. La stratificazione Edge–Fog–Cloud non è solamente una scelta architetturale, ma una necessità funzionale per orchestrare la coesistenza di dispositivi eterogenei, dalla sensoristica legacy fino alle piattaforme di intelligenza artificiale distribuita. La presenza di una blockchain permissioned e di protocolli di apprendimento federato introduce ulteriori requisiti di compatibilità e sicurezza, che si riflettono nella selezione e nell’integrazione delle tecnologie a ogni livello. La matrice di compatibilità tra sistemi operativi, presentata in questo capitolo, costituisce

---

[DOCUMENTO ID: synthetic_data_AETERNA\Volume_12_interfacciamento_con_la_mobilità_elettrica.md:0:110] (Rerank Score: 0.80)
L’integrazione di micro-reti energetiche urbane con sistemi di produzione distribuita rappresenta il fondamento per la transizione verso modelli energetici resilienti, sostenibili e decentralizzati. Nel contesto della piattaforma AETERNA, tale integrazione non si limita alla mera connessione fisica tra infrastrutture di ricarica e fonti rinnovabili locali (es. impianti fotovoltaici, microeolici), ma si estende all’adozione di architetture digitali e protocolli che abilitano lo scambio bidirezionale di energia, la gestione predittiva dei flussi e la valorizzazione di surplus tramite meccanismi di accumulo o immissione in rete. L’approccio AETERNA si distingue per l’implementazione di un energy management distribuito, orchestrato da intelligenza artificiale, e per la compliance

---

[DOCUMENTO ID: synthetic_data_AETERNA\Volume_07_smart_contract_e_tokenizzazione_energetica.md:0:80] (Rerank Score: 0.80)
L’integrazione dei sistemi IoT (Internet of Things) rappresenta un pilastro fondante per l’architettura multilivello di AETERNA, abilitando la raccolta, l’elaborazione e la trasmissione in tempo reale di dati energetici granulari provenienti da una vasta eterogeneità di dispositivi distribuiti. Nell’ambito delle micro-reti energetiche decentralizzate, la connettività e l’interoperabilità dei dispositivi IoT consentono la realizzazione di un ecosistema dinamico, in cui la produzione, il consumo e lo scambio di energia sono monitorati e regolati in modo automatizzato e sicuro. L’approccio di AETERNA si fonda su una stratificazione logica e funzionale che comprende edge computing, middleware di normalizzazione, protocolli di

---

[DOCUMENTO ID: synthetic_data_AETERNA\Volume_16_sostenibilità_ambientale_e_impatto_sociale.md:0:99] (Rerank Score: 0.80)
L’innovazione tecnologica rappresenta il fulcro strategico per la realizzazione degli obiettivi di sostenibilità ambientale, sociale ed economica del Progetto AETERNA. In un contesto caratterizzato da una crescente urbanizzazione e da una domanda energetica sempre più articolata, la capacità di integrare soluzioni digitali avanzate, algoritmi di intelligenza artificiale, infrastrutture cloud-native e sistemi di distributed ledger technology (DLT) si configura come elemento abilitante per la transizione verso modelli di autarchia energetica urbana. L’approccio di AETERNA si distingue per la sinergia tra innovazione incrementale e disruptive, nonché per la valorizzazione di ecosistemi collaborativi basati su paradigmi di open innovation. In tale quadro, la sostenibilità non è solo un obiettivo,

===

[DOCUMENTO ID: synthetic_data_AETERNA\Volume_08_gestione_dei_dati_e_privacy.md:0:102] (Rerank Score: 1.00)
La data governance nel Progetto AETERNA costituisce il fondamento normativo, procedurale e organizzativo per la gestione responsabile, sicura e conforme dei dati generati, trattati e condivisi all’interno dell’ecosistema delle micro-reti energetiche decentralizzate. In un contesto caratterizzato da eterogeneità di fonti, distribuzione geografica dei nodi (Edge, Fog, Cloud) e sensibilità delle informazioni (es. dati di consumo, consensi, policy, Bit-Energy_ID), la governance dei dati si configura come un sistema articolato di ruoli, responsabilità, policy e processi, finalizzato a garantire qualità, integrità, sicurezza, tracciabilità e accountability. L’adozione di standard interni come Kyoto 2.0 e la presenza di una blockchain nativa impongono requisiti stringenti in

---

[DOCUMENTO ID: synthetic_data_AETERNA\Volume_05_protocolli_di_comunicazione_e_interfacce.md:0:98] (Rerank Score: 1.00)
Ottimizzazione delle Risorse: L’analisi predittiva delle metriche consente di ottimizzare il bilanciamento dei carichi, la rotazione delle chiavi crittografiche e la gestione delle risorse energetiche, contribuendo all’obiettivo di autarchia energetica urbana.

Governance e Accountability: Le dashboard personalizzate e i sistemi di tracciamento degli eventi abilitano una governance trasparente, favorendo la collaborazione tra team operativi, di sicurezza e di gestione energetica.

In sintesi, il monitoraggio delle interfacce e la telemetria costituiscono il tessuto connettivo che rende possibile la gestione intelligente, sicura e conforme di una micro-rete energetica urbana decentralizzata come AETERNA.

---

[DOCUMENTO ID: synthetic_data_AETERNA\Volume_09_governance_e_modelli_di_partecipazione.md:0:1] (Rerank Score: 1.00)
Introduzione Teorica

Nel contesto delle micro-reti energetiche urbane, la governance distribuita rappresenta un paradigma essenziale per assicurare la sostenibilità operativa, la sicurezza e la scalabilità del sistema. Il modello di governance adottato da AETERNA si distingue per la sua articolazione multilivello, in cui la decentralizzazione delle responsabilità e la trasparenza dei processi decisionali costituiscono elementi imprescindibili per la resilienza e l’evoluzione della rete. La presenza di nodi eterogenei (Edge, Fog, Cloud) e la necessità di coordinare attori con ruoli e privilegi differenti impongono una definizione rigorosa dei meccanismi di delega, revisione e validazione, nonché delle interfacce di interazione tra le componenti organizzative e tecniche.

---

[DOCUMENTO ID: synthetic_data_AETERNA\Volume_02_architettura_di_sistema_a_tre_livelli.md:0:53] (Rerank Score: 1.00)
L’introduzione del livello Cloud, con la centralizzazione e l’analisi avanzata dei metadati energetici tramite database vettoriali, trasforma radicalmente la capacità del sistema AETERNA di rispondere alle sfide dell’autarchia energetica urbana. La possibilità di individuare pattern di consumo emergenti, anticipare anomalie e ottimizzare la distribuzione delle risorse su scala nazionale consente una gestione proattiva e resiliente delle micro-reti. L’approccio data-driven, abilitato dalla ricerca semantica sui vettori, permette di adattare dinamicamente le strategie di bilanciamento e pricing, massimizzando l’efficienza e la sostenibilità del sistema. Inoltre, la rigorosa governance e la compliance garantite dagli standard Kyoto 2.0 e dalla blockchain Bit-Energy

---

[DOCUMENTO ID: synthetic_data_AETERNA\Volume_01_visione_globale_e_filosofia_di_aeterna.md:0:11] (Rerank Score: 1.00)
L’adozione del paradigma AETERNA segna una discontinuità storica nella progettazione delle infrastrutture energetiche urbane. L’implementazione delle micro-grid autonome, in conformità agli standard Kyoto 2.0, consente di superare le criticità delle reti centralizzate, garantendo una resilienza sistemica senza precedenti. La trasparenza operativa, assicurata dal protocollo Bit-Energy e dalla registrazione distribuita su blockchain, permette una governance energetica partecipata e verificabile. L’integrazione di algoritmi AI per il bilanciamento predittivo trasforma la gestione energetica da reattiva a proattiva, minimizzando sprechi e ottimizzando le risorse. In sintesi, AETERNA si configura come risposta strutturale e visionaria alle sfide della

===

[DOCUMENTO ID: synthetic_data_AETERNA\Volume_02_architettura_di_sistema_a_tre_livelli.md:0:12] (Rerank Score: 1.00)
Impatto

L’adozione di uno stack tecnologico stratificato e modulare consente ad AETERNA di raggiungere un livello di adattabilità e resilienza senza precedenti nel contesto delle micro-reti energetiche urbane. La matrice di compatibilità tra sistemi operativi permette di integrare dispositivi legacy e di nuova generazione, riducendo drasticamente i costi di transizione e favorendo la scalabilità incrementale della rete. L’interoperabilità garantita da protocolli standardizzati (MQTT, CoAP, gRPC) e l’adozione di middleware custom (ALRM, FL-AETERNA, MetaGov-SC) assicurano la continuità operativa anche in presenza di guasti o aggiornamenti infrastrutturali.

---

[DOCUMENTO ID: synthetic_data_AETERNA\Volume_02_architettura_di_sistema_a_tre_livelli.md:0:81] (Rerank Score: 0.90)
La continuità operativa di una micro-rete energetica urbana, come quella orchestrata dal framework AETERNA, è una prerogativa imprescindibile per garantire l'autarchia energetica e la resilienza sistemica. In scenari di guasto critico, quali la perdita di connettività verso il livello Cloud (ad esempio, a seguito di interruzioni dei cavi sottomarini o di eventi catastrofici su larga scala), il sistema deve essere in grado di preservare le funzionalità essenziali tramite meccanismi di ridondanza e failover distribuiti. L'approccio architetturale adottato da AETERNA prevede una transizione automatica verso la modalità Fog-Independence, nella quale i cluster di quartiere (Fog) assumono il controllo operativo, garantendo la

---

[DOCUMENTO ID: synthetic_data_AETERNA\Volume_10_gestione_delle_emergenze_e_continuità_operativa.md:0:25] (Rerank Score: 0.90)
di compliance e policy-as-code già definiti. Infine, la capacità di orchestrare drill di disaster recovery completamente automatizzati, con validazione delle metriche e reporting strutturato verso i ruoli operativi (Edge Maintainer, Fog Operator, Data Steward, Audit Committee), rappresenta un elemento distintivo che eleva il livello di affidabilità e di prontezza della micro-rete AETERNA rispetto agli standard Kyoto 2.0. In sintesi, la simulazione di scenari catastrofici si configura come un pilastro metodologico imprescindibile per la garanzia di autarchia energetica urbana, resilienza sistemica e continuità operativa nel paradigma delle micro-reti decentralizzate.

---

[DOCUMENTO ID: synthetic_data_AETERNA\Volume_10_gestione_delle_emergenze_e_continuità_operativa.md:0:1] (Rerank Score: 0.80)
Nel contesto delle micro-reti energetiche urbane decentralizzate, la continuità operativa e la resilienza delle infrastrutture digitali rappresentano elementi imprescindibili per il mantenimento degli SLA (Service Level Agreement) e per la salvaguardia dell’integrità dei dati e delle operazioni. Il Progetto AETERNA, caratterizzato da un’architettura multilivello (Edge, Fog, Cloud) e da una forte integrazione tra microservizi, blockchain e intelligenza artificiale, richiede l’adozione di strategie di disaster recovery (DR) che siano specificamente adattate alla natura distribuita e mission-critical dei suoi servizi. In tale ottica, il ripristino rapido delle funzionalità critiche non costituisce soltanto una misura tecnica, ma un requisito sistemico che permea la

---

[DOCUMENTO ID: synthetic_data_AETERNA\Volume_09_governance_e_modelli_di_partecipazione.md:0:127] (Rerank Score: 0.80)
Introduzione Teorica

La gestione delle emergenze e la continuità operativa rappresentano pilastri fondamentali per la resilienza delle micro-reti energetiche AETERNA. In un contesto caratterizzato da decentralizzazione, interoperabilità multi-livello (Edge-Fog-Cloud) e transazioni energetiche P2P basate su blockchain, la capacità di rispondere prontamente a eventi critici—quali attacchi informatici, guasti hardware, blackout locali o disastri naturali—costituisce un requisito imprescindibile. L’approccio AETERNA si fonda su una pianificazione preventiva, l’adozione di protocolli strutturati e la continua verifica delle strategie di recovery, al fine di garantire la disponibilità dei servizi, la protezione dei dati e la fiducia degli stakeholder.",3,0.75
Qual è il costo medio di produzione di un H-Node Edge dotato di micro-controller ARM Cortex-M33 e Secure Enclave?,L'informazione non è disponibile nel testo,impossibile,L'informazione non è disponibile nel testo,"[0.7, 0.6, 0.6, 0.6, 0.6, 0.7, 0.7, 0.6, 0.6, 0.6, 0.7, 0.6, 0.6, 0.6, 0.4, 0.7, 0.7, 0.7, 0.7, 0.6, 0.0, 0.0, 0.0]","[DOCUMENTO ID: synthetic_data_AETERNA\Volume_02_architettura_di_sistema_a_tre_livelli.md:0:16] (Rerank Score: 0.70)
Specifiche Tecniche e Protocolli

Architettura Hardware: Micro-controller ARM-based

Gli H-Node Edge sono progettati attorno a micro-controller ARM Cortex-M (preferibilmente Cortex-M4/M7/M33) e, in configurazioni avanzate, SoC ARM Cortex-A o RISC-V compatibili. Le principali caratteristiche hardware includono:

Core ARM Cortex-M4/M7/M33: FPU integrata, DSP extension, supporto TrustZone (M33), clock fino a 600MHz, consumo ultra-low-power (<100μA/MHz).

Memoria: RAM da 512KB a 2MB, Flash da 2MB a 16MB, supporto per eMMC/SD esterna.

Periferiche: ADC/DAC multi-canale, GPIO isolati, I2C/SPI/UART, CAN bus, Ethernet PHY, Wi-Fi/BLE 5.0, ZigBee, LoRa.

---

[DOCUMENTO ID: synthetic_data_AETERNA\Volume_08_gestione_dei_dati_e_privacy.md:0:3] (Rerank Score: 0.60)
Specifiche Tecniche e Protocolli

1. Livello di Raccolta Dati (Edge/Fog)

Gateway Edge H-Node: Ogni H-Node domestico e industriale è dotato di microcontrollore ARM Cortex-M7 con stack di comunicazione MQTT 5.0 e OPC-UA. Il firmware integra moduli per:

Pre-elaborazione (filtraggio outlier, compressione LZ4, normalizzazione timestamp ISO 8601)

Buffering locale (memoria non volatile, failover automatico in caso di perdita di connettività)

Firma digitale dei pacchetti dati (ECDSA secp256k1) per integrità e non ripudio

Protocolli di Trasporto: Tutti i dati sono veicolati su canali cifrati TLS 1.3, con autenticazione a doppio fattore (certificati X.509 + token hardware TPM).

---

[DOCUMENTO ID: synthetic_data_AETERNA\Volume_02_architettura_di_sistema_a_tre_livelli.md:0:3] (Rerank Score: 0.60)
Specifiche Tecniche e Protocolli

1. Stack Tecnologico per Livello

Edge Layer (H-Node)

Hardware Target: Microcontroller ARM Cortex-M, SoC RISC-V, gateway industriali x86.

Sistemi Operativi Supportati:

AETERNA-RTOS: Sistema operativo real-time custom, ottimizzato per sensor fusion, sicurezza e isolamento processi.

Linux Embedded: Debian/Ubuntu minimal, Yocto Project.

FreeRTOS: Per dispositivi ultra-low power.

Compatibilità Legacy: Bridge per sistemi proprietari (es. moduli KNX, BACnet).

Middleware:

ALRM (AETERNA Local Resource Manager): Gestione risorse, preprocessing dati, orchestrazione AI embedded.

Secure Enclave: Modulo hardware/software per chiavi crittografiche e root-of-trust.

---

[DOCUMENTO ID: synthetic_data_AETERNA\Volume_18_evoluzione_tecnologica_e_roadmap_di_ricerca.md:0:7] (Rerank Score: 0.60)
3. Edge Computing

Razionale: L’elaborazione decentralizzata tramite edge computing è fondamentale per ridurre la latenza, ottimizzare la banda e abilitare scenari di risposta in tempo reale, specialmente nel layer H-Node e Fog.

Specifiche: - Edge Orchestrator: Deployment di orchestratori lightweight (es. K3s, OpenFaaS) su cluster H-Node per il pre-processing locale. - Data Pre-aggregation: Implementazione di algoritmi di data summarization e compressione (es. sketching, bloom filter) per minimizzare il payload verso il Cloud. - Event-driven Processing: Utilizzo di broker MQTT per la gestione di eventi e comandi tra H-Node e Fog, con QoS configurabile. - Security: Isolamento tramite enclave hardware (es. Intel SGX) per l’esecuzione sicura di funzioni critiche in edge.

4. Blockchain Permissioned

---

[DOCUMENTO ID: synthetic_data_AETERNA\Volume_16_sostenibilità_ambientale_e_impatto_sociale.md:0:30] (Rerank Score: 0.60)
Specifiche Tecniche e Protocolli

1. Architettura di Accessibilità Multi-Livello

a) Edge Layer – H-Node Domestici

Ogni H-Node domestico è equipaggiato con una Energy Management Unit (EMU) dotata di microcontrollore ARM Cortex-M, interfaccia IoT multi-protocollo (Zigbee, LoRaWAN, Wi-Fi) e moduli di sicurezza hardware (TPM 2.0). L’EMU implementa algoritmi di load balancing locale e supporta la gestione di priorità energetiche (es. dispositivi medicali, illuminazione di emergenza) configurabili tramite interfaccia utente accessibile (web/mobile, WCAG 2.1 compliant).

===

[DOCUMENTO ID: synthetic_data_AETERNA\Volume_16_sostenibilità_ambientale_e_impatto_sociale.md:0:30] (Rerank Score: 0.70)
Specifiche Tecniche e Protocolli

1. Architettura di Accessibilità Multi-Livello

a) Edge Layer – H-Node Domestici

Ogni H-Node domestico è equipaggiato con una Energy Management Unit (EMU) dotata di microcontrollore ARM Cortex-M, interfaccia IoT multi-protocollo (Zigbee, LoRaWAN, Wi-Fi) e moduli di sicurezza hardware (TPM 2.0). L’EMU implementa algoritmi di load balancing locale e supporta la gestione di priorità energetiche (es. dispositivi medicali, illuminazione di emergenza) configurabili tramite interfaccia utente accessibile (web/mobile, WCAG 2.1 compliant).

---

[DOCUMENTO ID: synthetic_data_AETERNA\Volume_02_architettura_di_sistema_a_tre_livelli.md:0:31] (Rerank Score: 0.70)
Specifiche Tecniche e Protocolli

1. Architettura Hardware e Virtualizzazione

I nodi Fog sono tipicamente implementati su hardware x86_64 a basso consumo, ARM Cortex-A (server edge) o micro-server RISC-V, con requisiti minimi di 4GB RAM, storage SSD/NVMe da 32GB, doppia interfaccia di rete (Ethernet/Wi-Fi mesh) e modulo Secure Enclave TPM 2.0. Il supporto alla virtualizzazione (KVM/QEMU o Docker/OCI runtime) consente il deployment isolato di microservizi di coordinamento, AI e blockchain.

2. Cluster Dinamico e Gestione della Membership

---

[DOCUMENTO ID: synthetic_data_AETERNA\Volume_02_architettura_di_sistema_a_tre_livelli.md:0:16] (Rerank Score: 0.60)
Specifiche Tecniche e Protocolli

Architettura Hardware: Micro-controller ARM-based

Gli H-Node Edge sono progettati attorno a micro-controller ARM Cortex-M (preferibilmente Cortex-M4/M7/M33) e, in configurazioni avanzate, SoC ARM Cortex-A o RISC-V compatibili. Le principali caratteristiche hardware includono:

Core ARM Cortex-M4/M7/M33: FPU integrata, DSP extension, supporto TrustZone (M33), clock fino a 600MHz, consumo ultra-low-power (<100μA/MHz).

Memoria: RAM da 512KB a 2MB, Flash da 2MB a 16MB, supporto per eMMC/SD esterna.

Periferiche: ADC/DAC multi-canale, GPIO isolati, I2C/SPI/UART, CAN bus, Ethernet PHY, Wi-Fi/BLE 5.0, ZigBee, LoRa.

---

[DOCUMENTO ID: synthetic_data_AETERNA\Volume_08_gestione_dei_dati_e_privacy.md:0:3] (Rerank Score: 0.60)
Specifiche Tecniche e Protocolli

1. Livello di Raccolta Dati (Edge/Fog)

Gateway Edge H-Node: Ogni H-Node domestico e industriale è dotato di microcontrollore ARM Cortex-M7 con stack di comunicazione MQTT 5.0 e OPC-UA. Il firmware integra moduli per:

Pre-elaborazione (filtraggio outlier, compressione LZ4, normalizzazione timestamp ISO 8601)

Buffering locale (memoria non volatile, failover automatico in caso di perdita di connettività)

Firma digitale dei pacchetti dati (ECDSA secp256k1) per integrità e non ripudio

Protocolli di Trasporto: Tutti i dati sono veicolati su canali cifrati TLS 1.3, con autenticazione a doppio fattore (certificati X.509 + token hardware TPM).

---

[DOCUMENTO ID: synthetic_data_AETERNA\Volume_03_specifiche_hardware_dell'h-node.md:0:88] (Rerank Score: 0.60)
Tabella: Specifiche Hardware HSM

Componente Specifica Tecnica Secure Enclave SRAM 32–128 KB, battery-backed TRNG Entropia > 128 bit/s, certificato Sensori Tamper 4+ tipologie, polling <10 ms Micro-batteria Autonomia wipe > 60 s Bus Sicuro SPI/I²C, autenticazione hardware Secure Bootloader SHA-256, policy Kyoto 2.0

Impatto

===

[DOCUMENTO ID: synthetic_data_AETERNA\Volume_02_architettura_di_sistema_a_tre_livelli.md:0:3] (Rerank Score: 0.70)
Specifiche Tecniche e Protocolli

1. Stack Tecnologico per Livello

Edge Layer (H-Node)

Hardware Target: Microcontroller ARM Cortex-M, SoC RISC-V, gateway industriali x86.

Sistemi Operativi Supportati:

AETERNA-RTOS: Sistema operativo real-time custom, ottimizzato per sensor fusion, sicurezza e isolamento processi.

Linux Embedded: Debian/Ubuntu minimal, Yocto Project.

FreeRTOS: Per dispositivi ultra-low power.

Compatibilità Legacy: Bridge per sistemi proprietari (es. moduli KNX, BACnet).

Middleware:

ALRM (AETERNA Local Resource Manager): Gestione risorse, preprocessing dati, orchestrazione AI embedded.

Secure Enclave: Modulo hardware/software per chiavi crittografiche e root-of-trust.

---

[DOCUMENTO ID: synthetic_data_AETERNA\Volume_16_sostenibilità_ambientale_e_impatto_sociale.md:0:30] (Rerank Score: 0.60)
Specifiche Tecniche e Protocolli

1. Architettura di Accessibilità Multi-Livello

a) Edge Layer – H-Node Domestici

Ogni H-Node domestico è equipaggiato con una Energy Management Unit (EMU) dotata di microcontrollore ARM Cortex-M, interfaccia IoT multi-protocollo (Zigbee, LoRaWAN, Wi-Fi) e moduli di sicurezza hardware (TPM 2.0). L’EMU implementa algoritmi di load balancing locale e supporta la gestione di priorità energetiche (es. dispositivi medicali, illuminazione di emergenza) configurabili tramite interfaccia utente accessibile (web/mobile, WCAG 2.1 compliant).

---

[DOCUMENTO ID: synthetic_data_AETERNA\Volume_03_specifiche_hardware_dell'h-node.md:0:88] (Rerank Score: 0.60)
Tabella: Specifiche Hardware HSM

Componente Specifica Tecnica Secure Enclave SRAM 32–128 KB, battery-backed TRNG Entropia > 128 bit/s, certificato Sensori Tamper 4+ tipologie, polling <10 ms Micro-batteria Autonomia wipe > 60 s Bus Sicuro SPI/I²C, autenticazione hardware Secure Bootloader SHA-256, policy Kyoto 2.0

Impatto

---

[DOCUMENTO ID: synthetic_data_AETERNA\Volume_02_architettura_di_sistema_a_tre_livelli.md:0:31] (Rerank Score: 0.60)
Specifiche Tecniche e Protocolli

1. Architettura Hardware e Virtualizzazione

I nodi Fog sono tipicamente implementati su hardware x86_64 a basso consumo, ARM Cortex-A (server edge) o micro-server RISC-V, con requisiti minimi di 4GB RAM, storage SSD/NVMe da 32GB, doppia interfaccia di rete (Ethernet/Wi-Fi mesh) e modulo Secure Enclave TPM 2.0. Il supporto alla virtualizzazione (KVM/QEMU o Docker/OCI runtime) consente il deployment isolato di microservizi di coordinamento, AI e blockchain.

2. Cluster Dinamico e Gestione della Membership

---

[DOCUMENTO ID: synthetic_data_AETERNA\Volume_02_architettura_di_sistema_a_tre_livelli.md:0:16] (Rerank Score: 0.40)
Specifiche Tecniche e Protocolli

Architettura Hardware: Micro-controller ARM-based

Gli H-Node Edge sono progettati attorno a micro-controller ARM Cortex-M (preferibilmente Cortex-M4/M7/M33) e, in configurazioni avanzate, SoC ARM Cortex-A o RISC-V compatibili. Le principali caratteristiche hardware includono:

Core ARM Cortex-M4/M7/M33: FPU integrata, DSP extension, supporto TrustZone (M33), clock fino a 600MHz, consumo ultra-low-power (<100μA/MHz).

Memoria: RAM da 512KB a 2MB, Flash da 2MB a 16MB, supporto per eMMC/SD esterna.

Periferiche: ADC/DAC multi-canale, GPIO isolati, I2C/SPI/UART, CAN bus, Ethernet PHY, Wi-Fi/BLE 5.0, ZigBee, LoRa.

===

[DOCUMENTO ID: synthetic_data_AETERNA\Volume_03_specifiche_hardware_dell'h-node.md:0:88] (Rerank Score: 0.70)
Tabella: Specifiche Hardware HSM

Componente Specifica Tecnica Secure Enclave SRAM 32–128 KB, battery-backed TRNG Entropia > 128 bit/s, certificato Sensori Tamper 4+ tipologie, polling <10 ms Micro-batteria Autonomia wipe > 60 s Bus Sicuro SPI/I²C, autenticazione hardware Secure Bootloader SHA-256, policy Kyoto 2.0

Impatto

---

[DOCUMENTO ID: synthetic_data_AETERNA\Volume_02_architettura_di_sistema_a_tre_livelli.md:0:31] (Rerank Score: 0.70)
Specifiche Tecniche e Protocolli

1. Architettura Hardware e Virtualizzazione

I nodi Fog sono tipicamente implementati su hardware x86_64 a basso consumo, ARM Cortex-A (server edge) o micro-server RISC-V, con requisiti minimi di 4GB RAM, storage SSD/NVMe da 32GB, doppia interfaccia di rete (Ethernet/Wi-Fi mesh) e modulo Secure Enclave TPM 2.0. Il supporto alla virtualizzazione (KVM/QEMU o Docker/OCI runtime) consente il deployment isolato di microservizi di coordinamento, AI e blockchain.

2. Cluster Dinamico e Gestione della Membership

---

[DOCUMENTO ID: synthetic_data_AETERNA\Volume_11_integrazione_con_le_energie_rinnovabili.md:0:30] (Rerank Score: 0.70)
Controller: Embedded ARM Cortex-A72 (quad-core, 2.0 GHz), supporto ECC RAM, bus PCIe dedicato.

Modulo di Sicurezza: TPM 2.0 hardware integrato, generazione e custodia delle chiavi AES-256, secure boot.

File System e Gestione

File System Distribuito: CephFS (preferenziale) o GlusterFS, configurazione a replica tripla (3x) su nodi Edge adiacenti, supporto snapshot e rollback.

Deduplicazione e Compressione: Inline, Zstandard (ZSTD) per compressione lossless, deduplicazione a livello di blocco (4 KB granularity).

Gestione Fault: Rilevamento fault SSD tramite S.M.A.R.T., hot-swap abilitato, auto-ribilanciamento dati in caso di failure nodo.

Sicurezza e Cifratura

---

[DOCUMENTO ID: synthetic_data_AETERNA\Volume_16_sostenibilità_ambientale_e_impatto_sociale.md:0:30] (Rerank Score: 0.70)
Specifiche Tecniche e Protocolli

1. Architettura di Accessibilità Multi-Livello

a) Edge Layer – H-Node Domestici

Ogni H-Node domestico è equipaggiato con una Energy Management Unit (EMU) dotata di microcontrollore ARM Cortex-M, interfaccia IoT multi-protocollo (Zigbee, LoRaWAN, Wi-Fi) e moduli di sicurezza hardware (TPM 2.0). L’EMU implementa algoritmi di load balancing locale e supporta la gestione di priorità energetiche (es. dispositivi medicali, illuminazione di emergenza) configurabili tramite interfaccia utente accessibile (web/mobile, WCAG 2.1 compliant).

---

[DOCUMENTO ID: synthetic_data_AETERNA\Volume_02_architettura_di_sistema_a_tre_livelli.md:0:16] (Rerank Score: 0.60)
Specifiche Tecniche e Protocolli

Architettura Hardware: Micro-controller ARM-based

Gli H-Node Edge sono progettati attorno a micro-controller ARM Cortex-M (preferibilmente Cortex-M4/M7/M33) e, in configurazioni avanzate, SoC ARM Cortex-A o RISC-V compatibili. Le principali caratteristiche hardware includono:

Core ARM Cortex-M4/M7/M33: FPU integrata, DSP extension, supporto TrustZone (M33), clock fino a 600MHz, consumo ultra-low-power (<100μA/MHz).

Memoria: RAM da 512KB a 2MB, Flash da 2MB a 16MB, supporto per eMMC/SD esterna.

Periferiche: ADC/DAC multi-canale, GPIO isolati, I2C/SPI/UART, CAN bus, Ethernet PHY, Wi-Fi/BLE 5.0, ZigBee, LoRa.

===

[DOCUMENTO ID: synthetic_data_AETERNA\Volume_02_architettura_di_sistema_a_tre_livelli.md:0:24] (Rerank Score: 0.00)
Componente Specifica Tecnica Descrizione Operativa MCU ARM Cortex-M4/M7/M33, 100–600MHz Core real-time, FPU, TrustZone, consumo <100μA/MHz Memoria 512KB–2MB RAM, 2–16MB Flash Buffer dati, AI inference, storage temporaneo Sicurezza Secure Enclave, accelerazione AES/SHA/ECC Root-of-trust, storage chiavi, autenticazione hardware Connettività Ethernet, Wi-Fi/BLE 5.0, ZigBee, LoRa Comunicazione locale e remota, mesh networking Periferiche ADC/DAC, GPIO, I2C/SPI/UART, CAN Interfaccia sensori, attuatori, bridge legacy OS AETERNA-RTOS, Linux Embedded, FreeRTOS Scheduling deterministico, tickless idle, isolamento task Middleware ALRM, Edge Swarm Agent, Secure Enclave Driver Gestione risorse, swarm, sicurezza AI/ML TensorFlow Lite, ONNX Runtime, FL-AETERNA Client

---

[DOCUMENTO ID: synthetic_data_AETERNA\Volume_02_architettura_di_sistema_a_tre_livelli.md:0:16] (Rerank Score: 0.00)
Specifiche Tecniche e Protocolli

Architettura Hardware: Micro-controller ARM-based

Gli H-Node Edge sono progettati attorno a micro-controller ARM Cortex-M (preferibilmente Cortex-M4/M7/M33) e, in configurazioni avanzate, SoC ARM Cortex-A o RISC-V compatibili. Le principali caratteristiche hardware includono:

Core ARM Cortex-M4/M7/M33: FPU integrata, DSP extension, supporto TrustZone (M33), clock fino a 600MHz, consumo ultra-low-power (<100μA/MHz).

Memoria: RAM da 512KB a 2MB, Flash da 2MB a 16MB, supporto per eMMC/SD esterna.

Periferiche: ADC/DAC multi-canale, GPIO isolati, I2C/SPI/UART, CAN bus, Ethernet PHY, Wi-Fi/BLE 5.0, ZigBee, LoRa.

---

[DOCUMENTO ID: synthetic_data_AETERNA\Volume_03_specifiche_hardware_dell'h-node.md:0:22] (Rerank Score: 0.00)
3.2 Tabella delle Specifiche Chiave

Componente Quantità/Core Frequenza di Clock Funzione Principale Core General-Purpose 8 2.8 GHz Gestione operazioni OS, networking, API, logica di base Core Crittografici 4 3.2 GHz Firma/verifica Bit-Energy, SHA3-512, post-quantum crypto Core AI-dedicati 4 3.6 GHz Inferenza/training locale, manutenzione predittiva AI Accelerator 4 moduli 8 TOPS/core Accelerazione INT8/FP16, quantizzazione dinamica Secure Enclave 1 - Gestione chiavi, secure boot, autenticazione Modulo TRNG 1 - Randomizzazione crittografica Sensori Termici 16 - Monitoraggio termico granulare per core e moduli DVFS/Power Gating Per core - Riduzione consumi, gestione carico

4. Impatto",5,1.0
"Quale componente del livello Fog gestisce la formazione, la dissoluzione e la riconfigurazione dei cluster di edifici sulla base di criteri energetici, topologici e di policy?","Il componente del livello Fog che gestisce la formazione, la dissoluzione e la riconfigurazione dei cluster di edifici sulla base di criteri energetici, topologici e di policy è il Dynamic Fog Cluster Manager (DFCM).",facile,"Il componente del livello Fog che gestisce la formazione, la dissoluzione e la riconfigurazione dei cluster di edifici sulla base di criteri energetici, topologici e di policy è il Dynamic Fog Cluster Manager (DFCM).

Questo componente svolge le seguenti funzioni:
- Gestisce dinamicamente la formazione dei cluster di edifici.
- Coordina la dissoluzione o la riconfigurazione dei cluster secondo criteri energetici, topologici e di policy.
- Utilizza algoritmi di clustering distribuiti per adattarsi in tempo reale alle necessità operative della rete (es. DBSCAN adattato, K-Means decentralizzato).
- Si avvale di protocolli di membership (ad esempio, gossip-based come SWIM o HyParView) per la propagazione degli stati e la gestione dei guasti.

In sintesi, il DFCM è la componente centrale responsabile per questi processi a livello Fog nel framework AETERNA.","[1.0, 1.0, 1.0, 0.9, 0.9]","[DOCUMENTO ID: synthetic_data_AETERNA\Volume_02_architettura_di_sistema_a_tre_livelli.md:0:32] (Rerank Score: 1.00)
2. Cluster Dinamico e Gestione della Membership

Dynamic Fog Cluster Manager (DFCM): Componente centrale che gestisce la formazione, la dissoluzione e la riconfigurazione dei cluster di edifici sulla base di criteri energetici, topologici e di policy (es. priorità carichi critici, eventi sociali, guasti).

Algoritmo di Clustering: Utilizzo di algoritmi distribuiti (es. DBSCAN adattato, K-Means decentralizzato, Label Propagation) per la formazione di cluster in base a prossimità fisica, profili di consumo/generazione e stato di salute dei nodi.

Membership Protocol: Protocollo gossip-based (SWIM, HyParView) per la propagazione degli stati, la rilevazione dei guasti e il bilanciamento della membership in tempo reale.

3. Protocolli di Comunicazione e Sicurezza

---

[DOCUMENTO ID: synthetic_data_AETERNA\Volume_01_visione_globale_e_filosofia_di_aeterna.md:0:35] (Rerank Score: 1.00)
2.2 Clustering Adattivo

Il clustering adattivo è implementato a livello Fog per segmentare dinamicamente la rete in micro-cluster energetici (Energy Cells), ciascuno caratterizzato da profili di consumo, produzione e affidabilità omogenei. Questo consente:

Auto-riparazione: In caso di guasto o sovraccarico di un nodo, il cluster può isolare il problema e ribilanciare automaticamente i flussi energetici tra i nodi rimanenti.

Efficienza nell’allocazione: Le risorse (Bit-Energy) vengono allocate prioritariamente all’interno del cluster, minimizzando la necessità di trasmissioni a lunga distanza e quindi le perdite associate.

---

[DOCUMENTO ID: synthetic_data_AETERNA\Volume_02_architettura_di_sistema_a_tre_livelli.md:0:38] (Rerank Score: 1.00)
Tabella: Componenti e Funzionalità Chiave del Livello Fog

Componente Funzionalità Principali Protocolli/Standard Sicurezza Dynamic Fog Cluster Manager Clustering dinamico, membership, fault detection Gossip (SWIM), gRPC, MQTT PKI, TLS 1.3, RBAC Fog AI Orchestrator Inferenza predittiva, federated learning, swarm intelligence TensorFlow Serving, FL-AETERNA Secure Enclave, Audit DLT DLT Gateway Trading Bit-Energy, ledger energetico, smart contract Kyoto 2.0 Bit-Energy DLT, gRPC Secure Enclave, Audit Smart Market Maker Matching offerte/domande, pricing dinamico, policy DR REST, gRPC, MQTT RBAC Disaster Recovery Engine Snapshot, failover, recovery IPFS, S3 API Encryption at rest

Impatto

---

[DOCUMENTO ID: synthetic_data_AETERNA\Volume_02_architettura_di_sistema_a_tre_livelli.md:0:29] (Rerank Score: 0.90)
Il livello Fog del framework AETERNA rappresenta il cuore pulsante della coordinazione energetica a scala di quartiere, fungendo da snodo intermedio tra la granularità degli H-Node Edge e la visione sistemica del livello Cloud. In questa architettura, il Fog Layer non si limita a un semplice ruolo di relay, ma assume una funzione attiva di aggregazione, pre-elaborazione e orchestrazione delle risorse energetiche distribuite (DER) e dei dati provenienti dagli Edge. La sua caratteristica distintiva è la capacità di formare cluster dinamici di edifici, che si comportano come una “mente collettiva” in grado di adattarsi in tempo reale alle fluttuazioni della domanda e dell’offerta energetica, nonché agli eventi ambientali e sociali. Tale intelligenza collettiva è resa possibile da

---

[DOCUMENTO ID: synthetic_data_AETERNA\Volume_02_architettura_di_sistema_a_tre_livelli.md:0:39] (Rerank Score: 0.90)
L’implementazione del livello Fog in AETERNA consente di realizzare una micro-rete urbana che va ben oltre la semplice somma delle sue parti. La capacità di aggregare e coordinare dinamicamente edifici e risorse energetiche a livello di quartiere introduce una resilienza strutturale senza precedenti: i cluster Fog possono adattarsi in tempo reale a blackout, picchi di domanda, eventi climatici estremi o variazioni sociali (es. manifestazioni, emergenze). L’intelligenza collettiva distribuita permette di ottimizzare l’autoconsumo locale, ridurre le perdite di rete, massimizzare l’efficienza degli scambi P2P e implementare policy di sostenibilità avanzate (Kyoto 2.0) direttamente dove si genera e consuma l’energia. La struttura modulare e",2,1.0
In che modo l’adozione di database vettoriali nel livello Cloud del framework AETERNA contribuisce sia all’analisi predittiva dei pattern di consumo energetico sia alla personalizzazione delle strategie di bilanciamento delle micro-reti?,"L’adozione di database vettoriali nel livello Cloud del framework AETERNA consente la memorizzazione efficiente di milioni di pattern storici e real-time di consumo energetico, rappresentati come vettori ad alta dimensionalità tramite embedding AI. Questi database permettono la ricerca semantica tra pattern, il rilevamento di anomalie e il clustering di utenti o prosumer con comportamenti affini, accelerando inferenze, raccomandazioni e simulazioni tramite nearest neighbor search. In questo modo, il sistema può identificare pattern ricorrenti, outlier e cluster di consumo con impatto strategico, abilitando analisi predittive accurate e la personalizzazione delle strategie di bilanciamento delle micro-reti in risposta a scenari dinamici e complessi. La ricerca semantica sui vettori permette inoltre di adattare dinamicamente le strategie di bilanciamento e pricing, massimizzando l’efficienza e la resilienza del sistema.",media,"L’adozione di database vettoriali nel livello Cloud del framework AETERNA contribuisce in modo determinante sia all’analisi predittiva dei pattern di consumo energetico, sia alla personalizzazione delle strategie di bilanciamento delle micro-reti, grazie a diversi meccanismi integrati:

1. Analisi predittiva dei pattern di consumo energetico:
- I database vettoriali permettono la memorizzazione efficiente di milioni di pattern storici e in tempo reale, rappresentati come vettori ad alta dimensionalità.
- Consentono di effettuare ricerca semantica basata su similarità tra pattern, individuazione precoce di anomalie e clustering di utenti/prosumers con comportamenti affini.
- Queste funzionalità accelerano le inferenze AI-driven, rendendo possibile anticipare tendenze di consumo, prevedere picchi della domanda ed eseguire simulazioni predittive (nearest neighbor search, embedding AI).
- L’analisi su ampia scala abilitata nel Cloud consente di spostare la prospettiva dalla gestione locale a una visione macro, ottimizzando allocazione delle risorse e compliance normativa in modo proattivo e resiliente.

2. Personalizzazione delle strategie di bilanciamento delle micro-reti:
- Il Cloud, tramite l’analisi avanzata dei database vettoriali, individua pattern di consumo emergenti e permette l’adattamento dinamico e data-driven delle strategie di bilanciamento e pricing.
- Le strategie di allocazione delle risorse vengono costantemente riviste sulla base degli insight estratti dai metadati energetici, ottimizzando la distribuzione su scala nazionale e regionale ma anche adattandosi localmente alle necessità delle singole micro-reti.
- La ricerca semantica su dati vettoriali consente di definire politiche di load balancing altamente personalizzate, allineando le decisioni operative alle caratteristiche specifiche dei cluster di consumo rilevati in tempo reale, massimizzando efficienza, resilienza e sostenibilità del sistema.

In sintesi, i database vettoriali sono il cuore dell’intelligenza analitica centralizzata del framework AETERNA: abilitano previsioni rapide e accurate e una personalizzazione scalabile delle strategie di controllo e bilanciamento delle micro-reti, con benefici tangibili su efficienza operativa e sostenibilità complessiva.","[1.0, 1.0, 0.9, 1.0, 0.8, 0.6]","[DOCUMENTO ID: synthetic_data_AETERNA\Volume_02_architettura_di_sistema_a_tre_livelli.md:0:53] (Rerank Score: 1.00)
L’introduzione del livello Cloud, con la centralizzazione e l’analisi avanzata dei metadati energetici tramite database vettoriali, trasforma radicalmente la capacità del sistema AETERNA di rispondere alle sfide dell’autarchia energetica urbana. La possibilità di individuare pattern di consumo emergenti, anticipare anomalie e ottimizzare la distribuzione delle risorse su scala nazionale consente una gestione proattiva e resiliente delle micro-reti. L’approccio data-driven, abilitato dalla ricerca semantica sui vettori, permette di adattare dinamicamente le strategie di bilanciamento e pricing, massimizzando l’efficienza e la sostenibilità del sistema. Inoltre, la rigorosa governance e la compliance garantite dagli standard Kyoto 2.0 e dalla blockchain Bit-Energy

---

[DOCUMENTO ID: synthetic_data_AETERNA\Volume_02_architettura_di_sistema_a_tre_livelli.md:0:46] (Rerank Score: 1.00)
2. Database Vettoriali per Pattern di Consumo

Motivazione e Scelta Tecnologica

I pattern di consumo energetico, caratterizzati da sequenze temporali multivariabili, sono rappresentabili come vettori ad alta dimensionalità. L’adozione di database vettoriali (ad es. Pinecone, Milvus, Weaviate) consente:

Memorizzazione efficiente di milioni di pattern storici e real-time.

Ricerca semantica: Similarità tra pattern, rilevamento di anomalie, clustering di utenti/prosumer con comportamenti affini.

Supporto AI: Accelerazione di inferenze, raccomandazioni e simulazioni tramite nearest neighbor search e embedding AI-driven.

Pipeline di Ingestione e Indicizzazione

---

[DOCUMENTO ID: synthetic_data_AETERNA\Volume_02_architettura_di_sistema_a_tre_livelli.md:0:42] (Rerank Score: 0.90)
Il livello Cloud del framework AETERNA rappresenta la dimensione più elevata dell’architettura, preposta alla raccolta, normalizzazione e analisi strategica dei metadati energetici provenienti dai livelli sottostanti (Edge e Fog). In questa sede, la visione si sposta dalla gestione locale e di quartiere verso una prospettiva macroeconomica, abilitando la pianificazione e l’ottimizzazione delle risorse su scala urbana, regionale e nazionale. Il Cloud funge da “cervello centrale”, elaborando pattern di consumo, generazione e scambio energetico, e traducendo tali informazioni in strategie di allocazione predittiva, compliance normativa e governance sistemica. L’adozione di database vettoriali per la persistenza e la ricerca semantica dei pattern di consumo costituisce un elemento chiave per

===

[DOCUMENTO ID: synthetic_data_AETERNA\Volume_02_architettura_di_sistema_a_tre_livelli.md:0:53] (Rerank Score: 1.00)
L’introduzione del livello Cloud, con la centralizzazione e l’analisi avanzata dei metadati energetici tramite database vettoriali, trasforma radicalmente la capacità del sistema AETERNA di rispondere alle sfide dell’autarchia energetica urbana. La possibilità di individuare pattern di consumo emergenti, anticipare anomalie e ottimizzare la distribuzione delle risorse su scala nazionale consente una gestione proattiva e resiliente delle micro-reti. L’approccio data-driven, abilitato dalla ricerca semantica sui vettori, permette di adattare dinamicamente le strategie di bilanciamento e pricing, massimizzando l’efficienza e la sostenibilità del sistema. Inoltre, la rigorosa governance e la compliance garantite dagli standard Kyoto 2.0 e dalla blockchain Bit-Energy

---

[DOCUMENTO ID: synthetic_data_AETERNA\Volume_02_architettura_di_sistema_a_tre_livelli.md:0:42] (Rerank Score: 0.80)
Il livello Cloud del framework AETERNA rappresenta la dimensione più elevata dell’architettura, preposta alla raccolta, normalizzazione e analisi strategica dei metadati energetici provenienti dai livelli sottostanti (Edge e Fog). In questa sede, la visione si sposta dalla gestione locale e di quartiere verso una prospettiva macroeconomica, abilitando la pianificazione e l’ottimizzazione delle risorse su scala urbana, regionale e nazionale. Il Cloud funge da “cervello centrale”, elaborando pattern di consumo, generazione e scambio energetico, e traducendo tali informazioni in strategie di allocazione predittiva, compliance normativa e governance sistemica. L’adozione di database vettoriali per la persistenza e la ricerca semantica dei pattern di consumo costituisce un elemento chiave per

---

[DOCUMENTO ID: synthetic_data_AETERNA\Volume_06_algoritmi_di_ottimizzazione_energetica.md:0:14] (Rerank Score: 0.60)
Nel contesto delle micro-reti energetiche decentralizzate, la gestione dinamica dei carichi computazionali e di rete rappresenta una sfida fondamentale per garantire la continuità operativa, la scalabilità e la resilienza dell’infrastruttura distribuita. In particolare, l’architettura multilivello di AETERNA – articolata su Edge, Fog e Cloud – impone la necessità di strategie di bilanciamento che siano in grado di adattarsi in tempo reale alle fluttuazioni della domanda, alle variazioni delle condizioni ambientali e agli eventi imprevisti, quali guasti o congestioni locali. La natura containerizzata e cloud-native dei microservizi, unita alla presenza di pipeline asincrone e workflow orchestrati, richiede algoritmi di load balancing in grado di operare su più livelli e con",3,0.75
"Quali sono le principali strategie multilivello adottate da AETERNA per garantire la continuità operativa e la resilienza del servizio energetico in presenza di latenze critiche, e come queste strategie si integrano con i meccanismi di monitoraggio real-time e l’enforcement degli SLA attraverso Kyoto 2.0 e Bit-Energy?","Le principali strategie multilivello adottate da AETERNA per garantire la continuità operativa e la resilienza del servizio energetico in presenza di latenze critiche includono la segmentazione architetturale su tre livelli (Edge, Fog, Cloud) con SLA di latenza rigorosi e differenziati, l’implementazione di strategie di mitigazione specifiche per ciascun livello (come edge caching, buffer circolari, failover locale, load balancing, micro-batching, circuit breaker, geo-redundancy, backpressure e throttling), e l’adozione di protocolli di comunicazione prioritari con fallback per la resilienza. Queste strategie si integrano con meccanismi di monitoraggio real-time tramite telemetry distribuita (Prometheus/OpenTelemetry), heartbeat, tracing end-to-end (Jaeger/OpenTracing), alerting predittivo basato su AI/ML per il rilevamento di anomalie di latenza, e un policy engine OPA che monitora il rispetto degli SLA e applica penalità o incentivi automatici attraverso Bit-Energy. L’enforcement degli SLA e la compliance agli standard sono garantiti anche tramite smart contract Kyoto 2.0, assicurando trasparenza, tracciabilità e auditabilità delle performance di rete.",difficile,"Ecco una sintesi delle principali strategie multilivello adottate da AETERNA per garantire la continuità operativa e la resilienza del servizio energetico in scenari di latenze critiche, e la loro integrazione con monitoraggio real-time e enforcement SLA attraverso Kyoto 2.0 e Bit-Energy:

### 1. Strategie Multilivello per la Continuità e Resilienza

- **Architettura Edge–Fog–Cloud:** 
  - Livello Edge (H-Node): raccolta in tempo reale di metriche granulari su hardware e consumo, con buffering locale e trasmissione sicura.
  - Livello Fog (quartiere): aggregazione, normalizzazione e primo livello di analisi/event management, gestione trend e soglie di allerta.
  - Livello Cloud: supervisione macro, orchestrazione centralizzata delle policy, analisi predittiva su larga scala, dashboard unificate.

- **Gestione degli Errori:**
  - Retry intelligenti e circuit breaker adattivi.
  - Fallback controllati per isolare i guasti e ridurre il rischio di outage.
  - Meccanismi proattivi per isolare, sostituire o reindirizzare dipendenze esterne.
  - Multi-vendor/multi-cloud e health-check proattivi con piani di fallback e contratti SLA con clausole di emergenza.

- **Strategie per l’Energia:**
  - Accumulo elettrochimico distribuito e compensazione reattiva.
  - Demand response intelligente per ridurre rischi di blackout.
  - Storage dati/eventi distribuito a tutti i livelli per garantire persistenza anche in condizioni di guasto.

### 2. Monitoraggio Real-Time

- **Monitoraggio Multilivello e Osservabilità:**
  - Raccolta sistematica di telemetria e tracciamento eventi su ogni livello (Edge–Fog–Cloud).
  - Integrazione di SIEM per sicurezza, audit log centralizzati, e dashboard in tempo reale.
  - Strategie di alerting su più livelli: statici, dinamici (AI-driven) e compositi, con escalation automatizzate e remediation proattiva.
  - Correlazione di eventi sul bus di eventi distribuito per risposte rapide a incidenti e latenze.

### 3. Enforcement degli SLA tramite Kyoto 2.0 e Bit-Energy

- **Kyoto 2.0:** 
  - Standard proprietario per la certificazione delle performance ambientali e operative.
  - Indicatori specifici su bilanciamento, riduzione emissioni e trading P2P, integrati nei processi di audit e reporting centralizzati su tutti i livelli.

- **Bit-Energy Compliance Suite:** 
  - Smart contract e policy digitali per la notarizzazione di eventi critici, la tracciabilità delle transazioni energetiche, la gestione di key performance e auditabilità blockchain.
  - Audit multilivello derivati dagli standard ISO e Kyoto 2.0 su tutti gli strati (Edge, Fog, Cloud).
  - Penali, responsabilità e procedure di revisione automatizzata integrate nelle logiche di enforcement.
  - Tracciamento end-to-end (notarizzazione su blockchain) di tutte le violazioni agli SLA e delle azioni correttive.

- **Integrazione operativa:**
  - Quando si rilevano latenze critiche o violazioni SLA, la piattaforma attiva procedure di remediation (failover, routing alternativo, restart) e produce eventi notarizzati su Bit-Energy.
  - Tutti i flussi, dalle metriche in tempo reale alle azioni correttive, sono auditabili in conformità Kyoto 2.0.

---

**In sintesi:** 
AETERNA integra strategie multilivello architetturali e di automazione (Edge–Fog–Cloud, fallback, alerting proattivo) con sistemi di monitoraggio avanzato, garantendo resilienza e risposta tempestiva. Il rispetto e l’enforcement degli SLA, anche ambientali, sono rafforzati dalla notarizzazione blockchain (Bit-Energy) e dagli standard Kyoto 2.0, assicurando trasparenza, auditabilità e conformità normativa, anche in condizioni di latenze critiche.","[1.0, 1.0, 0.9, 0.9, 0.9, 1.0, 1.0, 1.0, 1.0, 1.0, 1.0, 1.0, 0.9, 0.9, 0.9]","[DOCUMENTO ID: synthetic_data_AETERNA\Volume_02_architettura_di_sistema_a_tre_livelli.md:0:56] (Rerank Score: 1.00)
La gestione delle latenze critiche rappresenta un pilastro fondamentale nella progettazione e nell’operatività del framework AETERNA, in particolare per garantire la continuità, la resilienza e la qualità del servizio energetico in scenari di alta variabilità o crisi (ad esempio blackout localizzati, congestioni di rete, attacchi informatici o eventi climatici estremi). In un’architettura multilivello come quella di AETERNA — articolata su Edge (H-Node domestici), Fog (cluster di quartiere) e Cloud (analisi macro e governance) — la propagazione tempestiva delle informazioni e degli attuatori è essenziale per evitare fenomeni di instabilità, oscillazioni nei bilanciamenti predittivi e violazioni degli SLA (Service Level Agreement) energetici. La latenza, intesa come

---

[DOCUMENTO ID: synthetic_data_AETERNA\Volume_05_protocolli_di_comunicazione_e_interfacce.md:0:56] (Rerank Score: 1.00)
L’adozione delle strategie multilivello di gestione degli errori e resilienza descritte in questo capitolo conferisce al framework AETERNA una robustezza architetturale in grado di sostenere scenari di fault complessi, tipici di ambienti distribuiti e mission critical come le micro-reti energetiche urbane. L’integrazione di retry intelligenti, circuit breaker adattivi, fallback controllati e sistemi di monitoraggio/logging avanzati riduce drasticamente il rischio di outage prolungati, garantendo la continuità dei servizi essenziali anche in presenza di failure parziali o temporanee. L’approccio proattivo e la tracciabilità completa degli errori, abilitata dalla notarizzazione su Bit-Energy Ledger, rafforzano la compliance normativa (Kyoto 2.0, GDPR) e la fiducia degli stakeholder. In

---

[DOCUMENTO ID: synthetic_data_AETERNA\Volume_10_gestione_delle_emergenze_e_continuità_operativa.md:0:69] (Rerank Score: 0.90)
La resilienza operativa del Progetto AETERNA, in quanto ecosistema energetico federato e distribuito, dipende in misura critica dalla gestione delle dipendenze esterne. Tali dipendenze includono fornitori di servizi cloud, API di terze parti, infrastrutture condivise e componenti di supporto non direttamente controllati dal dominio AETERNA. In scenari di emergenza – quali indisponibilità di provider, degradazione dei servizi, attacchi informatici o eventi infrastrutturali avversi – la capacità di isolare, sostituire o reindirizzare tali dipendenze rappresenta un elemento chiave per la continuità operativa e la prevenzione di single point of failure. L’approccio adottato da AETERNA si fonda su una strategia multi-vendor e multi-cloud, integrando meccanismi

---

[DOCUMENTO ID: synthetic_data_AETERNA\Volume_11_integrazione_con_le_energie_rinnovabili.md:0:24] (Rerank Score: 0.90)
L’adozione di una strategia multilivello per la gestione dell’intermittenza nel Progetto AETERNA comporta benefici sostanziali sia in termini di affidabilità della rete che di ottimizzazione delle risorse. La combinazione di accumulo elettrochimico, compensazione reattiva e demand response consente di ridurre drasticamente le oscillazioni di frequenza e tensione, minimizzando il rischio di black-out e migliorando la qualità della fornitura. La notarizzazione degli eventi critici su Bit-Energy Blockchain garantisce trasparenza, auditabilità e compliance con gli standard interni (Kyoto 2.0), mentre la modularità dei protocolli e delle configurazioni operative assicura scalabilità e adattabilità a scenari futuri. In prospettiva, tali soluzioni pongono le basi per

---

[DOCUMENTO ID: synthetic_data_AETERNA\Volume_11_integrazione_con_le_energie_rinnovabili.md:0:27] (Rerank Score: 0.90)
L’accumulo energetico distribuito rappresenta un pilastro architetturale imprescindibile per la realizzazione della visione autarchica e decentralizzata del Progetto AETERNA. In un contesto urbano caratterizzato da elevata densità di utenze, variabilità dei carichi e presenza di fonti energetiche rinnovabili non programmabili, la capacità di immagazzinare, gestire e rendere disponibili le risorse energetiche e i dati associati in modo distribuito costituisce la chiave per la resilienza e la scalabilità del sistema. L’architettura multilivello di AETERNA, articolata su Edge, Fog e Cloud, trova nel sottosistema di storage distribuito il meccanismo di persistenza e buffering dei dati e degli eventi critici, assicurando la continuità operativa anche in

===

[DOCUMENTO ID: synthetic_data_AETERNA\Volume_05_protocolli_di_comunicazione_e_interfacce.md:0:93] (Rerank Score: 1.00)
Strategie di Alerting

Le strategie di alerting adottate nel progetto AETERNA sono multilivello e prevedono:

Alert Statici: Basati su soglie predefinite, attivati al superamento di limiti noti (es. latenza, error rate).

Alert Dinamici: Basati su analisi di baseline e modelli predittivi (AI-driven) che identificano anomalie rispetto ai pattern storici.

Alert Compositi: Generati dalla correlazione di più metriche (es. incremento simultaneo di latenza e errori TLS).

Escalation Automatizzata: In caso di alert critici, il sistema esegue azioni di auto-remediation (es. failover, restart, rotazione certificati) e notifica i team responsabili.

---

[DOCUMENTO ID: synthetic_data_AETERNA\Volume_08_gestione_dei_dati_e_privacy.md:0:86] (Rerank Score: 1.00)
In AETERNA, tale processo si articola attraverso l’integrazione di sistemi di audit log centralizzati, piattaforme SIEM (Security Information and Event Management) e dashboard di monitoraggio in tempo reale, in sinergia con workflow automatici di notifica per la gestione degli eventi critici.

---

[DOCUMENTO ID: synthetic_data_AETERNA\Volume_05_protocolli_di_comunicazione_e_interfacce.md:0:84] (Rerank Score: 1.00)
Nel contesto di una micro-rete energetica urbana decentralizzata come AETERNA, la visibilità operativa in tempo reale rappresenta un prerequisito imprescindibile per garantire affidabilità, scalabilità e resilienza del sistema. Il monitoraggio delle interfacce di comunicazione e la raccolta sistematica di dati di telemetria consentono di rilevare tempestivamente anomalie, colli di bottiglia e degradazioni prestazionali, abilitando interventi proattivi e automatizzati. In particolare, la natura distribuita e stratificata di AETERNA—che si articola su livelli Edge, Fog e Cloud—impone una strategia di osservabilità multi-livello, in grado di correlare eventi a livello di microservizio, infrastruttura e dominio energetico. L’adozione di strumenti open-source

---

[DOCUMENTO ID: synthetic_data_AETERNA\Volume_14_monitoraggio,_telemetria_e_analisi_predittiva.md:0:129] (Rerank Score: 1.00)
Specifiche Tecniche e Protocolli

Architettura del Sistema di Monitoraggio

Il sistema di monitoraggio di AETERNA si articola su tre livelli, riflettendo la stratificazione Edge–Fog–Cloud del framework:

Cloud Layer: Supervisione centralizzata, aggregazione e analisi macro delle metriche, orchestrazione delle policy di monitoraggio, dashboard unificate e motore di correlazione eventi cross-domain.

Fog Layer: Aggregazione locale delle metriche provenienti dai nodi Edge, normalizzazione dei dati, pre-elaborazione e forwarding selettivo verso il Cloud Layer.

Edge Layer: Raccolta in tempo reale delle metriche di sistema e applicative dai nodi H-Node domestici, con buffering locale e trasmissione sicura verso il Fog Layer.

Integrazioni Supportate

---

[DOCUMENTO ID: synthetic_data_AETERNA\Volume_10_gestione_delle_emergenze_e_continuità_operativa.md:0:57] (Rerank Score: 1.00)
Specifiche Tecniche e Protocolli

Architettura del Sistema di Monitoraggio

Il sistema di monitoraggio proattivo di AETERNA è strutturato su tre livelli, ciascuno dotato di agenti di telemetria e moduli di analisi locale, federati tramite un bus di eventi distribuito:

Edge (H-Node): Raccolta di metriche granulari su risorse hardware, produzione/consumo energetico, stato dei dispositivi IoT, sicurezza locale.

Fog (Quartiere): Aggregazione, normalizzazione e correlazione eventi provenienti dagli Edge, analisi di trend e pattern anomali, gestione delle soglie di allerta.

Cloud (Macro-analisi): Analisi predittiva su larga scala, orchestrazione delle risposte automatizzate, audit e reporting centralizzato.

===

[DOCUMENTO ID: synthetic_data_AETERNA\Volume_16_sostenibilità_ambientale_e_impatto_sociale.md:0:132] (Rerank Score: 1.00)
Kyoto 2.0 (Standard Interno AETERNA):

Framework proprietario per la valutazione e la certificazione delle performance ambientali delle micro-reti, con indicatori specifici per il bilanciamento energetico, la riduzione delle emissioni e l’efficienza dei processi di trading P2P.

Bit-Energy Compliance Suite:

Insieme di smart contract e policy digitali per la tracciabilità delle transazioni, la gestione delle credenziali formative e il monitoraggio dei comportamenti virtuosi (es. autoconsumo, partecipazione a campagne di sostenibilità).

3. Procedure di Audit e Reporting

Audit Interno Multilivello:

Programmazione di audit periodici su tutti i livelli (Edge, Fog, Cloud), con check-list derivate dagli standard ISO 14001, SA8000 e Kyoto 2.0.

---

[DOCUMENTO ID: synthetic_data_AETERNA\Volume_11_integrazione_con_le_energie_rinnovabili.md:0:24] (Rerank Score: 1.00)
L’adozione di una strategia multilivello per la gestione dell’intermittenza nel Progetto AETERNA comporta benefici sostanziali sia in termini di affidabilità della rete che di ottimizzazione delle risorse. La combinazione di accumulo elettrochimico, compensazione reattiva e demand response consente di ridurre drasticamente le oscillazioni di frequenza e tensione, minimizzando il rischio di black-out e migliorando la qualità della fornitura. La notarizzazione degli eventi critici su Bit-Energy Blockchain garantisce trasparenza, auditabilità e compliance con gli standard interni (Kyoto 2.0), mentre la modularità dei protocolli e delle configurazioni operative assicura scalabilità e adattabilità a scenari futuri. In prospettiva, tali soluzioni pongono le basi per

---

[DOCUMENTO ID: synthetic_data_AETERNA\Volume_10_gestione_delle_emergenze_e_continuità_operativa.md:0:70] (Rerank Score: 0.90)
da AETERNA si fonda su una strategia multi-vendor e multi-cloud, integrando meccanismi di health-check proattivi, piani di fallback automatico, contratti SLA con clausole di emergenza e una documentazione tecnica delle interfacce costantemente aggiornata. Questo assetto consente una risposta tempestiva e automatizzata agli eventi di indisponibilità, minimizzando l’impatto sulle funzioni core del sistema e garantendo la compliance agli standard interni (Kyoto 2.0, Bit-Energy).

---

[DOCUMENTO ID: synthetic_data_AETERNA\Volume_19_aspetti_legali,_regolatori_e_normativi.md:0:73] (Rerank Score: 0.90)
L’implementazione rigorosa delle specifiche contrattuali e degli SLA descritti in questo capitolo produce un impatto determinante sull’affidabilità, la trasparenza e la scalabilità del Progetto AETERNA. La formalizzazione di responsabilità, metriche e penali, unita all’integrazione di allegati tecnici (Registro Licenze, SBOM, Matrice di Compatibilità), consente di minimizzare i rischi operativi e legali, garantendo la conformità agli standard interni (Kyoto 2.0, Bit-Energy) e alle normative di settore. I meccanismi di revisione automatizzata e auditabilità su blockchain assicurano la tracciabilità delle modifiche e la tempestiva gestione delle anomalie, rendendo la piattaforma idonea a scenari multi-cloud e multi-fornitore ad alta complessità. In ultima

---

[DOCUMENTO ID: synthetic_data_AETERNA\Volume_11_integrazione_con_le_energie_rinnovabili.md:0:54] (Rerank Score: 0.90)
Fiducia e valore di mercato: La possibilità di associare certificati digitali a token Bit-Energy abilitando il trading P2P di energia certificata rappresenta un vantaggio competitivo, rafforzando la fiducia degli stakeholder e la reputazione del sistema AETERNA.

Compliance normativa: Il rispetto rigoroso delle policy Kyoto 2.0 e la tracciabilità end-to-end dei lotti energetici permettono ad AETERNA di anticipare e superare i requisiti normativi, posizionandosi come modello di riferimento per la gestione sostenibile e trasparente delle micro-reti urbane.",3,0.75
Qual è il costo medio di implementazione di un modulo Pulse Master su ciascun H-Node in una micro-rete energetica conforme alle policy Kyoto 2.0?,L'informazione non è disponibile nel testo,impossibile,"Dall’analisi dei documenti AETERNA, non sono riportati costi specifici e granulari riferiti esclusivamente al modulo Pulse Master su singolo H-Node. Tuttavia, si possono estrarre informazioni utili per una stima realistica basata sulle voci di costo di implementazione di un cluster di H-Node in una micro-rete conforme alle policy Kyoto 2.0.

### Ripartizione costi medi (valori riferiti a un cluster tipo di 1000 H-Node)

- **CAPEX Hardware H-Node (inclusivo di ricevitore GPS e Pulse Master):** 250.000 €/1000 H-Node → 250 €/H-Node 
- **Licenze software (incluso orchestratori, moduli AI, compliance Kyoto 2.0):** 60.000 €/1000 H-Node → 60 €/H-Node
- **Manutenzione e OPEX annuo (quota parte per H-Node, inclusi aggiornamenti a policy Kyoto 2.0, supporto, consumi):** 10.000 + 12.000 + 15.000 + 8.000 € ≈ 45 €/H-Node/anno

### Stima costo medio implementazione modulo Pulse Master su ciascun H-Node
- **Quota una tantum implementativa (hardware + software):** Circa **310 € per H-Node**
- **Quota OPEX annua:** Circa **45–47 €/H-Node/anno**

### Specificità Kyoto 2.0
- La quota software comprende già moduli di compliance, audit metrico e tagging Kyoto 2.0, come richiesto dalle policy attuali.
- Il Pulse Master risulta essere parte integrante dell’H-Node, incidendo sul costo hardware (ricevitore GPS integrato) e sulla licenza software (incluso sistema di validazione, anti-spoofing, replica temporale e API di sincronizzazione/audit).

**Nota:** Questi valori sono basati su simulazioni e modelli generici di business plan consultabili nella documentazione AETERNA. Per personalizzazioni o funzioni avanzate (es. micro-rete con requisiti di resilienza o sicurezza superiori), i costi potrebbero subire variazioni.

Se necessiti di dettaglio sulla sola quota “Pulse Master” rispetto all’H-Node completo, oppure breakdown per cluster di dimensione diversa, posso effettuare un calcolo di stima (bottom-up) sui soli componenti temporali. Fammi sapere!","[0.7, 0.6, 0.6, 0.6, 0.3, 0.7, 0.7, 0.7, 0.6, 0.6, 1.0, 0.7, 0.6, 0.3, 0.3]","[DOCUMENTO ID: synthetic_data_AETERNA\Volume_02_architettura_di_sistema_a_tre_livelli.md:0:74] (Rerank Score: 0.70)
Replica locale dello stato temporale: ogni H-Node mantiene una history circolare degli ultimi 1024 timestamp validati, per rollback e audit.

Watchdog hardware/software: verifica periodica della coerenza temporale, trigger di failover in caso di mismatch persistenti.

4. Interfacce e API

Pulse API (gRPC/Protobuf): endpoint per richieste di sync, push di timestamp, retrieval dello skew attuale, subscription a eventi di drift.

Pulse Metrics (Prometheus/OpenTelemetry): esportazione di metriche p99, p95, p50, max, min dello skew, tagging Kyoto 2.0 per audit e compliance.

Pulse Events (Kafka Streams/REST): propagazione di eventi di drift, failover, recovery, con tracciamento end-to-end via Jaeger/OpenTracing.

Diagramma e Tabelle

Diagramma Mermaid – Flusso di Sincronizzazione Pulse

---

[DOCUMENTO ID: synthetic_data_AETERNA\Volume_02_architettura_di_sistema_a_tre_livelli.md:0:71] (Rerank Score: 0.60)
Pulse Cloud Orchestrator: componente di governance in Cloud, mantiene una mappa globale dello skew temporale e fornisce feedback di correzione ai cluster Fog.

2. Sincronizzazione tramite Segnali GPS

a. Ricezione e Validazione

Ogni H-Node domestico integra un ricevitore GPS a basso consumo, configurato per estrarre i dati temporali UTC dal segnale NMEA (National Marine Electronics Association). Il modulo Pulse Master esegue:

Parsing del pacchetto NMEA GPRMC per estrarre timestamp UTC con risoluzione sub-millisecondo.

Validazione della qualità del segnale tramite SNR (Signal-to-Noise Ratio) e verifica della costellazione visibile (>4 satelliti per ridondanza).

---

[DOCUMENTO ID: synthetic_data_AETERNA\Volume_02_architettura_di_sistema_a_tre_livelli.md:0:70] (Rerank Score: 0.60)
Specifiche Tecniche e Protocolli

1. Architettura del Protocollo Pulse

Pulse è implementato come layer trasversale rispetto agli stack di comunicazione Edge, Fog e Cloud, operando sia in modalità push (broadcast periodico) che pull (on-demand sync) a seconda del contesto operativo e del livello di criticità. Il protocollo prevede i seguenti componenti:

Pulse Master: modulo residente su ogni H-Node dotato di ricevitore GPS, responsabile della ricezione, validazione e propagazione dei timestamp.

Pulse Aggregator: nodo logico presente a livello Fog, aggrega i segnali temporali provenienti dagli H-Node e funge da relay e validatore di coerenza.

---

[DOCUMENTO ID: synthetic_data_AETERNA\Volume_02_architettura_di_sistema_a_tre_livelli.md:0:72] (Rerank Score: 0.60)
Applicazione di filtri anti-spoofing: confronto tra timestamp GPS e orologio interno, verifica della coerenza con segnali NTP/PTP locali, detection di salti anomali (>10ms).

b. Distribuzione del Tempo

Broadcast periodico Pulse: ogni H-Node trasmette il proprio timestamp GPS validato ai peer del cluster Fog ogni 100ms (configurabile via policy Kyoto 2.0).

Pulse Aggregator esegue majority voting e seleziona il timestamp di riferimento, propagandolo come ""Fog Pulse"" a tutti i nodi del cluster.

In caso di disconnessione dal GPS (es. indoor, jamming), il nodo utilizza la media pesata dei peer come fallback, mantenendo lo skew massimo sotto i 5ms.

c. Sincronizzazione Edge-Fog-Cloud

---

[DOCUMENTO ID: synthetic_data_AETERNA\Volume_01_visione_globale_e_filosofia_di_aeterna.md:0:6] (Rerank Score: 0.30)
Bit-Energy Exchange: Protocollo P2P per lo scambio di energia tra H-Node.

Secure Device Authentication: Autenticazione hardware tramite credenziali crittografiche.

Standard Kyoto 2.0: Monitoraggio continuo delle emissioni e reporting automatico.

b) Livello Fog (Quartiere)

Funzionalità: Coordinamento tra cluster di H-Node, gestione delle emergenze, aggregazione dati.

Protocolli:

Fog Consensus: Algoritmo di consenso distribuito per la validazione delle transazioni energetiche.

Dynamic Topology Management: Riconfigurazione automatica delle connessioni tra cluster.

Standard Kyoto 2.0: Audit periodico della resilienza e simulazioni di failover.

c) Livello Cloud (Analisi Macro)

===

[DOCUMENTO ID: synthetic_data_AETERNA\Volume_01_visione_globale_e_filosofia_di_aeterna.md:0:6] (Rerank Score: 0.70)
Bit-Energy Exchange: Protocollo P2P per lo scambio di energia tra H-Node.

Secure Device Authentication: Autenticazione hardware tramite credenziali crittografiche.

Standard Kyoto 2.0: Monitoraggio continuo delle emissioni e reporting automatico.

b) Livello Fog (Quartiere)

Funzionalità: Coordinamento tra cluster di H-Node, gestione delle emergenze, aggregazione dati.

Protocolli:

Fog Consensus: Algoritmo di consenso distribuito per la validazione delle transazioni energetiche.

Dynamic Topology Management: Riconfigurazione automatica delle connessioni tra cluster.

Standard Kyoto 2.0: Audit periodico della resilienza e simulazioni di failover.

c) Livello Cloud (Analisi Macro)

---

[DOCUMENTO ID: synthetic_data_AETERNA\Volume_12_interfacciamento_con_la_mobilità_elettrica.md:0:4] (Rerank Score: 0.70)
Edge Layer (H-Node + HEMS): Ogni H-Node domestico integra un modulo HEMS (Home Energy Management System) dotato di interfaccia OCPP 2.0.1 verso i punti di ricarica e modulo MQTT per la comunicazione con il Fog Layer. Il HEMS gestisce:

Il monitoraggio dello stato di carica del VE (SoC, State of Charge).

L’applicazione delle policy di smart charging/V2G definite dall’utente e/o dal sistema.

L’autenticazione tramite DID e la gestione delle autorizzazioni di scambio energetico.

Il tagging Kyoto 2.0 per la tracciabilità delle sessioni.

---

[DOCUMENTO ID: synthetic_data_AETERNA\Volume_20_business_model,_scalabilità_e_sostenibilità_economica.md:0:31] (Rerank Score: 0.70)
Specifiche Tecniche e Protocolli

Struttura dei Costi: CAPEX e OPEX

L’analisi economica del progetto distingue in modo netto tra costi capitalizzati (CAPEX) e costi operativi (OPEX), adottando metriche di misurazione standardizzate riconosciute a livello internazionale (es. Total Cost of Ownership, TCO).

CAPEX: Comprende l’acquisizione e l’installazione delle infrastrutture hardware (H-Node, gateway Fog, cluster Cloud), le licenze software (inclusi moduli AI, orchestratori Kubernetes, middleware di compliance Kyoto 2.0), la formazione specialistica del personale tecnico e la configurazione iniziale delle pipeline CI/CD multi-cluster.

---

[DOCUMENTO ID: synthetic_data_AETERNA\Volume_02_architettura_di_sistema_a_tre_livelli.md:0:74] (Rerank Score: 0.60)
Replica locale dello stato temporale: ogni H-Node mantiene una history circolare degli ultimi 1024 timestamp validati, per rollback e audit.

Watchdog hardware/software: verifica periodica della coerenza temporale, trigger di failover in caso di mismatch persistenti.

4. Interfacce e API

Pulse API (gRPC/Protobuf): endpoint per richieste di sync, push di timestamp, retrieval dello skew attuale, subscription a eventi di drift.

Pulse Metrics (Prometheus/OpenTelemetry): esportazione di metriche p99, p95, p50, max, min dello skew, tagging Kyoto 2.0 per audit e compliance.

Pulse Events (Kafka Streams/REST): propagazione di eventi di drift, failover, recovery, con tracciamento end-to-end via Jaeger/OpenTracing.

Diagramma e Tabelle

Diagramma Mermaid – Flusso di Sincronizzazione Pulse

---

[DOCUMENTO ID: synthetic_data_AETERNA\Volume_02_architettura_di_sistema_a_tre_livelli.md:0:79] (Rerank Score: 0.60)
Ottimizzazione della distribuzione energetica: la precisione del clock universale Pulse consente ai moduli AI di bilanciamento predittivo di operare su dati temporali affidabili, migliorando la qualità delle previsioni e l’efficienza dei flussi energetici.

Compliance e auditabilità: la replica locale dello stato temporale e l’esportazione delle metriche con tagging Kyoto 2.0 permettono una tracciabilità end-to-end, facilitando audit, troubleshooting e verifica delle policy SLA.

Scalabilità e interoperabilità: la struttura modulare e le API standardizzate di Pulse facilitano l’integrazione di nuovi nodi, la gestione di micro-reti in isola e la federazione tra cluster Fog, abilitando scenari di crescita orizzontale e multi-tenant.

===

[DOCUMENTO ID: synthetic_data_AETERNA\Volume_20_business_model,_scalabilità_e_sostenibilità_economica.md:0:40] (Rerank Score: 1.00)
Tabella 1 – Sintesi Costi e Ricavi (Valori Simulati, per cluster Fog)

Voce CAPEX (€) OPEX annuo (€) Ricavo annuo stimato (€) Note Hardware H-Node (1000 unità) 250.000 10.000 - Inclusi gateway e sensori Licenze software 60.000 12.000 - Orchestratori, AI, compliance Formazione personale 20.000 2.000 - Aggiornamento continuo Manutenzione e supporto - 15.000 - Contratti terzi Consumi energetici - 8.000 - Ottimizzati via AI Monetizzazione API - - 45.000 Pay-per-use, subscription Marketplace P2P - - 60.000 Fee sulle transazioni Bit-Energy Servizi premium - - 20.000 Profilazione, reportistica avanzata Totale 330.000 47.000 125.000

Tabella 2 – Analisi ROI e Payback Period

---

[DOCUMENTO ID: synthetic_data_AETERNA\Volume_20_business_model,_scalabilità_e_sostenibilità_economica.md:0:32] (Rerank Score: 0.70)
OPEX: Include la manutenzione periodica delle componenti hardware e software, gli aggiornamenti delle policy di compliance Kyoto 2.0, il supporto tecnico di secondo e terzo livello, i consumi energetici delle infrastrutture (monitorati e ottimizzati tramite AI predittiva), i costi di scaling automatico (on-demand) e le fee di gestione dei ledger Bit-Energy.

Per ciascuna voce di spesa, sono stati definiti KPI quantitativi (es. costo medio per nodo, costo di aggiornamento per release, costo per transazione gestita, costo di compliance per segmento normativo), che alimentano il modello di calcolo TCO e consentono una valutazione comparativa tra diverse opzioni architetturali (es. monolitico vs containerizzato, scaling verticale vs orizzontale, single vs multi-cluster).

Modelli di Ricavo e Monetizzazione

---

[DOCUMENTO ID: synthetic_data_AETERNA\Volume_20_business_model,_scalabilità_e_sostenibilità_economica.md:0:31] (Rerank Score: 0.60)
Specifiche Tecniche e Protocolli

Struttura dei Costi: CAPEX e OPEX

L’analisi economica del progetto distingue in modo netto tra costi capitalizzati (CAPEX) e costi operativi (OPEX), adottando metriche di misurazione standardizzate riconosciute a livello internazionale (es. Total Cost of Ownership, TCO).

CAPEX: Comprende l’acquisizione e l’installazione delle infrastrutture hardware (H-Node, gateway Fog, cluster Cloud), le licenze software (inclusi moduli AI, orchestratori Kubernetes, middleware di compliance Kyoto 2.0), la formazione specialistica del personale tecnico e la configurazione iniziale delle pipeline CI/CD multi-cluster.

---

[DOCUMENTO ID: synthetic_data_AETERNA\Volume_02_architettura_di_sistema_a_tre_livelli.md:0:71] (Rerank Score: 0.30)
Pulse Cloud Orchestrator: componente di governance in Cloud, mantiene una mappa globale dello skew temporale e fornisce feedback di correzione ai cluster Fog.

2. Sincronizzazione tramite Segnali GPS

a. Ricezione e Validazione

Ogni H-Node domestico integra un ricevitore GPS a basso consumo, configurato per estrarre i dati temporali UTC dal segnale NMEA (National Marine Electronics Association). Il modulo Pulse Master esegue:

Parsing del pacchetto NMEA GPRMC per estrarre timestamp UTC con risoluzione sub-millisecondo.

Validazione della qualità del segnale tramite SNR (Signal-to-Noise Ratio) e verifica della costellazione visibile (>4 satelliti per ridondanza).

---

[DOCUMENTO ID: synthetic_data_AETERNA\Volume_20_business_model,_scalabilità_e_sostenibilità_economica.md:0:38] (Rerank Score: 0.30)
Diagramma e Tabelle

Diagramma Mermaid – Flusso Economico e Decisionale

graph TD
    A[""Inizio Investimento (CAPEX)""]
    B[""Implementazione Infrastruttura (Edge, Fog, Cloud)""]
    C[""Avvio Operatività (OPEX)""]
    D[""Automazione e Ottimizzazione (AI, CI/CD)""]
    E[""Riduzione Costi Operativi""]
    F[""Esposizione API e Monetizzazione Servizi""]
    G[""Generazione Ricavi (Marketplace, API, Premium)""]
    H[""Monitoraggio KPI e Benchmark""]
    I[""Analisi ROI e Sensitività""]
    J[""Decisioni di Scaling/Upgrade""]
    K[""Ritorno Economico e Sostenibilità""]",4,0.5
Qual è il ruolo del Fog Leader durante la modalità Fog-Independence?,"Durante la modalità Fog-Independence, il Fog Leader assume la responsabilità di coordinare il trading energetico P2P locale (Bit-Energy), gestire la sincronizzazione temporale tramite Pulse Aggregator, eseguire il bilanciamento predittivo tramite AI locale (modelli pre-addestrati, fallback su inferenza edge), e garantire la replica e la consistenza dei log delle transazioni e degli eventi tra i nodi Fog per assicurare la continuità operativa in assenza del coordinamento centrale fornito dal Cloud.",facile,"Durante la modalità Fog-Independence, il Fog Leader assume un ruolo centrale e operativo nei seguenti ambiti:

- Assunzione del Controllo Operativo: coordina localmente il trading energetico P2P (Bit-Energy), gestisce la sincronizzazione temporale tramite Pulse Aggregator, ed esegue il bilanciamento predittivo usando modelli di AI locale.
- Replica e Consistenza: garantisce la replica dei log delle transazioni e degli eventi tra i nodi Fog per assicurare consistenza e la ripartenza dopo un eventuale ripristino della connessione al Cloud.
- Election automatiska: se il collegamento con il Cloud si interrompe, il sistema attiva automaticamente una nuova elezione del Fog Leader tramite algoritmo Fast Paxos, scegliendo il nodo più affidabile e disponibile.
- Sincronizzazione Stato: usa snapshot locali e log di eventi per mantenere la coerenza e la continuità operativa, supplendo temporaneamente al Cloud.

In sintesi, il Fog Leader garantisce l’autonomia del cluster Fog, coordinando tutte le funzioni critiche e mantenendo il corretto funzionamento locale fino al ripristino della connessione col Cloud.","[1.0, 1.0, 1.0, 1.0, 1.0]","[DOCUMENTO ID: synthetic_data_AETERNA\Volume_02_architettura_di_sistema_a_tre_livelli.md:0:85] (Rerank Score: 1.00)
Assunzione del Controllo Operativo: Il Fog Leader assume la responsabilità di:

Coordinare il trading energetico P2P locale (Bit-Energy).

Gestire la sincronizzazione temporale tramite Pulse Aggregator.

Eseguire il bilanciamento predittivo tramite AI locale (modelli pre-addestrati, fallback su inferenza edge).

Replica e Consistenza: I log delle transazioni e degli eventi vengono replicati tra i nodi Fog per garantire la consistenza e la ripartenza post-ripristino Cloud.

Gestione delle Interruzioni dei Cavi Sottomarini:

Rilevamento: Il sistema di monitoraggio della connettività individua pattern di latenza anomali e perdita di pacchetti coerenti con fault fisici (es. taglio cavi sottomarini).

---

[DOCUMENTO ID: synthetic_data_AETERNA\Volume_02_architettura_di_sistema_a_tre_livelli.md:0:84] (Rerank Score: 1.00)
Sincronizzazione Stato Critico: In modalità normale, il Cloud mantiene la mappa globale degli stati e delle metriche. In caso di disconnessione, i cluster Fog utilizzano snapshot locali e log di eventi per garantire la coerenza dei dati e la continuità delle operazioni.

2.2 Meccanismi di Failover

Rilevamento Disconnessione Cloud: Ogni Fog Cluster esegue heartbeat periodici (ogni 200ms, configurabile da policy Kyoto 2.0) verso il Cloud. Il superamento di un timeout configurabile (default: 2s) attiva la procedura di failover.

Transizione Automatica Fog-Independence:

Election del Fog Leader: In caso di perdita del Cloud, viene attivata una nuova elezione del Fog Leader tramite Fast Paxos, basata su metriche di affidabilità e disponibilità.

---

[DOCUMENTO ID: synthetic_data_AETERNA\Volume_01_visione_globale_e_filosofia_di_aeterna.md:0:50] (Rerank Score: 1.00)
Adaptive Policy Update: Il Fog Leader aggiorna dinamicamente le policy di ridistribuzione in base ai dati in ingresso, ottimizzando la fitness function multidimensionale (inclusa la minimizzazione dell’Indice di Entropia Energetica).

2. Protocolli di Inclusione e Coesione Sociale

a. Accesso Prioritario e Inclusione

Access Control Layer: Modulo software che implementa regole di accesso prioritario per i nodi vulnerabili durante le finestre di scarsità, integrato con l’infrastruttura di smart contract.

Quota di Solidarietà: Percentuale minima di Bit-Energy allocata a fondo perduto nei micro-cluster, redistribuita secondo logiche di solidarietà algoritmica.

---

[DOCUMENTO ID: synthetic_data_AETERNA\Volume_01_visione_globale_e_filosofia_di_aeterna.md:0:125] (Rerank Score: 1.00)
Processo di Green-Whitelisting

Rilevamento e Classificazione Locale: Ogni ALRM esegue una scansione periodica delle fonti energetiche disponibili, raccogliendo i parametri sopra elencati tramite sensori, smart meter e feed digitali certificati.

Attribuzione del Livello di Purezza Verde: Il modulo AI locale calcola il livello di purezza secondo la tabella, assegnando un punteggio da 1 a 10. La classificazione viene firmata digitalmente e inserita nel ledger locale.

Propagazione e Validazione Fog: I livelli assegnati vengono propagati tramite gossip protocol ai Fog Cluster. Il Fog Leader verifica la coerenza dei dati ricevuti, applicando eventuali correzioni in caso di discrepanze (es. dati anomali, tentativi di spoofing).

---

[DOCUMENTO ID: synthetic_data_AETERNA\Volume_01_visione_globale_e_filosofia_di_aeterna.md:0:36] (Rerank Score: 1.00)
Protocollo di clustering: - Periodicamente, ogni Fog Node esegue un’analisi dei dati di consumo/produzione dei propri H-Node associati. - Viene applicato un algoritmo di clustering (es. K-means adattivo, DBSCAN con parametri dinamici) per identificare sotto-reti omogenee. - I cluster vengono aggiornati in funzione di eventi di rete (join/leave di H-Node, variazioni di carico, incidenti). - Ogni cluster elegge un nodo leader (Fog Leader) responsabile della negoziazione P2P inter-cluster e dell’interfaccia con il livello Cloud.

2.3 Riduzione dell’Entropia di Rete",2,0.75
In che modo la scelta di GraphQL come protocollo di esposizione delle API nel Progetto AETERNA contribuisce sia alla flessibilità delle query per gli sviluppatori sia all’efficienza nella gestione del traffico e del carico computazionale sui nodi Fog e Cloud?,"La scelta di GraphQL come protocollo di esposizione delle API nel Progetto AETERNA permette agli sviluppatori di specificare esattamente quali campi e sotto-campi desiderano nelle loro query, offrendo così una flessibilità elevata nella selezione e nella profondità dei dati energetici richiesti. Questo approccio riduce l’overfetching, cioè l’invio di dati non necessari, e consente di ottenere solo le informazioni strettamente utili, ottimizzando il traffico di rete. Di conseguenza, il carico computazionale sui nodi Fog e Cloud viene minimizzato, poiché viene gestito un payload più efficiente e mirato. Inoltre, la possibilità di estendere lo schema GraphQL senza breaking changes facilita l’evoluzione del framework e la personalizzazione delle applicazioni, mantenendo al contempo l’efficienza operativa e la scalabilità della piattaforma.",media,"La scelta di GraphQL come protocollo di esposizione delle API nel Progetto AETERNA offre vantaggi chiave sia per la flessibilità degli sviluppatori sia per l’efficienza operativa su nodi Fog e Cloud:

1. Flessibilità delle Query:
- Gli sviluppatori possono specificare esattamente quali dati (campi e sotto-campi) desiderano ottenere. Questo controllo puntuale sulla profondità e granularità delle informazioni evita che vengano trasferiti dati non necessari (""overfetching"" o ""underfetching"").
- Permette la creazione di applicazioni data-driven, dashboard e soluzioni personalizzate e resilienti, in cui ogni client riceve solo ciò di cui ha realmente bisogno, in modo uniforme tra domini diversi (es. ordini, inventario, pagamenti).

2. Efficienza nella Gestione del Traffico e del Carico Computazionale:
- Riducendo la dimensione del payload trasmesso tra client e nodi (Fog/Cloud), GraphQL minimizza il traffico di rete.
- Permette un’efficiente aggregazione dei dati tramite query complesse in un’unica chiamata, evitando richieste multiple e successive elaborazioni lato server.
- Meccanismi di rate limiting e depth limiting sono implementati a livello di API Gateway per prevenire query troppo complesse o pesanti, garantendo la stabilità del sistema e una gestione bilanciata del carico computazionale sui nodi.
- L’approccio facilita l’estendibilità dello schema API senza breaking changes, consentendo aggiornamenti evolutivi senza aumentare il traffico o appesantire i nodi.

In sintesi: GraphQL in AETERNA consente agli sviluppatori flessibilità massima nella costruzione delle query e, allo stesso tempo, ottimizza traffico e computazione riducendo i costi e i carichi su Fog e Cloud.","[1.0, 0.9, 0.9, 0.8, 0.7]","[DOCUMENTO ID: synthetic_data_AETERNA\Volume_02_architettura_di_sistema_a_tre_livelli.md:0:97] (Rerank Score: 1.00)
Rate Limiting e QoS: Limiti configurabili per client/app, enforcement a livello di cluster Fog e Cloud.

Audit e Logging: Tutte le chiamate sono tracciate, firmate digitalmente e replicate secondo le policy Bit-Energy, con storage locale e sincronizzazione post-ripristino.

Protocollo di Esposizione: GraphQL

La scelta di GraphQL consente:

Query flessibili: Il client specifica esattamente quali campi e sotto-campi desidera.

Gestione efficiente del payload: Riduzione del traffico e del carico computazionale sui nodi Fog/Cloud.

Versionamento evolutivo: Possibilità di estendere lo schema senza breaking changes, agevolando l’evoluzione del framework.

Schema Principale (Estratto)

---

[DOCUMENTO ID: synthetic_data_AETERNA\Volume_02_architettura_di_sistema_a_tre_livelli.md:0:93] (Rerank Score: 0.90)
Nel contesto di AETERNA, la necessità di un’integrazione efficiente, sicura e granulare tra la piattaforma core e i servizi/applicazioni di terze parti è un requisito fondamentale per abilitare ecosistemi energetici urbani realmente aperti e innovativi. L’API Gateway rappresenta il punto di accesso unificato e controllato all’infrastruttura di micro-reti, fungendo da layer di astrazione tra i servizi interni (Edge, Fog, Cloud) e le applicazioni esterne. La scelta di GraphQL come protocollo di esposizione delle API nasce dall’esigenza di fornire query flessibili, minimizzare l’overfetching e consentire agli sviluppatori di ottenere esattamente le informazioni necessarie, con un controllo puntuale sulla profondità e la granularità

---

[DOCUMENTO ID: synthetic_data_AETERNA\Volume_05_protocolli_di_comunicazione_e_interfacce.md:0:24] (Rerank Score: 0.90)
3. Interfacce GraphQL: Query Complesse e Aggregazione Dati

Per esigenze di aggregazione dati e query complesse, AETERNA espone anche endpoint GraphQL, principalmente per dashboard amministrative e reportistica avanzata.

Autenticazione: Integrazione con lo stesso sistema OAuth 2.0/JWT delle API REST.

Schema Federation: Lo schema GraphQL è federato tra diversi domini (es. ordini, inventario, pagamenti), consentendo query trasversali senza coupling diretto dei microservizi.

Rate Limiting e Depth Limiting: Implementato a livello di gateway GraphQL per prevenire query eccessivamente nidificate o costose.

Esempio Query: graphql query { orders(filter: {status: ""pending""}) { order_id amount created_at partner { name compliance_status } } }

Diagramma e Tabelle

---

[DOCUMENTO ID: synthetic_data_AETERNA\Volume_02_architettura_di_sistema_a_tre_livelli.md:0:106] (Rerank Score: 0.80)
Impatto

L’introduzione dell’API Gateway basato su GraphQL trasforma radicalmente la modalità di interazione tra la piattaforma AETERNA e l’ecosistema di sviluppatori, integratori e fornitori di servizi terzi. La flessibilità della query consente di costruire applicazioni data-driven, dashboard predittive, sistemi di automazione e soluzioni di trading energetico P2P altamente personalizzate e resilienti. La granularità delle informazioni accessibili, unita alla sicurezza rigorosa (Kyoto 2.0, Bit-Energy) e alla tracciabilità completa delle operazioni, abilita scenari di compliance avanzata e audit energetico in tempo reale.

---

[DOCUMENTO ID: synthetic_data_AETERNA\Volume_02_architettura_di_sistema_a_tre_livelli.md:0:102] (Rerank Score: 0.70)
Interoperabilità e Standard

Documentazione: Ogni endpoint e schema è documentato tramite OpenAPI (per REST fallback) e SDL (Schema Definition Language) per GraphQL, con esempi, casi d’uso e policy di sicurezza.

Estendibilità: Gli sviluppatori possono proporre estensioni dello schema tramite processi di review interni, garantendo la coerenza con le policy Kyoto 2.0.

Compatibilità: Il gateway traduce automaticamente le richieste legacy REST in query GraphQL, assicurando retrocompatibilità per i servizi esistenti.

Diagramma e Tabelle

Diagramma di Sequenza: Query Stato Energetico Distretto",2,0.75
"Quali sono le principali fasi e i meccanismi di sicurezza coinvolti nel processo di provisioning, orchestrazione e deprovisioning di una V-Energy Instance nel contesto del Progetto AETERNA, e in che modo questi garantiscono resilienza, auditabilità e compliance rispetto agli standard Kyoto 2.0 e Bit-Energy?","Le principali fasi del processo di provisioning, orchestrazione e deprovisioning di una V-Energy Instance nel Progetto AETERNA sono: richiesta di provisioning tramite API GraphQL autenticata via Kyoto 2.0 mutual TLS e autorizzata tramite token JWT Bit-Energy; validazione delle policy di accesso e delle quote di risorse; scheduling AI-aware per selezionare il nodo ottimale (Fog/Cloud); creazione del container Docker-Grid con parametri runtime; iniezione di configurazione, dataset storici e policy di comportamento; monitoraggio, logging e raccolta di metriche; deprovisioning con raccolta di snapshot finale e aggiornamento dell’audit log.

I meccanismi di sicurezza coinvolti includono: autenticazione e cifratura di ogni nodo e chiamata API tramite mutual TLS Kyoto 2.0; assegnazione di token JWT Bit-Energy a ogni istanza container per accesso e auditabilità; tracciamento, firma digitale e replica di ogni evento (provisioning, scaling, errore, terminazione) su storage locale e Cloud tramite audit log; enforcement delle policy di accesso e uso risorse a livello di orchestrator e container runtime; isolamento dei processi energetici tramite namespace di rete e storage dedicati.

Questi meccanismi garantiscono resilienza attraverso l’isolamento rigoroso dei processi, il riavvio automatico dei container falliti e la gestione distribuita dello stato; assicurano auditabilità tramite la tracciabilità e la firma digitale di ogni operazione; e garantiscono compliance rispetto agli standard Kyoto 2.0 e Bit-Energy grazie all’adozione di mutual TLS, token JWT, policy enforcement e audit log replicati.",difficile,"Di seguito una panoramica delle fasi e dei meccanismi di sicurezza coinvolti nel provisioning, orchestrazione e deprovisioning di una V-Energy Instance nel contesto del Progetto AETERNA, con focus su come questi garantiscono resilienza, auditabilità e compliance agli standard Kyoto 2.0 e Bit-Energy.

---
### 1. Fasi principali del ciclo di vita (pipeline) di V-Energy Instance:

**Provisioning**:
- Richiesta tramite API GraphQL, autenticata con Kyoto 2.0 mutual TLS e autorizzata via token JWT Bit-Energy.
- Validazione policy di accesso granulari e controllo sulle quote di risorse.
- Scheduling su nodo ottimale (Fog/Cloud) via AI, per latenza minima e bilanciamento del carico.
- Creazione del container isolato (limitazioni CPU/RAM, storage dedicato, reti virtuali).
- Iniezione di parametri/configurazione policy e dati storici.
- Attivazione di monitoraggio e logging continuo, con stream verso cluster di osservabilità (Kubernetes).

**Orchestrazione**:
- Gestione isolata e protetta (namespace di rete e storage dedicato, policy Bit-Energy enforced).
- Scalabilità automatica su base predittiva (eventi AI, carichi simulazione), sia orizzontale che verticale.
- Snapshot di stato energetico su storage distribuito e referenziamento tramite Ledger/AI Snapshot.
- Riavvio automatico (self-healing) dei container falliti con raccolta audit log delle anomalie.

**Deprovisioning**:
- Validazione multilivello e automazione workflow (inclusione/rimozione orchestrata, non mero atto amministrativo).
- Cancellazione dati, revoca credenziali e aggiornamento della tracciabilità su Blockchain.
- Audit trail distribuito e segregato per garantire la compliance delle operazioni di offboarding.

---
### 2. Meccanismi di sicurezza chiave

- **Crittografia e autenticazione**: mTLS (mutual TLS standard Kyoto 2.0), X.509, AES-256, RSA-4096, ECC, JWT Bit-Energy.
- **Tokenizzazione dei permessi**: Token JWT Bit-Energy abilitati per l’accesso alle API.
- **Blockchain privata (Bit-Energy)**: per la notarizzazione, la verifica dell’integrità e il tracciamento end-to-end di tutte le operazioni rilevanti (provisioning, mutamenti di stato, deprovisioning).
- **Policy di sicurezza dinamiche**: enforcement delle policy Bit-Energy su isolamento di container e processi.
- **Audit distributed logging**: tutte le operazioni sono tracciate tramite log runtime, audit log e chain-of-custody digitali.
- **Validazione multinodo**: on-boarding/off-boarding e ogni operazione critiche sono soggette a validazione multilivello e (dove necessario) a consenso distribuito tra stakeholder.
- **Protezione dati in transito**: canali cifrati per tutte le comunicazioni (mTLS, AES-256), mitigando rischi come MITM, spoofing, replay, intercettazione.

---
### 3. Resilienza, Auditabilità e Compliance

- **Resilienza**: 
  - Scheduler AI e orchestrazione containerizzata consentono self-healing e auto-scalabilità.
  - Fault-tolerance, snapshot, clustering (Fog/Cloud) mantengono operatività in presenza di fault o attacchi informatici.
- **Auditabilità**: 
  - Logging centralizzato con notarizzazione blockchain; raccolta, verifica e audit ex-post sempre possibili da parti terze.
  - Data lineage e firma digitale sulle transazioni energetiche, garantendo non ripudiabilità.
- **Compliance (Kyoto 2.0 & Bit-Energy)**:
  - Policy e workflow automatici in linea con Kyoto 2.0 per performance ambientali, riduzione emissioni, efficienza P2P.
  - Tracciabilità delle transazioni e comportamenti tramite Bit-Energy; smart contract per enforcement di regole e crediti in linea con compliance suite.
  - Audit interni multilivello programmati, aderenti a standard di settore ISO 14001, SA8000 e ai requisiti Kyoto 2.0/Bit-Energy.
  - Gestione end-to-end crediti, settlings e pagamenti tramite token Bit-Energy.

---
**In sintesi**: la pipeline di AETERNA integra provisioning sicuro/auth, orchestrazione elastica/scalabile, e deprovisioning tracciato, usando tecnologie certificate, blockchain e audit trail per garantire resilienza, trasparenza e piena conformità a Kyoto 2.0 e Bit-Energy, quindi per implementare microgrid trasparenti, compliant e auditabili anche sotto stress normativo/tecnico.","[1.0, 0.8, 0.7, 0.7, 0.6, 0.9, 0.8, 0.8, 0.8, 0.7, 1.0, 1.0, 1.0, 1.0, 1.0]","[DOCUMENTO ID: synthetic_data_AETERNA\Volume_02_architettura_di_sistema_a_tre_livelli.md:0:112] (Rerank Score: 1.00)
Il flusso di provisioning di una V-Energy Instance segue i seguenti step:

Richiesta di provisioning tramite API GraphQL, autenticata via Kyoto 2.0 mutual TLS e autorizzata tramite token JWT Bit-Energy.

Validazione policy: verifica delle policy di accesso granulari e delle quote di risorse disponibili.

Scheduling: selezione del nodo ottimale (Fog/Cloud) tramite scheduler AI-aware, minimizzando latenza e bilanciando il carico.

Creazione container: istanziazione del container Docker con parametri runtime (limiti CPU/RAM, storage, reti virtuali).

Iniezione configurazione: caricamento di parametri di simulazione, dataset storici, e policy di comportamento.

Monitoraggio e logging: attivazione di probe di salute, raccolta log runtime, stream di metriche verso il cluster di osservabilità.

---

[DOCUMENTO ID: synthetic_data_AETERNA\Volume_02_architettura_di_sistema_a_tre_livelli.md:0:111] (Rerank Score: 0.80)
Isolamento dei processi energetici: ogni container opera in uno spazio di nomi di rete e storage dedicato, con policy di sicurezza Bit-Energy enforced.

Scalabilità automatica: scaling orizzontale/verticale delle istanze in base a metriche di carico, richieste di simulazione, o eventi predittivi AI.

Gestione dello stato e persistenza: snapshot periodici dello stato energetico virtuale, replicati su storage distribuito (Fog/Cloud) e referenziati tramite Ledger/AI Snapshot.

Fault-tolerance: riavvio automatico di container falliti, con reintegrazione nello scenario simulato e audit log delle anomalie.

1.3. Pipeline di Provisioning e Orchestrazione

Il flusso di provisioning di una V-Energy Instance segue i seguenti step:

---

[DOCUMENTO ID: synthetic_data_AETERNA\Volume_02_architettura_di_sistema_a_tre_livelli.md:0:110] (Rerank Score: 0.70)
Specifiche Tecniche e Protocolli

1. Architettura della Virtualizzazione Energetica

1.1. Concetto di V-Energy Instance

Una V-Energy Instance è una rappresentazione virtuale di una risorsa energetica (ad esempio, una batteria virtuale, un carico simulato, una fonte di generazione virtuale) implementata come container isolato. Ogni istanza è identificata univocamente tramite UUID e associata a metadati di provisioning, policy di accesso e stato di consistenza (Edge/Fog/Cloud).

1.2. Docker-Grid: Containerizzazione dei Processi Energetici

La soluzione Docker-Grid è un layer di orchestrazione container-native, integrato nei cluster Fog e Cloud, che consente:

Provisioning on-demand di V-Energy Instances tramite API GraphQL (provisionVEnergyInstance, scaleVEnergyCluster).

---

[DOCUMENTO ID: synthetic_data_AETERNA\Volume_07_smart_contract_e_tokenizzazione_energetica.md:0:5] (Rerank Score: 0.70)
Gestione Crediti e Pagamenti: Implementa logiche di settlement atomico, con gestione di wallet energetici (Bit-Energy Token), escrow temporanei e rilascio condizionato dei fondi a seguito di verifica della transazione energetica.

2. Ciclo di Vita Operativo

Il ciclo di vita di uno smart contract energetico in AETERNA si compone delle seguenti fasi:

Deploy: Il contratto viene distribuito sulla blockchain permissioned tramite un processo di validazione multi-firma (multi-signature deployment), che coinvolge almeno un amministratore di Fog Layer e uno di Cloud Layer.

Inizializzazione: Vengono registrati i parametri di configurazione (policy tariffarie, soglie di compliance Kyoto 2.0, limiti di credito).

---

[DOCUMENTO ID: synthetic_data_AETERNA\Volume_16_sostenibilità_ambientale_e_impatto_sociale.md:0:3] (Rerank Score: 0.60)
Specifiche Tecniche e Protocolli

1. Scomposizione del Ciclo di Vita

La metodologia adottata nel Progetto AETERNA prevede la scomposizione del ciclo di vita di ciascun componente in quattro fasi principali:

Produzione: Include estrazione e lavorazione delle materie prime, assemblaggio, test di qualità e packaging.

Trasporto: Comprende tutte le operazioni logistiche dal sito di produzione fino all’installazione presso il nodo di destinazione (Edge, Fog o Cloud).

Utilizzo: Riguarda l’intero periodo operativo del componente, includendo consumi energetici, manutenzione, sostituzioni parziali e aggiornamenti firmware/software.

===

[DOCUMENTO ID: synthetic_data_AETERNA\Volume_12_interfacciamento_con_la_mobilità_elettrica.md:0:45] (Rerank Score: 0.90)
3.2 Tabella – Riepilogo Meccanismi di Sicurezza

Livello Meccanismo di Sicurezza Algoritmi/Standard Funzione Principale Edge HSM, mTLS, X.509, AES-256 RSA-4096, ECC, AES-256 Cifratura, autenticazione, integrità Fog Proxy sicuro, validazione nonce mTLS, NTP, OCSP Aggregazione, validazione temporale Cloud PKI, Blockchain, Smart Contract X.509, Hyperledger, Kyoto 2.0 Gestione certificati, tracciabilità, compliance V2I/V2V Firma digitale, ZKP ECC, ZKP Non ripudiabilità, privacy, auditabilità

4. Impatto

L’implementazione rigorosa di questi meccanismi di sicurezza ha un impatto determinante su diversi assi strategici del progetto AETERNA:

---

[DOCUMENTO ID: synthetic_data_AETERNA\Volume_02_architettura_di_sistema_a_tre_livelli.md:0:111] (Rerank Score: 0.80)
Isolamento dei processi energetici: ogni container opera in uno spazio di nomi di rete e storage dedicato, con policy di sicurezza Bit-Energy enforced.

Scalabilità automatica: scaling orizzontale/verticale delle istanze in base a metriche di carico, richieste di simulazione, o eventi predittivi AI.

Gestione dello stato e persistenza: snapshot periodici dello stato energetico virtuale, replicati su storage distribuito (Fog/Cloud) e referenziati tramite Ledger/AI Snapshot.

Fault-tolerance: riavvio automatico di container falliti, con reintegrazione nello scenario simulato e audit log delle anomalie.

1.3. Pipeline di Provisioning e Orchestrazione

Il flusso di provisioning di una V-Energy Instance segue i seguenti step:

---

[DOCUMENTO ID: synthetic_data_AETERNA\Volume_02_architettura_di_sistema_a_tre_livelli.md:0:112] (Rerank Score: 0.80)
Il flusso di provisioning di una V-Energy Instance segue i seguenti step:

Richiesta di provisioning tramite API GraphQL, autenticata via Kyoto 2.0 mutual TLS e autorizzata tramite token JWT Bit-Energy.

Validazione policy: verifica delle policy di accesso granulari e delle quote di risorse disponibili.

Scheduling: selezione del nodo ottimale (Fog/Cloud) tramite scheduler AI-aware, minimizzando latenza e bilanciando il carico.

Creazione container: istanziazione del container Docker con parametri runtime (limiti CPU/RAM, storage, reti virtuali).

Iniezione configurazione: caricamento di parametri di simulazione, dataset storici, e policy di comportamento.

Monitoraggio e logging: attivazione di probe di salute, raccolta log runtime, stream di metriche verso il cluster di osservabilità.

---

[DOCUMENTO ID: synthetic_data_AETERNA\Volume_09_governance_e_modelli_di_partecipazione.md:0:61] (Rerank Score: 0.80)
L’inclusione e la rimozione dei partecipanti nella micro-rete energetica AETERNA rappresentano momenti di criticità gestionale e di sicurezza, richiedendo procedure formalizzate che garantiscano la conformità agli standard di governance, la protezione delle risorse informative e la trasparenza delle operazioni. In un contesto decentralizzato, dove la fiducia è distribuita e la responsabilità condivisa tra molteplici attori (utenti domestici, operatori di quartiere, amministratori cloud), l’onboarding e l’offboarding non sono meri atti amministrativi, bensì processi orchestrati che coinvolgono validazione multilivello, automazione dei workflow, auditing distribuito e gestione granulare delle credenziali. L’obiettivo è assicurare che ogni partecipante sia identificato, autorizzato e

---

[DOCUMENTO ID: synthetic_data_AETERNA\Volume_05_protocolli_di_comunicazione_e_interfacce.md:0:70] (Rerank Score: 0.70)
1. Introduzione Teorica

La sicurezza delle comunicazioni rappresenta un pilastro imprescindibile nell’architettura di AETERNA, data la natura distribuita, multi-livello e altamente interconnessa del framework. La protezione dei dati in transito e la garanzia di autenticità, integrità e riservatezza sono condizioni necessarie per la fiducia e la resilienza dell’ecosistema energetico urbano. In tale contesto, la scelta e l’implementazione di protocolli crittografici avanzati, unitamente a una gestione rigorosa delle chiavi crittografiche, costituiscono la risposta architetturale alle minacce contemporanee, quali attacchi man-in-the-middle, intercettazione, spoofing, replay e compromissione dei dispositivi edge.

===

[DOCUMENTO ID: synthetic_data_AETERNA\Volume_14_monitoraggio,_telemetria_e_analisi_predittiva.md:0:12] (Rerank Score: 1.00)
L’architettura dei sistemi di monitoraggio implementata in AETERNA garantisce una raccolta dati affidabile, tempestiva e scalabile, abilitando la gestione ottimale di micro-reti energetiche decentralizzate. L’approccio modulare e l’adozione di tecnologie di orchestrazione avanzate (Kubernetes, code distribuite, motori di regole) consentono di adattare dinamicamente la pipeline a variazioni di carico e a nuove tipologie di dati, assicurando la continuità operativa anche in scenari di fault parziali o attacchi informatici. La stretta integrazione con i sistemi di audit e compliance – tramite blockchain privata, firma digitale e data lineage – rende il sistema trasparente e verificabile, facilitando la conformità agli standard Kyoto 2.0, Bit-Energy e alle normative internazionali di

---

[DOCUMENTO ID: synthetic_data_AETERNA\Volume_18_evoluzione_tecnologica_e_roadmap_di_ricerca.md:0:79] (Rerank Score: 1.00)
Adattabilità e resilienza organizzativa: la capacità di aggiornare rapidamente policy, standard e competenze tecniche consente ad AETERNA di rispondere con efficacia a cambiamenti normativi, tecnologici e di mercato.

Miglioramento continuo della qualità: la raccolta strutturata di lesson learned e la valutazione periodica dell’efficacia formativa alimentano un ciclo virtuoso di miglioramento, supportando l’innovazione e la diffusione delle best practice.

Compliance e auditabilità: l’integrazione con Bit-Energy e la tracciabilità end-to-end garantiscono la conformità alle coverage policy e agli standard interni (Kyoto 2.0, Bit-Energy), riducendo i rischi operativi e facilitando i processi di audit.

---

[DOCUMENTO ID: synthetic_data_AETERNA\Volume_16_sostenibilità_ambientale_e_impatto_sociale.md:0:132] (Rerank Score: 1.00)
Kyoto 2.0 (Standard Interno AETERNA):

Framework proprietario per la valutazione e la certificazione delle performance ambientali delle micro-reti, con indicatori specifici per il bilanciamento energetico, la riduzione delle emissioni e l’efficienza dei processi di trading P2P.

Bit-Energy Compliance Suite:

Insieme di smart contract e policy digitali per la tracciabilità delle transazioni, la gestione delle credenziali formative e il monitoraggio dei comportamenti virtuosi (es. autoconsumo, partecipazione a campagne di sostenibilità).

3. Procedure di Audit e Reporting

Audit Interno Multilivello:

Programmazione di audit periodici su tutti i livelli (Edge, Fog, Cloud), con check-list derivate dagli standard ISO 14001, SA8000 e Kyoto 2.0.

---

[DOCUMENTO ID: synthetic_data_AETERNA\Volume_20_business_model,_scalabilità_e_sostenibilità_economica.md:0:14] (Rerank Score: 1.00)
Garantire trasparenza, auditabilità e compliance, sfruttando la blockchain Bit-Energy e l’integrazione di workflow regolatori automatizzati.

Abilitare nuovi modelli di governance energetica, in cui la comunità può auto-organizzarsi, definire regole di mercato locali e adattarsi dinamicamente ai cambiamenti normativi e tecnologici.

Tuttavia, la complessità tecnica e la necessità di garantire interoperabilità, scalabilità e sostenibilità richiedono un approccio architetturale rigoroso, in linea con le scelte già assunte nei capitoli precedenti. L’integrazione nativa di compliance, audit trail e meccanismi di validazione multi-attore rappresenta un elemento distintivo e abilitante per il successo a lungo termine del modello P2P in AETERNA.

---

[DOCUMENTO ID: synthetic_data_AETERNA\Volume_10_gestione_delle_emergenze_e_continuità_operativa.md:0:120] (Rerank Score: 1.00)
Impatto

L’adozione di un protocollo di comunicazione strutturato e sicuro come quello implementato nel Progetto AETERNA produce impatti significativi su più livelli:

Fiducia e Trasparenza: La tempestività e la coerenza delle informazioni rafforzano la fiducia degli stakeholder, riducendo il rischio di escalation reputazionale e favorendo la collaborazione durante le crisi.

Compliance e Auditabilità: L’archiviazione notarizzata, la tracciabilità e la disponibilità dei log garantiscono la piena rispondenza agli standard Kyoto 2.0 e Bit-Energy, facilitando le verifiche ex-post da parte di enti terzi.",3,0.75
"Qual è il costo medio di implementazione del protocollo Cross-Layer Resource Arbitration Protocol (CL-RAP) su una micro-rete AETERNA composta da 10 nodi Edge, 3 cluster Fog e un cluster Cloud?",L'informazione non è disponibile nel testo,impossibile,L'informazione non è disponibile nel testo,"[0.6, 0.6, 0.6, 0.5, 0.4, 0.7, 0.6, 0.3, 0.3, 0.2, 0.6, 0.6, 0.6, 0.4, 0.3, 0.6, 0.6, 0.6, 0.6, 0.6, 0.7, 0.7, 0.7, 0.7, 0.6]","[DOCUMENTO ID: synthetic_data_AETERNA\Volume_06_algoritmi_di_ottimizzazione_energetica.md:0:14] (Rerank Score: 0.60)
Nel contesto delle micro-reti energetiche decentralizzate, la gestione dinamica dei carichi computazionali e di rete rappresenta una sfida fondamentale per garantire la continuità operativa, la scalabilità e la resilienza dell’infrastruttura distribuita. In particolare, l’architettura multilivello di AETERNA – articolata su Edge, Fog e Cloud – impone la necessità di strategie di bilanciamento che siano in grado di adattarsi in tempo reale alle fluttuazioni della domanda, alle variazioni delle condizioni ambientali e agli eventi imprevisti, quali guasti o congestioni locali. La natura containerizzata e cloud-native dei microservizi, unita alla presenza di pipeline asincrone e workflow orchestrati, richiede algoritmi di load balancing in grado di operare su più livelli e con

---

[DOCUMENTO ID: synthetic_data_AETERNA\Volume_12_interfacciamento_con_la_mobilità_elettrica.md:0:145] (Rerank Score: 0.60)
Data Replication: Sincronizzazione dati tra nodi Fog tramite database distribuito (Cassandra, modalità multi-datacenter), con replica geografica su almeno due zone distinte.

Service Migration: In caso di guasto di un nodo Fog, i servizi critici (bilanciamento, autenticazione, routing energetico) vengono migrati automaticamente sul nodo secondario.

c. Failover Cloud

Multi-Region Deployment: Il Cloud AETERNA è distribuito su più regioni fisiche (cloud provider diversi, ove possibile), con orchestrazione Kubernetes multi-cluster e replica dei dati su storage geo-ridondato (es. S3 cross-region replication).

---

[DOCUMENTO ID: synthetic_data_AETERNA\Volume_14_monitoraggio,_telemetria_e_analisi_predittiva.md:0:129] (Rerank Score: 0.60)
Specifiche Tecniche e Protocolli

Architettura del Sistema di Monitoraggio

Il sistema di monitoraggio di AETERNA si articola su tre livelli, riflettendo la stratificazione Edge–Fog–Cloud del framework:

Cloud Layer: Supervisione centralizzata, aggregazione e analisi macro delle metriche, orchestrazione delle policy di monitoraggio, dashboard unificate e motore di correlazione eventi cross-domain.

Fog Layer: Aggregazione locale delle metriche provenienti dai nodi Edge, normalizzazione dei dati, pre-elaborazione e forwarding selettivo verso il Cloud Layer.

Edge Layer: Raccolta in tempo reale delle metriche di sistema e applicative dai nodi H-Node domestici, con buffering locale e trasmissione sicura verso il Fog Layer.

Integrazioni Supportate

---

[DOCUMENTO ID: synthetic_data_AETERNA\Volume_02_architettura_di_sistema_a_tre_livelli.md:0:129] (Rerank Score: 0.50)
Impatto

L’implementazione dell’ottimizzazione dei carichi cross-layer, fondata sulla massimizzazione della Compute-to-Watt Efficiency, produce un impatto sistemico su più dimensioni della micro-rete AETERNA:

Efficienza Energetica: La CWE aggregata della micro-rete aumenta sensibilmente, riducendo il consumo energetico a parità di throughput computazionale. Questo si traduce in minori costi operativi e minore dipendenza da fonti esterne.

Resilienza Operativa: La capacità di bilanciare e migrare carichi tra livelli riduce il rischio di sovraccarico o blackout locali, aumentando la fault-tolerance della rete.

---

[DOCUMENTO ID: synthetic_data_AETERNA\Volume_02_architettura_di_sistema_a_tre_livelli.md:0:15] (Rerank Score: 0.40)
L’architettura Edge di AETERNA si distingue per la sua capacità di eseguire decisioni autonome e reattive a livello locale, riducendo la latenza e il carico sulle infrastrutture di livello superiore (Fog e Cloud). L’intelligenza distribuita, abilitata da micro-controller ARM Cortex-M e SoC RISC-V, consente un monitoraggio continuo di consumi, generazione e stato degli apparati, promuovendo l’ottimizzazione energetica e la resilienza operativa dell’intero sistema.

Specifiche Tecniche e Protocolli

Architettura Hardware: Micro-controller ARM-based

===

[DOCUMENTO ID: synthetic_data_AETERNA\Volume_10_gestione_delle_emergenze_e_continuità_operativa.md:0:37] (Rerank Score: 0.70)
Tabella: Specifiche Protocollo di Comunicazione d’Emergenza

Componente Tecnologia Sicurezza Affidabilità Note Operative Trasporto gRPC TLS 1.3 Retry esponenziale Supporto sincrono/asincrono, streaming bidirezionale Serializzazione Protocol Buffers HMAC-SHA256 Coda persistente locale Validazione schema automatica Autenticazione X.509 CA interna Certificati univoci Rotazione automatica Mutual TLS obbligatoria Rate Limiting Custom Middleware - Flood control Soglie dinamiche per scenario d’emergenza Audit/Notarizzazione Bit-Energy - Immutabilità eventi Audit trail su blockchain

Impatto

L’implementazione di un protocollo di comunicazione d’emergenza secondo le specifiche sopra descritte ha un impatto diretto e misurabile sulla resilienza e sulla robustezza del sistema AETERNA. In particolare:

---

[DOCUMENTO ID: synthetic_data_AETERNA\Volume_02_architettura_di_sistema_a_tre_livelli.md:0:129] (Rerank Score: 0.60)
Impatto

L’implementazione dell’ottimizzazione dei carichi cross-layer, fondata sulla massimizzazione della Compute-to-Watt Efficiency, produce un impatto sistemico su più dimensioni della micro-rete AETERNA:

Efficienza Energetica: La CWE aggregata della micro-rete aumenta sensibilmente, riducendo il consumo energetico a parità di throughput computazionale. Questo si traduce in minori costi operativi e minore dipendenza da fonti esterne.

Resilienza Operativa: La capacità di bilanciare e migrare carichi tra livelli riduce il rischio di sovraccarico o blackout locali, aumentando la fault-tolerance della rete.

---

[DOCUMENTO ID: synthetic_data_AETERNA\Volume_02_architettura_di_sistema_a_tre_livelli.md:0:12] (Rerank Score: 0.30)
Impatto

L’adozione di uno stack tecnologico stratificato e modulare consente ad AETERNA di raggiungere un livello di adattabilità e resilienza senza precedenti nel contesto delle micro-reti energetiche urbane. La matrice di compatibilità tra sistemi operativi permette di integrare dispositivi legacy e di nuova generazione, riducendo drasticamente i costi di transizione e favorendo la scalabilità incrementale della rete. L’interoperabilità garantita da protocolli standardizzati (MQTT, CoAP, gRPC) e l’adozione di middleware custom (ALRM, FL-AETERNA, MetaGov-SC) assicurano la continuità operativa anche in presenza di guasti o aggiornamenti infrastrutturali.

---

[DOCUMENTO ID: synthetic_data_AETERNA\Volume_01_visione_globale_e_filosofia_di_aeterna.md:0:10] (Rerank Score: 0.30)
1.3.2 Tabella: Confronto tra Reti Centralizzate e Micro-grid AETERNA

Caratteristica Reti Centralizzate Micro-grid AETERNA Autonomia Locale Nessuna Completa (min. 72h, Kyoto 2.0) Resilienza Bassa (SPOF) Elevata (topologia dinamica) Trasparenza Limitata Totale (ledger distribuiti) Scalabilità Verticale Orizzontale Tracciabilità Parziale Integrale (Bit-Energy) Adattabilità Rigida Auto-organizzata Compliance Kyoto 2.0 Non conforme Conforme

1.4 Impatto

---

[DOCUMENTO ID: synthetic_data_AETERNA\Volume_05_protocolli_di_comunicazione_e_interfacce.md:0:13] (Rerank Score: 0.20)
Tabella Comparativa dei Protocolli IoT in AETERNA

Protocollo Trasporto Pattern Sicurezza Overhead Utilizzo Principale Scalabilità Compliance MQTT TCP/IP Pub/Sub TLS 1.3, X.509/JWT Basso Telemetria, Monitoraggio Alta (clustering) Kyoto 2.0, Bit-Energy CoAP UDP RESTful DTLS, PSK/X.509 Minimo Controllo Attuatori, Comandi Media Kyoto 2.0, Bit-Energy LwM2M UDP (CoAP) RPC/REST DTLS, Certificati Minimo Provisioning, FOTA, Config Alta (batch) Kyoto 2.0, Bit-Energy

Impatto sull’Architettura AETERNA

===

[DOCUMENTO ID: synthetic_data_AETERNA\Volume_02_architettura_di_sistema_a_tre_livelli.md:0:6] (Rerank Score: 0.60)
Hardware Target: Cloud pubblico/privato, cluster HPC.

Sistemi Operativi Supportati:

AETERNA-CloudOS: Distribuzione containerizzata, orchestrazione Kubernetes.

Ubuntu LTS, CentOS, SUSE Linux Enterprise.

Middleware:

Macro Orchestrator: Supervisione globale, correlazione eventi, mappa resilienza.

FL-AETERNA Supervisor: Gestione lifecycle modelli, policy federate.

MetaGov-SC Supervisor: Revisione e audit meta-governance.

DLT Explorer: Analisi e auditing blockchain Bit-Energy.

Comunicazione:

gRPC, GraphQL API per interfacciamento programmato.

Data Lake Connector: Integrazione con storage distribuito.

AI/ML:

Federated Model Repository: Versioning e deployment modelli.

XAI Dashboard: Visualizzazione trasparente delle decisioni automatizzate.

---

[DOCUMENTO ID: synthetic_data_AETERNA\Volume_19_aspetti_legali,_regolatori_e_normativi.md:0:56] (Rerank Score: 0.60)
Tabella: Esempi di Compatibilità Licenze nei Moduli AETERNA

Modulo Licenza Primaria Dipendenza Principale Licenza Dipendenza Compatibilità Note di Isolamento/Attribuzione Core Orchestrator Apache 2.0 AI Engine MIT ✓ Attribuzione MIT in NOTICE H-Node Service LGPLv3 Crypto Lib GPLv3 ✗ Isolamento tramite microservizio REST Trading P2P BSD-3-Clause Blockchain SDK Apache 2.0 ✓ Attribuzione e gestione brevetti Fog Analytics MIT DataViz Toolkit AGPLv3 ✗ Separazione tramite container dedicato Insurance API Apache 2.0 REST Framework BSD-2-Clause ✓ Attribuzione BSD in LICENSE

Impatto

La gestione rigorosa delle licenze open source in AETERNA produce impatti tangibili sia sul piano tecnico che su quello organizzativo e legale:

---

[DOCUMENTO ID: synthetic_data_AETERNA\Volume_19_aspetti_legali,_regolatori_e_normativi.md:0:65] (Rerank Score: 0.60)
Ogni contratto deve incorporare, come allegati tecnici vincolanti:

Registro Licenze: snapshot firmato digitalmente e referenziato tramite hash SHA-256.

SBOM (Software Bill of Materials): elenco completo e versionato dei componenti software, con dettaglio delle licenze e delle dipendenze.

Matrice di compatibilità licenze: riferimento obbligatorio per l’integrazione di nuovi moduli.

Requisiti di compliance a Kyoto 2.0 e Bit-Energy: obblighi di auditabilità, tracciabilità e retention dati.

2.2 SLA: Struttura e Best Practice in Ambienti Multi-Cloud

2.2.1 Livelli Minimi di Servizio

Gli SLA devono essere strutturati su tre livelli, in coerenza con l’architettura AETERNA:

---

[DOCUMENTO ID: synthetic_data_AETERNA\Volume_20_business_model,_scalabilità_e_sostenibilità_economica.md:0:102] (Rerank Score: 0.40)
Moduli di data anonymization e differential privacy.

Smart contract per la gestione dei diritti di accesso e revenue sharing (blockchain AETERNA).

Audit trail e notarizzazione accessi.

Metriche di Performance:

Revenue per dataset

Numero di dataset licenziati

Tasso di rinnovo licenze dati

Marginalità per segmento dati

2.1.3. Soluzioni White-Label

Descrizione: Licenza della piattaforma AETERNA (o suoi moduli) a terze parti (utility, ESCO, municipalizzate) in modalità white-label, con personalizzazione UI/UX e policy.

Implementazione Tecnica:

Deployment multi-tenant con isolamento logico (namespace Kubernetes).

Policy Adapter Layer per customizzazione normativa e branding.

Pipeline CI/CD dedicata per rilasci white-label.

---

[DOCUMENTO ID: synthetic_data_AETERNA\Volume_19_aspetti_legali,_regolatori_e_normativi.md:0:48] (Rerank Score: 0.30)
Specifiche Tecniche e Protocolli

1. Classificazione e Catalogazione delle Licenze

Ogni componente software integrato in AETERNA viene censito all’interno di un Registro Licenze, mantenuto in formato machine-readable (YAML/JSON) e versionato tramite la pipeline CI/CD. Il registro contiene per ciascun asset almeno i seguenti attributi:

Nome componente

Versione

Licenza primaria (es: MIT, GPLv3, Apache 2.0, AGPLv3, LGPLv3, BSD-3-Clause)

Origine (repository, vendor, autore)

Dipendenze transitive e relative licenze

Compatibilità dichiarata (Permissiva, Copyleft, Dual, Proprietaria)

Note di attribuzione obbligatorie

Clausole di brevetto (ove applicabili)

===

[DOCUMENTO ID: synthetic_data_AETERNA\Volume_06_algoritmi_di_ottimizzazione_energetica.md:0:122] (Rerank Score: 0.60)
Visualizzazione in tempo reale dei costi energetici per zona (Edge, Fog, Cloud).

Breakdown dettagliato per fonte, periodo, tipologia di carico.

Heatmap delle inefficienze e alert automatici su superamento soglie di costo.

Integrazione con dati ERP (via RESTful API sicure) per correlazione tra costi energetici, budget e performance finanziarie.

3. Integrazione con Sistemi ERP

L’integrazione tra AETERNA e i sistemi ERP avviene tramite un connettore middleware (AETERNA-ERP Bridge), che espone:

RESTful API per la sincronizzazione bidirezionale di dati energetici (consumi, costi, ordini di acquisto) e dati economici (budget, forecast, ordini di manutenzione).

---

[DOCUMENTO ID: synthetic_data_AETERNA\Volume_14_monitoraggio,_telemetria_e_analisi_predittiva.md:0:129] (Rerank Score: 0.60)
Specifiche Tecniche e Protocolli

Architettura del Sistema di Monitoraggio

Il sistema di monitoraggio di AETERNA si articola su tre livelli, riflettendo la stratificazione Edge–Fog–Cloud del framework:

Cloud Layer: Supervisione centralizzata, aggregazione e analisi macro delle metriche, orchestrazione delle policy di monitoraggio, dashboard unificate e motore di correlazione eventi cross-domain.

Fog Layer: Aggregazione locale delle metriche provenienti dai nodi Edge, normalizzazione dei dati, pre-elaborazione e forwarding selettivo verso il Cloud Layer.

Edge Layer: Raccolta in tempo reale delle metriche di sistema e applicative dai nodi H-Node domestici, con buffering locale e trasmissione sicura verso il Fog Layer.

Integrazioni Supportate

---

[DOCUMENTO ID: synthetic_data_AETERNA\Volume_02_architettura_di_sistema_a_tre_livelli.md:0:1] (Rerank Score: 0.60)
L’implementazione di AETERNA si fonda su uno stack tecnologico multilivello, progettato per garantire interoperabilità, scalabilità e resilienza nell’ambito delle micro-reti energetiche urbane. La stratificazione Edge–Fog–Cloud non è solamente una scelta architetturale, ma una necessità funzionale per orchestrare la coesistenza di dispositivi eterogenei, dalla sensoristica legacy fino alle piattaforme di intelligenza artificiale distribuita. La presenza di una blockchain permissioned e di protocolli di apprendimento federato introduce ulteriori requisiti di compatibilità e sicurezza, che si riflettono nella selezione e nell’integrazione delle tecnologie a ogni livello. La matrice di compatibilità tra sistemi operativi, presentata in questo capitolo, costituisce

---

[DOCUMENTO ID: synthetic_data_AETERNA\Volume_20_business_model,_scalabilità_e_sostenibilità_economica.md:0:18] (Rerank Score: 0.60)
2. Specifiche Tecniche e Protocolli

2.1 Architettura Scalabile a Microservizi su Kubernetes

La piattaforma AETERNA è implementata secondo un paradigma a microservizi, containerizzati e orchestrati tramite Kubernetes. Ogni funzionalità core (es. gestione wallet Bit-Energy, orchestrazione smart contract, audit compliance, pricing engine, AI predittiva) è isolata in un servizio autonomo, con API RESTful certificate per la comunicazione inter-livello (Edge, Fog, Cloud).

2.1.1 Auto-Scaling Orizzontale e Verticale

Orizzontale: I pod Kubernetes vengono scalati automaticamente in base a metriche di carico (CPU, memoria, throughput richieste REST, latenze smart contract).

---

[DOCUMENTO ID: synthetic_data_AETERNA\Volume_06_algoritmi_di_ottimizzazione_energetica.md:0:90] (Rerank Score: 0.60)
La piattaforma di monitoraggio di AETERNA si configura come un sistema distribuito e multilivello, in cui la sensoristica edge, la pre-elaborazione fog e l’analisi cloud convergono in un data lake centralizzato. Tale infrastruttura dati costituisce la base per l’applicazione di algoritmi di business intelligence, machine learning e anomaly detection, garantendo un ciclo virtuoso di feedback che alimenta l’automazione operativa, la manutenzione predittiva e la compliance agli standard interni (Kyoto 2.0, Bit-Energy).

2. Specifiche Tecniche e Protocolli

2.1 Architettura di Raccolta e Aggregazione Dati

2.1.1 Flusso Dati Edge–Fog–Cloud

Edge Layer (H-Node, dispositivi IoT, smart meter):

===

[DOCUMENTO ID: synthetic_data_AETERNA\Volume_02_architettura_di_sistema_a_tre_livelli.md:0:6] (Rerank Score: 0.70)
Hardware Target: Cloud pubblico/privato, cluster HPC.

Sistemi Operativi Supportati:

AETERNA-CloudOS: Distribuzione containerizzata, orchestrazione Kubernetes.

Ubuntu LTS, CentOS, SUSE Linux Enterprise.

Middleware:

Macro Orchestrator: Supervisione globale, correlazione eventi, mappa resilienza.

FL-AETERNA Supervisor: Gestione lifecycle modelli, policy federate.

MetaGov-SC Supervisor: Revisione e audit meta-governance.

DLT Explorer: Analisi e auditing blockchain Bit-Energy.

Comunicazione:

gRPC, GraphQL API per interfacciamento programmato.

Data Lake Connector: Integrazione con storage distribuito.

AI/ML:

Federated Model Repository: Versioning e deployment modelli.

XAI Dashboard: Visualizzazione trasparente delle decisioni automatizzate.

---

[DOCUMENTO ID: synthetic_data_AETERNA\Volume_02_architettura_di_sistema_a_tre_livelli.md:0:3] (Rerank Score: 0.70)
Specifiche Tecniche e Protocolli

1. Stack Tecnologico per Livello

Edge Layer (H-Node)

Hardware Target: Microcontroller ARM Cortex-M, SoC RISC-V, gateway industriali x86.

Sistemi Operativi Supportati:

AETERNA-RTOS: Sistema operativo real-time custom, ottimizzato per sensor fusion, sicurezza e isolamento processi.

Linux Embedded: Debian/Ubuntu minimal, Yocto Project.

FreeRTOS: Per dispositivi ultra-low power.

Compatibilità Legacy: Bridge per sistemi proprietari (es. moduli KNX, BACnet).

Middleware:

ALRM (AETERNA Local Resource Manager): Gestione risorse, preprocessing dati, orchestrazione AI embedded.

Secure Enclave: Modulo hardware/software per chiavi crittografiche e root-of-trust.

---

[DOCUMENTO ID: synthetic_data_AETERNA\Volume_02_architettura_di_sistema_a_tre_livelli.md:0:12] (Rerank Score: 0.70)
Impatto

L’adozione di uno stack tecnologico stratificato e modulare consente ad AETERNA di raggiungere un livello di adattabilità e resilienza senza precedenti nel contesto delle micro-reti energetiche urbane. La matrice di compatibilità tra sistemi operativi permette di integrare dispositivi legacy e di nuova generazione, riducendo drasticamente i costi di transizione e favorendo la scalabilità incrementale della rete. L’interoperabilità garantita da protocolli standardizzati (MQTT, CoAP, gRPC) e l’adozione di middleware custom (ALRM, FL-AETERNA, MetaGov-SC) assicurano la continuità operativa anche in presenza di guasti o aggiornamenti infrastrutturali.

---

[DOCUMENTO ID: synthetic_data_AETERNA\Volume_10_gestione_delle_emergenze_e_continuità_operativa.md:0:37] (Rerank Score: 0.70)
Tabella: Specifiche Protocollo di Comunicazione d’Emergenza

Componente Tecnologia Sicurezza Affidabilità Note Operative Trasporto gRPC TLS 1.3 Retry esponenziale Supporto sincrono/asincrono, streaming bidirezionale Serializzazione Protocol Buffers HMAC-SHA256 Coda persistente locale Validazione schema automatica Autenticazione X.509 CA interna Certificati univoci Rotazione automatica Mutual TLS obbligatoria Rate Limiting Custom Middleware - Flood control Soglie dinamiche per scenario d’emergenza Audit/Notarizzazione Bit-Energy - Immutabilità eventi Audit trail su blockchain

Impatto

L’implementazione di un protocollo di comunicazione d’emergenza secondo le specifiche sopra descritte ha un impatto diretto e misurabile sulla resilienza e sulla robustezza del sistema AETERNA. In particolare:

---

[DOCUMENTO ID: synthetic_data_AETERNA\Volume_11_integrazione_con_le_energie_rinnovabili.md:0:93] (Rerank Score: 0.60)
Ruolo in AETERNA: Consentono l’inserimento dinamico di nuovi dispositivi nella micro-rete, con assegnazione automatica di permessi e configurazioni di sicurezza.

Vantaggi: Riduzione del time-to-market, minimizzazione degli errori umani, gestione centralizzata delle policy di accesso.

Diagramma e Tabelle

Diagramma di Flusso dell’Interoperabilità

graph TD
    A[""Dispositivo Eterogeneo (Inverter, Meter, Storage)""]
    B[""Middleware di Integrazione (OPC UA, API RESTful, MQTT)""]
    C[""Semantic Mapping Service""]
    D[""Ontologia Energetica (SAREF, CIM)""]
    E[""Piattaforma di Gestione AETERNA (Fog/Cloud)""]",5,1.0
Quali sono i tre moduli principali che compongono il telaio dell’H-Node v4?,"Modulo di potenza, modulo computazionale e modulo di interfaccia.",facile,"I tre moduli principali che compongono il telaio dell’H-Node v4 sono:

1. Modulo di potenza
2. Modulo computazionale
3. Modulo di interfaccia

Questi moduli sono fisicamente separabili tramite connettori a sgancio rapido, consentendo una gestione e manutenzione semplificata.","[1.0, 1.0, 1.0]","[DOCUMENTO ID: synthetic_data_AETERNA\Volume_03_specifiche_hardware_dell'h-node.md:0:3] (Rerank Score: 1.00)
Specifiche Tecniche e Protocolli

1. Struttura Modulare e Manutenzione

Chassis modulare: Il telaio dell’H-Node v4 è composto da tre moduli principali: modulo di potenza, modulo computazionale e modulo di interfaccia. Ogni modulo è fisicamente separabile tramite connettori a sgancio rapido, consentendo sostituzione hot-swap di componenti critici senza necessità di disinstallazione completa.

Interfacce di servizio: Ogni modulo integra connettori standardizzati (Kyoto 2.0 Service Port) per diagnostica, aggiornamento firmware e accesso diretto ai log di audit (auditLogRef), in conformità alle policy Bit-Energy.

---

[DOCUMENTO ID: synthetic_data_AETERNA\Volume_04_sicurezza_informatica_e_cyber-resilienza.md:0:3] (Rerank Score: 1.00)
Specifiche Tecniche e Protocolli

1. Superficie d’Attacco dei Nodi Edge (H-Node)

La superficie d’attacco degli H-Node è definita dall’insieme delle interfacce hardware, software e di comunicazione esposte verso l’esterno e verso gli altri livelli della micro-rete. Le principali componenti esposte sono:

Interfacce di Sensori: ingressi analogici/digitali per misurazione di energia, temperatura, umidità, presenza, ecc.

Moduli di Comunicazione: Wi-Fi, ZigBee, LoRaWAN, Ethernet, NFC/barcode.

Firmware e Stack di Protocollo: inclusi moduli AI embedded e agenti di sincronizzazione blockchain.

Storage Locale: contenente dati temporanei, log e chiavi crittografiche.

---

[DOCUMENTO ID: synthetic_data_AETERNA\Volume_08_gestione_dei_dati_e_privacy.md:0:3] (Rerank Score: 1.00)
Specifiche Tecniche e Protocolli

1. Livello di Raccolta Dati (Edge/Fog)

Gateway Edge H-Node: Ogni H-Node domestico e industriale è dotato di microcontrollore ARM Cortex-M7 con stack di comunicazione MQTT 5.0 e OPC-UA. Il firmware integra moduli per:

Pre-elaborazione (filtraggio outlier, compressione LZ4, normalizzazione timestamp ISO 8601)

Buffering locale (memoria non volatile, failover automatico in caso di perdita di connettività)

Firma digitale dei pacchetti dati (ECDSA secp256k1) per integrità e non ripudio

Protocolli di Trasporto: Tutti i dati sono veicolati su canali cifrati TLS 1.3, con autenticazione a doppio fattore (certificati X.509 + token hardware TPM).",2,1.0
In che modo il chipset Aeterna-Core X1 garantisce sia la sicurezza delle transazioni energetiche sia la gestione predittiva delle risorse negli H-Node?,"Il chipset Aeterna-Core X1 garantisce la sicurezza delle transazioni energetiche attraverso core crittografici dedicati (ASIC, 3.2 GHz) che supportano nativamente algoritmi Bit-Energy, SHA3-512 e curve elliptiche post-quantum, un Secure Enclave per la gestione protetta delle chiavi crittografiche, un modulo di randomizzazione entropica (TRNG) conforme a Kyoto 2.0, il protocollo Bit-Energy per la firma e verifica delle transazioni, Kyoto 2.0 Secure Boot per l’avvio protetto e circuiti anti-manomissione. La gestione predittiva delle risorse negli H-Node è abilitata dai core AI-dedicati (3.6 GHz) e dal modulo AI Accelerator, che permettono l’esecuzione locale di modelli di machine learning per il bilanciamento energetico e la manutenzione autonoma, supportati da uno scheduler AI-aware e dall’Hypervisor AETERNA che allocano dinamicamente le risorse in base ai carichi previsti.",media,"Il chipset Aeterna-Core X1 garantisce sia la sicurezza delle transazioni energetiche sia la gestione predittiva delle risorse negli H-Node attraverso una combinazione di soluzioni hardware e software avanzate. Ecco un riepilogo dettagliato dei due aspetti:

1. Sicurezza delle transazioni energetiche:
- Ottimizzazione hardware per la crittografia: Il Core ASIC a 3.2 GHz è progettato per operazioni crittografiche complesse, garantendo la robustezza delle transazioni Bit-Energy secondo le policy di auditabilità e sicurezza (standard Kyoto 2.0, Bit-Energy Ledger).
- Sandboxing avanzato per Smart Contract: Ogni smart contract eseguito sugli H-Node viene isolato in un container logico, separato dal kernel operativo. Questo impedisce che vulnerabilità nel codice utente possano compromettere il sistema host o altre istanze, preservando la resilienza operativa.
- Monitoraggio continuo e notarizzazione: Pipeline di remediation automatica e la notarizzazione degli eventi assicurano la tracciabilità e la conformità, abilitando trading energetico P2P sicuro e resiliente.

2. Gestione predittiva delle risorse:
- Scheduler AI-aware e Hypervisor dedicato: Un algoritmo di bilanciamento dinamico, consapevole dei carichi AI, prevede i picchi di utilizzo (es. durante il trading energetico) e rialloca in tempo reale le risorse hardware.
- Core AI ad alte prestazioni: I moduli AI (4 unità a 3.6 GHz) eseguono machine learning localmente per diagnosi predittiva, bilanciamento energetico e manutenzione preventiva, riducendo latenza e dipendenza dal cloud.
- Funzionalità di Predictive Maintenance & Self-Healing: Ogni H-Node diagnostica preventivamente lo stato delle sue componenti (batterie, inverter, ecc.) e, in caso di rischio guasto, attiva procedure di isolamento/auto-riparazione e invia alert digitalmente firmati.

In sintesi, Aeterna-Core X1 combina sicurezza end-to-end nelle transazioni con intelligenza predittiva locale, rendendo gli H-Node sicuri, autonomi e resilienti sia dal punto di vista della cybersecurity che della gestione delle risorse.","[1.0, 1.0, 1.0, 1.0, 0.9, 0.8]","[DOCUMENTO ID: synthetic_data_AETERNA\Volume_03_specifiche_hardware_dell'h-node.md:0:24] (Rerank Score: 1.00)
L’ottimizzazione hardware per le operazioni crittografiche (core ASIC a 3.2 GHz) garantisce la robustezza delle transazioni Bit-Energy e la conformità alle policy di auditabilità e sicurezza (Kyoto 2.0, Bit-Energy). La gestione energetica avanzata (DVFS, power gating) contribuisce a ridurre i consumi fino al 35% rispetto a soluzioni generiche, favorendo l’autarchia e la sostenibilità dell’intero sistema.

Infine, la modularità e la compatibilità retroattiva del chipset Aeterna-Core X1 assicurano la scalabilità e la resilienza della piattaforma AETERNA, ponendo le basi per l’evoluzione futura delle micro-reti energetiche urbane decentralizzate.

---

[DOCUMENTO ID: synthetic_data_AETERNA\Volume_04_sicurezza_informatica_e_cyber-resilienza.md:0:94] (Rerank Score: 1.00)
L’adozione di sandbox di esecuzione per smart contract negli H-Node di AETERNA rappresenta un elemento cardine per la sicurezza, la stabilità e la compliance dell’intero framework. L’isolamento rigoroso delle risorse impedisce che vulnerabilità nel codice degli utenti possano propagarsi al sistema operativo sottostante, preservando l’integrità operativa anche in scenari di attacco avanzato. Il monitoraggio continuo, integrato con pipeline di remediation automatica e notarizzazione degli eventi, assicura la tracciabilità e l’auditabilità richieste dagli standard Kyoto 2.0 e dal Bit-Energy Ledger. In ultima analisi, il sandboxing degli smart contract costituisce il fondamento tecnico che permette di abilitare il trading energetico P2P in modo sicuro, resiliente e conforme, sostenendo

---

[DOCUMENTO ID: synthetic_data_AETERNA\Volume_04_sicurezza_informatica_e_cyber-resilienza.md:0:83] (Rerank Score: 1.00)
L’esecuzione sicura degli smart contract rappresenta un requisito imprescindibile per la resilienza delle micro-reti energetiche decentralizzate, come delineato nell’architettura AETERNA. Gli smart contract, impiegati per il trading energetico P2P e la gestione delle risorse locali sugli H-Node, sono potenzialmente vettori di exploit logici, vulnerabilità di sicurezza e consumo anomalo di risorse. Per mitigare questi rischi, AETERNA adotta un modello di sandboxing avanzato, in cui ogni smart contract viene eseguito all’interno di un container logico rigorosamente isolato dal kernel operativo dell’H-Node e dalle altre istanze di smart contract. Tale approccio previene l’escalation di privilegi, impedisce la compromissione del sistema host e garantisce la continuità operativa

===

[DOCUMENTO ID: synthetic_data_AETERNA\Volume_03_specifiche_hardware_dell'h-node.md:0:19] (Rerank Score: 1.00)
API GraphQL autenticata: Accesso diretto alle metriche di stato del chipset, inclusi parametri di sicurezza, performance e integrità.

Compatibilità backward: Supporto per moduli legacy tramite bridge hardware/software, garantendo la continuità operativa degli H-Node v3/v4.

2.3 Gestione Parallela e Scheduling

Hypervisor AETERNA: Sistema di orchestrazione interna che assegna priorità ai processi crittografici e AI, garantendo la massima efficienza nell’allocazione delle risorse.

Scheduler AI-aware: Algoritmo di bilanciamento dinamico che prevede i picchi di carico (ad es. durante il trading P2P) e rialloca i core in tempo reale.

3. Diagramma e Tabelle

3.1 Diagramma Architetturale (Mermaid)

---

[DOCUMENTO ID: synthetic_data_AETERNA\Volume_01_visione_globale_e_filosofia_di_aeterna.md:0:138] (Rerank Score: 0.90)
3. Anticipazione e Prevenzione delle Crisi

a. Predictive Maintenance & Self-Healing - Ogni H-Node esegue diagnosi predittiva sulle proprie componenti (batterie, inverter, sensori) tramite modelli AI embedded. - In caso di rischio imminente di guasto, il nodo trasmette un “alert” firmato digitalmente al Fog Cluster, che coordina la riallocazione delle risorse e, se necessario, attiva la modalità di isolamento e auto-riparazione. - Il Cloud mantiene una mappa dinamica della resilienza della rete e suggerisce strategie di manutenzione preventiva.

---

[DOCUMENTO ID: synthetic_data_AETERNA\Volume_03_specifiche_hardware_dell'h-node.md:0:23] (Rerank Score: 0.80)
4. Impatto

L’introduzione del chipset Aeterna-Core X1 costituisce un salto qualitativo nell’ecosistema AETERNA, abilitando una sicurezza end-to-end e una gestione predittiva intelligente delle risorse energetiche a livello di H-Node. L’integrazione di core AI ad alte prestazioni (3.6 GHz, 4 unità) consente di eseguire localmente modelli di machine learning per il bilanciamento energetico, riducendo la latenza e la dipendenza dal livello Cloud, e abilitando l’autonomia decisionale delle micro-reti.",2,0.75
"Quali sono le fasi principali della pipeline di acquisizione e validazione dei dati di corrente negli H-Node del Progetto AETERNA e in che modo ciascuna di esse contribuisce a garantire accuratezza, sicurezza e tracciabilità dei dati secondo gli standard Kyoto 2.0 e Bit-Energy?","Le fasi principali della pipeline di acquisizione e validazione dei dati di corrente negli H-Node del Progetto AETERNA sono:

1. Acquisizione: Il segnale analogico generato dal sensore Hall viene digitalizzato localmente tramite ADC dedicato, con buffer circolare a bassa latenza (DMA). Questa fase garantisce accuratezza grazie al campionamento ad alta frequenza (100 kHz) e alla conversione a 16 bit, riducendo il rumore e preservando la fedeltà del dato.

2. Pre-elaborazione: Un microcontrollore AI-aware esegue in tempo reale la rimozione di outlier tramite filtri mediani adattivi, la compensazione termica, la correzione di offset e l’allineamento temporale dei campioni per la sincronizzazione multi-sensore. Queste operazioni migliorano la qualità e l’affidabilità dei dati, riducendo errori e distorsioni.

3. Validazione: Ogni batch di dati viene sottoposto a verifica di integrità tramite checksum SHA3-512, con generazione di auditLogRef per la tracciabilità conforme a Kyoto 2.0. Questa fase assicura la sicurezza e la tracciabilità dei dati, rendendo possibile l’audit e la certificazione delle informazioni raccolte.

4. Esposizione Dati: I dati validati sono resi disponibili alle API GraphQL autenticate e ai moduli AI/Trading tramite canale sicuro Bit-Energy. Questo garantisce che solo dati affidabili e sicuri vengano utilizzati per applicazioni critiche e trading energetico.

Ciascuna fase contribuisce a garantire accuratezza (tramite campionamento ad alta fedeltà, filtri e compensazioni), sicurezza (tramite isolamento galvanico, validazione crittografica, protezione anti-manomissione e canali sicuri) e tracciabilità (tramite auditLogRef, time-stamp crittografati, snapshotRefs e logging di anomalie), in piena conformità agli standard Kyoto 2.0 e Bit-Energy.",difficile,"Le fasi principali della pipeline di acquisizione e validazione dei dati di corrente negli H-Node del Progetto AETERNA – e il contributo di ciascuna alla accuratezza, sicurezza e tracciabilità secondo gli standard Kyoto 2.0 e Bit-Energy – sono le seguenti:

1. Acquisizione dati primaria
- Gli H-Node sono equipaggiati con smart meter certificati e TPM 2.0 per la firma digitale del dato di corrente.
- Viene raccolta la quantità energia prodotta/consumata con timestamp sincrono (NTP protetto).
→ Accuratezza e integrità: l’uso di smart meter certificati e firma digitale garantiscono che i dati siano precisi e non alterati alla fonte.

2. Sicurezza nella trasmissione
- Dati trasmessi da H-Node a Fog utilizzando TLS 1.3 con autenticazione mutua (Mutual TLS, certificati PKI), MFA, e cifratura end-to-end.
→ Sicurezza: Previene intercettazione/manomissione e spoofing delle comunicazioni.

3. Validazione multilivello
- I dati ricevuti sono sottoposti a filtri statistici, controllo tramite modelli AI (anomaly detection), verifica contro dati storici.
→ Accuratezza e affidabilità: Filtra errori grossolani o tentativi di injection/spoofing, garantendo solo dati genuini.

4. Timestamping e notarizzazione (Kyoto 2.0, Bit-Energy)
- Eventi chiave vengono dotati di marca temporale (timestamp) tramite orologio certificato e vengono notarizzati sia su blockchain privata AETERNA sia sul Bit-Energy Ledger.
→ Tracciabilità e non ripudiabilità: Ogni dato critico è inequivocabilmente associato a un momento nel tempo e può essere verificato a posteriori. Questo è fondamentale per compliance, audit e rendicontazione.

5. Pipeline di anonimizzazione e compliance ESG
- I dati, prima della condivisione o della reportistica, passano per processi di anonimizzazione (k-anonymity, differential privacy) ed entrano nella pipeline per la generazione automatica di report ESG.
→ Conformità e privacy: Protegge i dati sensibili e rende trasparente la rendicontazione, conforme agli standard internazionali.

6. Integrazione con sistemi di audit, trace e storage
- Ogni fase (dall’acquisizione alla validazione) è loggata tramite audit trail e data lineage su blockchain privata.
- Output separati per eventi real-time o per storage/reporting.
→ Tracciabilità: Permette la ricostruzione completa di ogni ciclo di vita del dato di corrente, facilitando la trasparenza e la verifica di terzi.

In sintesi, la pipeline AETERNA unisce tecnologie hardware (TPM, smart meter), protocolli sicuri (TLS, PKI), AI per la validazione, timestamping notarizzato e blockchain. Questo assicura accuratezza del dato nativo, sicurezza nella trasmissione e memoria crittograficamente verificabile e tracciabile, realizzando gli standard Kyoto 2.0 e Bit-Energy nei processi di acquisizione, validazione e storage dei dati di corrente.","[0.9, 0.9, 0.8, 0.8, 0.8]","[DOCUMENTO ID: synthetic_data_AETERNA\Volume_04_sicurezza_informatica_e_cyber-resilienza.md:0:7] (Rerank Score: 0.90)
2.2 Autenticazione e Integrità

Mutual TLS: Tutte le comunicazioni tra H-Node, Fog e Cloud sono cifrate e autenticate tramite certificati X.509 generati e gestiti dall’infrastruttura PKI AETERNA.

Attestazione Hardware: Ogni H-Node presenta un attestato firmato dal proprio HSM e validato dal Fog prima di accedere alle risorse di rete.

Timestamping Kyoto 2.0: Ogni evento critico è marcato temporalmente tramite RTC certificato, notarizzato su Bit-Energy Ledger.

2.3 Protezione contro Injection e Spoofing

Validazione Multi-Layer: I dati sensoriali sono sottoposti a filtri statistici, modelli AI di anomaly detection e cross-check con dati storici.

---

[DOCUMENTO ID: synthetic_data_AETERNA\Volume_20_business_model,_scalabilità_e_sostenibilità_economica.md:0:126] (Rerank Score: 0.90)
Protocolli di Raccolta e Validazione

Data Acquisition Protocol (DAP): Standardizza la raccolta dati da H-Node tramite API RESTful, con validazione locale (checksum, timestamping) e crittografia end-to-end.

Data Anonymization Pipeline (DAP2): Implementa tecniche di k-anonymity e differential privacy a livello Fog.

ESG Reporting Protocol: Automatizza la generazione di report ESG, integrando moduli di data visualization (Grafana) e dashboard interattive per stakeholder interni/esterni.

Smart Contract Notarization: Ogni dato critico relativo a impatto ambientale/sociale viene notarizzato su blockchain AETERNA, garantendo integrità e non ripudiabilità.

2. Indicatori e Metriche

Indicatori Quantitativi

---

[DOCUMENTO ID: synthetic_data_AETERNA\Volume_11_integrazione_con_le_energie_rinnovabili.md:0:45] (Rerank Score: 0.80)
1. Pipeline di Raccolta e Validazione Dati

a. Acquisizione Dati Primari

Smart Meter Certificati: Ogni punto di produzione (Edge H-Node) è dotato di smart meter conformi agli standard AETERNA, abilitati alla firma digitale tramite TPM 2.0 integrato.

Sicurezza di Trasmissione: I dati sono trasmessi verso i nodi di validazione Fog tramite protocollo TLS 1.3 con autenticazione a doppio fattore (MFA), assicurando confidenzialità e autenticità end-to-end.

Dati Raccolti:

Quantità di energia prodotta (kWh, granularità 5 min/1h)

Timestamp sincronizzato via NTP protetto

Parametri ambientali (es. radiazione solare, velocità del vento)

---

[DOCUMENTO ID: synthetic_data_AETERNA\Volume_14_monitoraggio,_telemetria_e_analisi_predittiva.md:0:12] (Rerank Score: 0.80)
L’architettura dei sistemi di monitoraggio implementata in AETERNA garantisce una raccolta dati affidabile, tempestiva e scalabile, abilitando la gestione ottimale di micro-reti energetiche decentralizzate. L’approccio modulare e l’adozione di tecnologie di orchestrazione avanzate (Kubernetes, code distribuite, motori di regole) consentono di adattare dinamicamente la pipeline a variazioni di carico e a nuove tipologie di dati, assicurando la continuità operativa anche in scenari di fault parziali o attacchi informatici. La stretta integrazione con i sistemi di audit e compliance – tramite blockchain privata, firma digitale e data lineage – rende il sistema trasparente e verificabile, facilitando la conformità agli standard Kyoto 2.0, Bit-Energy e alle normative internazionali di

---

[DOCUMENTO ID: synthetic_data_AETERNA\Volume_14_monitoraggio,_telemetria_e_analisi_predittiva.md:0:33] (Rerank Score: 0.80)
5. Integrazione con la Pipeline AETERNA

Compatibilità:

Integrazione nativa con i flussi dati validati (Kyoto 2.0, Drools).

Audit trail e tracciabilità predizioni tramite blockchain privata (standard Bit-Energy).

Output in Protobuf per eventi critici, JSON per reportistica e storage.

Sicurezza: trasporto cifrato (TLS 1.3), autenticazione PKI, segregazione dei dati sensibili.

Esempi di Implementazione

Autoencoder su Server Edge:

Addestrato su pattern di consumo energetico e temperatura CPU.

Rilevazione di drift anomali e spike atipici, con alert preventivo su possibili guasti hardware.

Random Forest su Log di Rete:

Addestramento su dataset storico di errori di trasmissione e congestione.",2,0.75
Qual è il costo stimato per l’implementazione del Multi-Radio Routing Engine (MRRE) su ciascun H-Node in ambiente urbano?,L'informazione non è disponibile nel testo,impossibile,"Il costo stimato per l’implementazione del Multi-Radio Routing Engine (MRRE) su ciascun H-Node in ambiente urbano è ricavabile dai dati di costo delle componenti hardware e software del nodo, considerando:

**1. Componenti Hardware Multi-Radio**
- Ogni H-Node integra i seguenti transceiver e relative componenti:
  - WiFi 7 (IEEE 802.11be)
  - Zigbee 4.0
  - LoRaWAN
- Microcontrollore centrale (Aeterna-Core X1 o equivalente ARM Cortex-M4/M7) e bus SPI ad alta velocità.
- Costi delle antenne e front-end RF dedicati.
- Layer di sicurezza hardware/software (Secure Enclave, Kyoto 2.0).

**2. Modulo Software MRRE**
- Il MRRE è incluso come parte del software embedded di gestione, che consente la selezione dinamica ottimizzata delle radio e la logica di failover.
- Il costo software comprende anche licenze per orchestratori, middleware e compliance security.

**3. Costi Stimati**
Da simulazioni di business model AETERNA:
- Costo hardware H-Node (inclusi gateway, sensori e tutto l’equipaggiamento radio): **250 € per nodo** (su cluster di 1000 unità).
- Licenze software (inclusi MRRE e altri moduli): **60 € per nodo** (su cluster di 1000 unità).
- Il costo totale stimato (hardware + software, incl. MRRE): **310 € per nodo**.

**Nota:** La stima è su scala urbana (cluster 1000 nodi). La sola quota software per MRRE isolata non è scorporata puntualmente nei documenti, ma risulta compresa nel pacchetto delle licenze embedded.

**Riepilogo:**
- **Costo stimato MRRE (hardware+software) per H-Node urbano:** circa **310 € per nodo**.
- Di cui la componente software (inclusi orchestratori e policy MRRE): circa **60 € per nodo**.

Questi costi comprendono tutte le funzionalità multi-radio avanzate richieste dall’ambiente urbano, la logica di routing dinamico, la sicurezza, e la predisposizione a scalabilità. Eventuali economie di scala o personalizzazioni di software possono incidere su queste cifre.

Hai bisogno anche di una suddivisione più dettagliata tra i vari transceiver o costi per altri ambienti (es. rurale)?","[0.6, 0.6, 0.6, 0.6, 0.6, 0.6, 0.6, 0.6, 0.6, 0.6, 1.0, 0.7, 0.7, 0.7, 0.7]","[DOCUMENTO ID: synthetic_data_AETERNA\Volume_03_specifiche_hardware_dell'h-node.md:0:41] (Rerank Score: 0.60)
Componenti principali:

Transceiver WiFi 7 (IEEE 802.11be): Supporta MIMO 4x4, ampiezza di banda fino a 320 MHz, throughput teorico >30 Gbps, crittografia WPA3-Enterprise con handshake hardware assistito.

Transceiver Zigbee 4.0: Topologia mesh, crittografia AES-256, latenza <10 ms, range tipico 10–100 m, consumo ultra-low-power.

Transceiver LoRaWAN: Spreading factor dinamico (SF7–SF12), range fino a 10 km in ambiente urbano, payload massimo 243 byte, autenticazione tramite chiavi EUI-64.

Routing Interno e Policy di Selezione Dinamica

Il routing interno tra le radio è orchestrato da un modulo software denominato Multi-Radio Routing Engine (MRRE), che implementa una logica di selezione multi-criterio. Il MRRE valuta in tempo reale i seguenti parametri:

---

[DOCUMENTO ID: synthetic_data_AETERNA\Volume_03_specifiche_hardware_dell'h-node.md:0:38] (Rerank Score: 0.60)
Nel contesto del framework AETERNA, la comunicazione affidabile, flessibile e a bassa latenza tra i nodi domestici (H-Node), i livelli Fog e il Cloud rappresenta un requisito imprescindibile per garantire la resilienza e la scalabilità della micro-rete energetica urbana. La crescente eterogeneità degli ambienti operativi, unita alla necessità di supportare sia trasmissioni ad alta velocità che collegamenti a lunga distanza e a basso consumo, impone l’adozione di un modulo di comunicazione multi-radio avanzato. Questo modulo, integrato nativamente su ciascun H-Node, abilita la coesistenza e la gestione simultanea di tre tecnologie radio: WiFi 7, Zigbee 4.0 e LoRaWAN. La selezione dinamica del canale di comunicazione più efficiente, basata

---

[DOCUMENTO ID: synthetic_data_AETERNA\Volume_03_specifiche_hardware_dell'h-node.md:0:48] (Rerank Score: 0.60)
Ottimizzare il consumo energetico degli H-Node, privilegiando Zigbee o LoRaWAN per trasmissioni non critiche o in modalità battery-saving, senza sacrificare la velocità e la larghezza di banda necessarie per operazioni di trading Bit-Energy o aggiornamenti OTA.

Aumentare la sicurezza operativa, grazie all’isolamento logico dei buffer radio e all’applicazione selettiva degli standard Kyoto 2.0 su canali ad alta affidabilità.

Abilitare scenari di self-healing e auto-configurazione della rete, fondamentali per la scalabilità e l’autarchia energetica urbana.

---

[DOCUMENTO ID: synthetic_data_AETERNA\Volume_03_specifiche_hardware_dell'h-node.md:0:42] (Rerank Score: 0.60)
Qualità del link (RSSI, SNR, LQI)

Latenza stimata e jitter

Carico di traffico su ciascuna radio

Stato di congestione/interferenza (analisi spettro RF)

Requisiti di sicurezza del payload (es. trasmissioni Kyoto 2.0)

Priorità del dato (telemetria critica, aggiornamenti OTA, trading Bit-Energy, etc.)

Vincoli energetici (modalità battery-saving)

Il MRRE aggiorna una tabella di routing interna ogni 100 ms, selezionando il canale ottimale per ciascun flusso dati. In caso di degrado di una radio (es. interferenza WiFi), il failover avviene in <50 ms verso la tecnologia disponibile più affidabile, garantendo la continuità operativa.

Policy di Sicurezza e Isolamento

---

[DOCUMENTO ID: synthetic_data_AETERNA\Volume_03_specifiche_hardware_dell'h-node.md:0:45] (Rerank Score: 0.60)
Diagramma e Tabelle

Diagramma Mermaid – Routing Interno Multi-Radio

graph TD
    A[""Microcontrollore Aeterna-Core X1""]
    B[""Radio Abstraction Layer (RAL)""]
    C[""Multi-Radio Routing Engine (MRRE)""]
    D[""Transceiver WiFi 7""]
    E[""Transceiver Zigbee 4.0""]
    F[""Transceiver LoRaWAN""]
    G[""Security Layer Kyoto 2.0""]
    H[""Buffer Isolati per ciascuna radio""]
    I[""Output verso API/Service Port""]

    A --> B
    B --> C
    C --> D
    C --> E
    C --> F
    D --> H
    E --> H
    F --> H
    H --> G
    G --> I

Tabella – Confronto Caratteristiche Radio

===

[DOCUMENTO ID: synthetic_data_AETERNA\Volume_03_specifiche_hardware_dell'h-node.md:0:41] (Rerank Score: 0.60)
Componenti principali:

Transceiver WiFi 7 (IEEE 802.11be): Supporta MIMO 4x4, ampiezza di banda fino a 320 MHz, throughput teorico >30 Gbps, crittografia WPA3-Enterprise con handshake hardware assistito.

Transceiver Zigbee 4.0: Topologia mesh, crittografia AES-256, latenza <10 ms, range tipico 10–100 m, consumo ultra-low-power.

Transceiver LoRaWAN: Spreading factor dinamico (SF7–SF12), range fino a 10 km in ambiente urbano, payload massimo 243 byte, autenticazione tramite chiavi EUI-64.

Routing Interno e Policy di Selezione Dinamica

Il routing interno tra le radio è orchestrato da un modulo software denominato Multi-Radio Routing Engine (MRRE), che implementa una logica di selezione multi-criterio. Il MRRE valuta in tempo reale i seguenti parametri:

---

[DOCUMENTO ID: synthetic_data_AETERNA\Volume_03_specifiche_hardware_dell'h-node.md:0:45] (Rerank Score: 0.60)
Diagramma e Tabelle

Diagramma Mermaid – Routing Interno Multi-Radio

graph TD
    A[""Microcontrollore Aeterna-Core X1""]
    B[""Radio Abstraction Layer (RAL)""]
    C[""Multi-Radio Routing Engine (MRRE)""]
    D[""Transceiver WiFi 7""]
    E[""Transceiver Zigbee 4.0""]
    F[""Transceiver LoRaWAN""]
    G[""Security Layer Kyoto 2.0""]
    H[""Buffer Isolati per ciascuna radio""]
    I[""Output verso API/Service Port""]

    A --> B
    B --> C
    C --> D
    C --> E
    C --> F
    D --> H
    E --> H
    F --> H
    H --> G
    G --> I

Tabella – Confronto Caratteristiche Radio

---

[DOCUMENTO ID: synthetic_data_AETERNA\Volume_03_specifiche_hardware_dell'h-node.md:0:38] (Rerank Score: 0.60)
Nel contesto del framework AETERNA, la comunicazione affidabile, flessibile e a bassa latenza tra i nodi domestici (H-Node), i livelli Fog e il Cloud rappresenta un requisito imprescindibile per garantire la resilienza e la scalabilità della micro-rete energetica urbana. La crescente eterogeneità degli ambienti operativi, unita alla necessità di supportare sia trasmissioni ad alta velocità che collegamenti a lunga distanza e a basso consumo, impone l’adozione di un modulo di comunicazione multi-radio avanzato. Questo modulo, integrato nativamente su ciascun H-Node, abilita la coesistenza e la gestione simultanea di tre tecnologie radio: WiFi 7, Zigbee 4.0 e LoRaWAN. La selezione dinamica del canale di comunicazione più efficiente, basata

---

[DOCUMENTO ID: synthetic_data_AETERNA\Volume_03_specifiche_hardware_dell'h-node.md:0:40] (Rerank Score: 0.60)
Specifiche Tecniche e Protocolli

Architettura Hardware e Layer di Astrazione

Il modulo multi-radio è composto da tre transceiver fisicamente separati, ciascuno dotato di antenna dedicata e front-end RF isolato, connessi a un bus SPI ad alta velocità gestito dal microcontrollore Aeterna-Core X1. Un layer di astrazione software (Radio Abstraction Layer, RAL) implementa la virtualizzazione delle interfacce radio, consentendo la gestione concorrente dei canali e la transizione seamless tra le tecnologie disponibili. Il RAL è responsabile dell’instradamento dei pacchetti, della negoziazione dei parametri di trasmissione e della gestione delle collisioni a livello MAC.

Componenti principali:

---

[DOCUMENTO ID: synthetic_data_AETERNA\Volume_02_architettura_di_sistema_a_tre_livelli.md:0:16] (Rerank Score: 0.60)
Specifiche Tecniche e Protocolli

Architettura Hardware: Micro-controller ARM-based

Gli H-Node Edge sono progettati attorno a micro-controller ARM Cortex-M (preferibilmente Cortex-M4/M7/M33) e, in configurazioni avanzate, SoC ARM Cortex-A o RISC-V compatibili. Le principali caratteristiche hardware includono:

Core ARM Cortex-M4/M7/M33: FPU integrata, DSP extension, supporto TrustZone (M33), clock fino a 600MHz, consumo ultra-low-power (<100μA/MHz).

Memoria: RAM da 512KB a 2MB, Flash da 2MB a 16MB, supporto per eMMC/SD esterna.

Periferiche: ADC/DAC multi-canale, GPIO isolati, I2C/SPI/UART, CAN bus, Ethernet PHY, Wi-Fi/BLE 5.0, ZigBee, LoRa.

===

[DOCUMENTO ID: synthetic_data_AETERNA\Volume_20_business_model,_scalabilità_e_sostenibilità_economica.md:0:40] (Rerank Score: 1.00)
Tabella 1 – Sintesi Costi e Ricavi (Valori Simulati, per cluster Fog)

Voce CAPEX (€) OPEX annuo (€) Ricavo annuo stimato (€) Note Hardware H-Node (1000 unità) 250.000 10.000 - Inclusi gateway e sensori Licenze software 60.000 12.000 - Orchestratori, AI, compliance Formazione personale 20.000 2.000 - Aggiornamento continuo Manutenzione e supporto - 15.000 - Contratti terzi Consumi energetici - 8.000 - Ottimizzati via AI Monetizzazione API - - 45.000 Pay-per-use, subscription Marketplace P2P - - 60.000 Fee sulle transazioni Bit-Energy Servizi premium - - 20.000 Profilazione, reportistica avanzata Totale 330.000 47.000 125.000

Tabella 2 – Analisi ROI e Payback Period

---

[DOCUMENTO ID: synthetic_data_AETERNA\Volume_20_business_model,_scalabilità_e_sostenibilità_economica.md:0:31] (Rerank Score: 0.70)
Specifiche Tecniche e Protocolli

Struttura dei Costi: CAPEX e OPEX

L’analisi economica del progetto distingue in modo netto tra costi capitalizzati (CAPEX) e costi operativi (OPEX), adottando metriche di misurazione standardizzate riconosciute a livello internazionale (es. Total Cost of Ownership, TCO).

CAPEX: Comprende l’acquisizione e l’installazione delle infrastrutture hardware (H-Node, gateway Fog, cluster Cloud), le licenze software (inclusi moduli AI, orchestratori Kubernetes, middleware di compliance Kyoto 2.0), la formazione specialistica del personale tecnico e la configurazione iniziale delle pipeline CI/CD multi-cluster.

---

[DOCUMENTO ID: synthetic_data_AETERNA\Volume_02_architettura_di_sistema_a_tre_livelli.md:0:3] (Rerank Score: 0.70)
Specifiche Tecniche e Protocolli

1. Stack Tecnologico per Livello

Edge Layer (H-Node)

Hardware Target: Microcontroller ARM Cortex-M, SoC RISC-V, gateway industriali x86.

Sistemi Operativi Supportati:

AETERNA-RTOS: Sistema operativo real-time custom, ottimizzato per sensor fusion, sicurezza e isolamento processi.

Linux Embedded: Debian/Ubuntu minimal, Yocto Project.

FreeRTOS: Per dispositivi ultra-low power.

Compatibilità Legacy: Bridge per sistemi proprietari (es. moduli KNX, BACnet).

Middleware:

ALRM (AETERNA Local Resource Manager): Gestione risorse, preprocessing dati, orchestrazione AI embedded.

Secure Enclave: Modulo hardware/software per chiavi crittografiche e root-of-trust.

---

[DOCUMENTO ID: synthetic_data_AETERNA\Volume_04_sicurezza_informatica_e_cyber-resilienza.md:0:19] (Rerank Score: 0.70)
Caratteristiche implementative: - Ogni sessione TLS ha un proprio nonce iniziale derivato da hardware RNG certificato. - I pacchetti dati includono un campo di autenticazione GCM (128 bit). - L’integrità è verificata a livello di payload e a livello di stream (MAC per ogni blocco).

3. Data Integrity: Firme Digitali e Timestamping

Ogni blocco dati energetici (es. misurazioni di consumo, produzione, scambio P2P) è firmato digitalmente dall’H-Node tramite chiave privata custodita in HSM/TEE. Il payload include: - Firma digitale (Dilithium) - Timestamp certificato (Kyoto 2.0) - UUID hardware del sensore - Nonce sessione

---

[DOCUMENTO ID: synthetic_data_AETERNA\Volume_04_sicurezza_informatica_e_cyber-resilienza.md:0:32] (Rerank Score: 0.70)
Specifiche Tecniche e Protocolli

1. Identità Digitale degli Attori

a. H-Node e Dispositivi IoT

Provisioning iniziale: Ogni H-Node e dispositivo IoT riceve un'identità digitale unica, composta da:

UUID hardware generato in fase di produzione.

Coppia di chiavi post-quantum (Kyber/Dilithium) certificate dalla PKI AETERNA.

Token hardware FIDO2 associato (opzionale per dispositivi a basso consumo, obbligatorio per H-Node).

Associazione biometrica: L'accesso amministrativo agli H-Node richiede la registrazione di almeno una credenziale biometrica (impronta digitale, riconoscimento facciale o vocale), memorizzata localmente in enclave TEE/HSM e mai esportata.",4,0.0
Quale colore dei LED di stato indica un’anomalia critica o un fault hardware/software sull’H-Node?,Il colore del LED di stato che indica un'anomalia critica o un fault hardware/software sull'H-Node è rosso.,facile,"Il colore dei LED di stato che indica un’anomalia critica o un fault hardware/software sull’H-Node è il ROSSO.

- Rosso (statico o lampeggio rapido): segnala anomalia critica, fault hardware/software, rischio sicurezza, isolamento automatico del nodo.
- Fonte: Standard AETERNA, Tabella Codici Colore LED di Stato per H-Node.","[1.0, 1.0, 0.7, 0.7, 0.6]","[DOCUMENTO ID: synthetic_data_AETERNA\Volume_03_specifiche_hardware_dell'h-node.md:0:59] (Rerank Score: 1.00)
Tabella: Codici Colore LED di Stato

Colore Stato Operativo Pattern Luminoso Evento Tipico Verde Normale Statico/Respiro Operatività standard, parametri nominali Blu Pairing/Maintenance Lampeggio lento (1 Hz) Associazione rete, aggiornamento firmware Ambra Warning/Attenzione Lampeggio rapido (4 Hz) Parametri fuori range, warning Kyoto 2.0 Rosso Critico/Fault Statico/Lampeggio rapido Isolamento nodo, fault hardware, rischio sicurezza

Impatto

---

[DOCUMENTO ID: synthetic_data_AETERNA\Volume_03_specifiche_hardware_dell'h-node.md:0:55] (Rerank Score: 1.00)
Codifica colori (standard AETERNA):

Verde: Operatività normale, parametri energetici e comunicativi nella norma.

Blu: Modalità di pairing/rete, aggiornamento firmware, operazioni di manutenzione programmata.

Ambra: Stato di attenzione: parametri fuori range non critici (es. lieve squilibrio energetico, warning comunicazione, aggiornamento policy Kyoto 2.0 in corso).

Rosso: Anomalia critica, fault hardware/software, rischio sicurezza, isolamento automatico del nodo.

Pattern luminosi: statico, lampeggio lento (1 Hz), lampeggio rapido (4 Hz), respiro (fade in/out 2 s), associati a specifici eventi secondo matrice di priorità.

4. Integrazione Firmware e Sicurezza

---

[DOCUMENTO ID: synthetic_data_AETERNA\Volume_03_specifiche_hardware_dell'h-node.md:0:60] (Rerank Score: 0.70)
Impatto

L’adozione di una interfaccia utente avanzata basata su display OLED, feedback tattile e codifica cromatica dei LED di stato incrementa in modo significativo sia la sicurezza operativa sia l’usabilità dell’H-Node nel contesto AETERNA. Dal punto di vista della resilienza, la possibilità di ricevere feedback multisensoriale e di attivare manualmente procedure di emergenza riduce drasticamente i tempi di risposta a fault critici e minimizza il rischio di errori umani in situazioni di stress. La standardizzazione dei codici colore e dei pattern luminosi, integrata con i protocolli di sicurezza Kyoto 2.0, consente una rapida identificazione dello stato del nodo a colpo d’occhio, anche da parte di personale non tecnico.

---

[DOCUMENTO ID: synthetic_data_AETERNA\Volume_03_specifiche_hardware_dell'h-node.md:0:58] (Rerank Score: 0.70)
Diagramma e Tabelle

Diagramma Mermaid – Architettura Interfaccia Utente H-Node

graph TD
    A[""Utente""] --> B[""Touch Capacitivo""]
    A --> C[""Display OLED""]
    A --> D[""Feedback Tattile""]
    B --> E[""Microcontrollore Aeterna-Core X1""]
    C --> E
    D --> E
    E --> F[""Driver LED di Stato""]
    E --> G[""Firmware AETERNA-UI""]
    F --> H[""LED RGB""]
    G --> C
    G --> D
    G --> F
    E --> I[""Modulo Sicurezza Kyoto 2.0""]
    I --> G
    E --> J[""MRRE""]
    G --> J

Tabella: Codici Colore LED di Stato

---

[DOCUMENTO ID: synthetic_data_AETERNA\Volume_03_specifiche_hardware_dell'h-node.md:0:50] (Rerank Score: 0.60)
L’interfaccia utente rappresenta il principale punto di contatto tra l’utente finale e l’H-Node all’interno dell’ecosistema AETERNA. In un contesto di micro-reti energetiche decentralizzate, la capacità di interagire in modo diretto, intuitivo e affidabile con il nodo locale è cruciale sia per la gestione ordinaria che per la risposta a condizioni anomale o di emergenza. La scelta di una combinazione tra display OLED ad alta risoluzione, feedback tattile e un sistema di LED di stato a codifica cromatica risponde a tre esigenze fondamentali: massima leggibilità in ogni condizione ambientale, immediatezza nella comunicazione di stato e anomalie, e possibilità di interazione fisica anche in caso di guasti parziali o degrado delle",2,1.0
In che modo il sistema di backup basato su super-condensatori contribuisce sia alla riduzione della manutenzione che al rispetto delle policy di sicurezza e tracciabilità richieste dal progetto AETERNA e dagli standard Kyoto 2.0?,"Il sistema di backup basato su super-condensatori contribuisce alla riduzione della manutenzione grazie all’assenza di fenomeni di degrado chimico, che caratterizzano invece le batterie tradizionali, e alla loro elevata longevità ciclica, riducendo così la necessità di interventi manutentivi e rendendo la soluzione compatibile con i vincoli di affidabilità e scalabilità richiesti dal progetto AETERNA. Per quanto riguarda il rispetto delle policy di sicurezza e tracciabilità richieste dal progetto AETERNA e dagli standard Kyoto 2.0, il sistema garantisce la trasmissione sicura e tempestiva dei dati critici anche in caso di blackout totale tramite la funzione Last Gasp data upload, che prevede la cifratura end-to-end dei dati, la firma digitale locale, il timestamping conforme a Kyoto 2.0 e la propagazione degli eventi di sicurezza per audit trail. In questo modo, vengono assicurate la persistenza, la tracciabilità e la sicurezza informativa dei dati, in linea con le policy e gli standard richiesti.",media,"Il sistema di backup basato su super-condensatori apporta contributi fondamentali sia per la riduzione della manutenzione che per l’aderenza alle policy di sicurezza e tracciabilità del progetto AETERNA e agli standard Kyoto 2.0 nei seguenti modi:

1. Riduzione della manutenzione:
- I super-condensatori hanno un ciclo di vita estremamente lungo (>500.000 cicli) rispetto alle batterie tradizionali e non soffrono di degrado chimico, rendendo minima la necessità di sostituzione e riducendo gli interventi programmati.
- L’assenza di materiali chimicamente instabili e la rapidità di carica/scarica agevolano una risposta pronta in situazioni critiche e riducono la frequenza di guasti connessi all’usura.
- La modularità e la tracciabilità integrata tramite QR code e interfacce come la Kyoto 2.0 Service Port rendono più rapidi ed efficienti i processi di manutenzione, riciclo e gestione degli interventi tecnici sulle unità (H-Node).

2. Sicurezza e tracciabilità (compliance AETERNA & Kyoto 2.0):
- Durante eventi critici o blackout, i super-condensatori alimentano il cosiddetto “Last Gasp data upload”, garantendo la trasmissione tempestiva e sicura dei dati critici anche in assenza totale di alimentazione primaria.
- Tutti i dati sono cifrati end-to-end con AES-256 e firmati digitalmente localmente, assicurando rispetto delle policy di sicurezza di AETERNA e prevenendo manipolazioni o perdite informative.
- Ogni evento rilevante (manutenzione, anomalie, aperture chassis) è tracciato con timestamp di precisione e audit trail, rispettando i requisiti di ricostruibilità e trasparenza dei processi sanciti dallo standard Kyoto 2.0.
- La continuità della catena degli eventi (tracciabilità ininterrotta) è garantita anche durante blackout, permettendo audit e ricostruzione dettagliata secondo policy Kyoto.

In sintesi, il sistema di backup con super-condensatori supporta la resilienza, minimizza gli oneri di manutenzione e abilita una tracciabilità integrale e sicura, elementi imprescindibili per il progetto AETERNA e la compliance Kyoto 2.0.","[0.9, 0.9, 0.8, 0.8, 0.8]","[DOCUMENTO ID: synthetic_data_AETERNA\Volume_03_specifiche_hardware_dell'h-node.md:0:72] (Rerank Score: 0.90)
Tabella: Parametri Chiave del Sistema di Backup

Componente Specifica Tecnica Note Operative Super-condensatori 20–40 F, 2.7–5.4 V, ESR < 20 mΩ Array serie/parallelo, ciclo vita >500.000 cicli SCM Monitoraggio I²C, protezione UV/OV Soglia cut-off 2.2 V, interrupt fault Budget Energetico ≥5 upload (4 kB), 30 s autonomia tipica Include margine per ritrasmissioni MRRE Modalità low-power, dual-radio Priorità LoRaWAN, fallback Zigbee Sicurezza Cifratura AES-256, firma digitale locale Policy Kyoto 2.0, audit trail Timestamping RTC Kyoto 2.0, precisione ±2 ppm Sincronizzazione automatica

Impatto

---

[DOCUMENTO ID: synthetic_data_AETERNA\Volume_03_specifiche_hardware_dell'h-node.md:0:12] (Rerank Score: 0.90)
Facilità di manutenzione e upgrade: La struttura modulare e la tracciabilità integrata tramite QR-code e Kyoto 2.0 Service Port abilitano processi di manutenzione e riciclo rapidi, riducendo downtime e costi di gestione.

Scalabilità urbana: Il design è ottimizzato per la replicabilità su larga scala, con processi produttivi e logistici orientati alla sostenibilità e alla compliance con gli standard interni AETERNA (Kyoto 2.0, Bit-Energy).

Compliance e auditabilità: Ogni evento rilevante (manutenzione, apertura chassis, anomalie EMI) è tracciato e firmato su storage distribuito, garantendo auditabilità e trasparenza secondo le policy Bit-Energy.

---

[DOCUMENTO ID: synthetic_data_AETERNA\Volume_03_specifiche_hardware_dell'h-node.md:0:64] (Rerank Score: 0.80)
I super-condensatori, grazie alla loro elevata densità di potenza, rapidità di carica/scarica e longevità ciclica, risultano particolarmente idonei a fornire brevi ma intense erogazioni di energia, necessarie a sostenere le operazioni critiche di shutdown controllato e trasmissione dati finale. A differenza delle batterie tradizionali, l’assenza di fenomeni di degrado chimico accelera la risposta del sistema e riduce la necessità di manutenzione, rendendo la soluzione compatibile con i vincoli di affidabilità e scalabilità richiesti dal progetto AETERNA.

Specifiche Tecniche e Protocolli

Architettura del Sistema di Backup

Il sottosistema di alimentazione di backup dell’H-Node si compone dei seguenti elementi principali:

---

[DOCUMENTO ID: synthetic_data_AETERNA\Volume_03_specifiche_hardware_dell'h-node.md:0:73] (Rerank Score: 0.80)
Impatto

L’implementazione del sistema di alimentazione di backup basato su super-condensatori per il Last Gasp data upload produce un impatto determinante sulla resilienza e affidabilità dell’ecosistema AETERNA, sia a livello micro (singolo H-Node) sia macro (rete urbana). In particolare:

Tracciabilità Ininterrotta: Assicura la persistenza dei dati critici e la continuità della catena di eventi, anche in scenari di blackout estesi, abilitando audit e ricostruzione forense secondo policy Kyoto 2.0.

Sicurezza e Compliance: La cifratura end-to-end e la firma digitale dei dati trasmessi in Last Gasp garantiscono la conformità agli standard interni AETERNA, prevenendo la perdita o la manipolazione di informazioni sensibili.

---

[DOCUMENTO ID: synthetic_data_AETERNA\Volume_03_specifiche_hardware_dell'h-node.md:0:62] (Rerank Score: 0.80)
La continuità operativa degli H-Node all’interno del framework AETERNA rappresenta un requisito imprescindibile per la resilienza dell’infrastruttura micro-rete, specialmente in scenari di blackout totale. In tale contesto, l’integrazione di un sistema di alimentazione di backup basato su super-condensatori (supercapacitor-based backup power system) risponde all’esigenza di garantire la trasmissione sicura e tempestiva dei dati critici raccolti dall’H-Node, anche in assenza completa di alimentazione primaria e secondaria. Questa funzione, denominata Last Gasp data upload, si configura come un meccanismo di fail-safe avanzato, in grado di preservare la tracciabilità degli eventi e la sicurezza informativa, elementi chiave per la governance energetica decentralizzata e la compliance agli standard Kyoto",2,0.75
"Quali sono le fasi e i meccanismi coinvolti nella sequenza di autodistruzione dei dati sensibili all’interno del modulo HSM di AETERNA in caso di rilevamento di un evento tamper, e come viene garantita la propagazione e la tracciabilità dell’evento di sicurezza attraverso la rete?","Le fasi e i meccanismi coinvolti nella sequenza di autodistruzione dei dati sensibili all’interno del modulo HSM di AETERNA in caso di rilevamento di un evento tamper sono:

1. Rilevamento dell’evento tamper tramite sensori fisici (micro-interruttori, sensori di pressione, loop conduttivi, sensori ottici) che identificano apertura del case, manipolazione del PCB, variazioni anomale di temperatura, esposizione a luce intensa o interruzione improvvisa di alimentazione.
2. Attivazione immediata del trigger di autodistruzione che comporta:
   - Wipe della SRAM (memoria volatile) tramite impulso di scarica controllata, alimentata da micro-batteria tampone in caso di power loss.
   - Disabilitazione hardware del bus dati.
   - Reset hardware e lockdown del modulo.
3. Invio di evento di sicurezza al sistema Aeterna-Core X1.
4. Trasmissione del log di sicurezza (“Last Gasp”, se possibile) via MRRE (LoRaWAN prioritario, fallback Zigbee) verso i livelli Fog e Cloud.
5. Cancellazione Sicura: La procedura di wipe segue la policy NIST SP 800-88 (overwrite multiplo, reset hardware, verifica di zeroization).
Ogni evento di autodistruzione genera un log firmato digitalmente, marcato con timestamp RTC Kyoto 2.0, che viene propagato per audit e attivazione di policy di quarantena del nodo compromesso.
6. La procedura di wipe segue la policy NIST SP 800-88 (overwrite multiplo, reset hardware, verifica di zeroization), garantendo la cancellazione sicura dei dati.

La propagazione e la tracciabilità dell’evento di sicurezza sono garantite dalla trasmissione del log firmato e timestampato via MRRE ai livelli Fog e Cloud, abilitando audit forense e strategie di quarantena automatica secondo le policy Kyoto 2.0 e Bit-Energy.",difficile,"Ecco una panoramica dettagliata delle fasi e dei meccanismi coinvolti nella sequenza di autodistruzione dei dati sensibili all’interno del modulo HSM di AETERNA in caso di evento tamper, e delle modalità di propagazione e tracciabilità dell’evento di sicurezza attraverso la rete:

Fasi e Meccanismi della Sequenza di Autodistruzione

1. Rilevamento Evento Tamper:
- I sensori (meccanici, conduttivi, di pressione e ambientali) rilevano un’anomalia come apertura del case, manipolazione del PCB, tagli, perforazioni, o variazioni ambientali sospette.
- Questi sensori sono connessi direttamente al modulo HSM in modo anti-manomissione.

2. Attivazione Sequenza Autodistruzione:
- I sensori inviano subito il segnale di evento tamper all’HSM.
- L’HSM esegue le seguenti azioni in sequenza:
 a. Trigger di Wipe della SRAM: cancellazione immediata della memoria volatile (SRAM) mediante impulso di scarica controllata.
 b. Disabilitazione Bus Dati: il bus di comunicazione (SPI/I²C) viene immediatamente reso inattivo a livello hardware.
 c. Cancellazione Sicura Dati Persistenti: 
  - Sovrascrittura multipla delle memorie flash secondo standard DoD 5220.22-M.
  - Distruzione logica delle chiavi HSM e rimozione di log locali e chiavi di sessione.
 d. Reset Hardware e Lockdown: il modulo entra in uno stato di lockdown e reset hardware, che impedisce qualsiasi ulteriore accesso.
- Se possibile, l’HSM invia un “log Last Gasp”, ossia l’ultima registrazione istantanea dello stato, verso sistemi esterni prima del completo spegnimento.

3. Policy di Logging e Audit:
- Ogni trigger di autodistruzione genera un log evento firmato digitalmente, utilizzando una chiave di sessione temporanea e timestampato tramite RTC Kyoto 2.0.
- Questo log viene inviato in modo immediato ad Aeterna-Core X1 e, se disponibile la connessione, anche a MRRE (sistema di raccolta eventi remoti eventuale).

Propagazione e Tracciabilità dell’Evento di Sicurezza

1. Propagazione:
- L’evento viene gestito e trasmesso dalla root of trust hardware (HSM) sino al livello Core (Aeterna-Core X1) e, attraverso la rete, verso i livelli Fog e Cloud. 
- La notifica EoL (End of Life) è firmata digitalmente dall’HSM e timestampata, per essere inviata al Cloud dove vengono attivate procedure aggiuntive (es. riciclo asset).

2. Tracciabilità:
- Tutti gli eventi sono loggati con firme digitali e timestamp per garantire auditabilità e non ripudiabilità.
- I log di sicurezza sono trasmessi e archiviati centralmente secondo gli standard ISO/IEC 27001 e ISO 50625 (“Data destruction”), assicurando la completa tracciabilità e riscontro formale di ogni incidente di sicurezza.
- Vengono preservate le informazioni sulle cause e sulle tempistiche dell’evento anche in caso di perdita completa del nodo fisico.

In sintesi: la sequenza di autodistruzione del modulo HSM in AETERNA prevede una reazione hardware automatica immediata, la distruzione delle chiavi e di ogni dato sensibile e la propagazione tempestiva e tracciata degli eventi di tamper attraverso la rete con garanzie forti di non manomissione e audit log.","[1.0, 0.9, 0.8, 0.7, 0.7]","[DOCUMENTO ID: synthetic_data_AETERNA\Volume_03_specifiche_hardware_dell'h-node.md:0:83] (Rerank Score: 1.00)
Sequenza di Autodistruzione

sequenceDiagram
    participant S as ""Sensori Tamper""
    participant H as ""HSM""
    participant C as ""Aeterna-Core X1""
    participant N as ""MRRE""
    S->>H: ""Rileva evento tamper""
    H->>H: ""Trigger wipe SRAM""
    H->>H: ""Disabilita bus dati""
    H->>C: ""Invia evento di sicurezza""
    H->>N: ""Invia log Last Gasp (se possibile)""
    H->>H: ""Reset hardware e lockdown""

Policy di Logging e Audit

Evento di Sicurezza: Ogni trigger di autodistruzione genera un log firmato digitalmente (con chiave di sessione temporanea), marcato con timestamp RTC Kyoto 2.0.

---

[DOCUMENTO ID: synthetic_data_AETERNA\Volume_03_specifiche_hardware_dell'h-node.md:0:122] (Rerank Score: 0.90)
La notifica EoL viene firmata digitalmente dall’HSM AETERNA, timestampata via RTC Kyoto 2.0 e trasmessa al Cloud per la registrazione e l’attivazione delle procedure di riciclo.

b. Cancellazione Sicura dei Dati

In conformità a ISO/IEC 27001 e ISO 50625-2-3 (“Data destruction”), l’H-Node esegue una cancellazione sicura (data sanitization) di tutte le informazioni sensibili: - Sovrascrittura multipla delle memorie flash (metodo DoD 5220.22-M) - Distruzione logica delle chiavi HSM - Rimozione dei log locali e delle chiavi di sessione

La conferma di avvenuta cancellazione viene loggata e firmata.

c. Disassemblaggio e Separazione

---

[DOCUMENTO ID: synthetic_data_AETERNA\Volume_03_specifiche_hardware_dell'h-node.md:0:81] (Rerank Score: 0.80)
Trigger di Autodistruzione dei Dati

Il modulo HSM implementa una matrice di trigger di autodistruzione, progettata per attivarsi in presenza di eventi anomali o tentativi di compromissione fisica. La logica è la seguente:

Tipologie di Trigger

Apertura del Case

Sensori meccanici rilevano la separazione del case esterno.

Trigger immediato di wipe della SRAM tramite impulso di scarica controllata.

Rimozione o Manipolazione del PCB

Loop conduttivi e sensori di pressione rilevano tagli, perforazioni o flessioni.

Attivazione simultanea di cancellazione e disabilitazione hardware del bus dati.

Anomalie Ambientali

---

[DOCUMENTO ID: synthetic_data_AETERNA\Volume_03_specifiche_hardware_dell'h-node.md:0:86] (Rerank Score: 0.70)
Diagramma e Tabelle

Diagramma a Blocchi – Architettura HSM

graph TD
    A[""Sensori Tamper""]
    B[""Secure Enclave (SRAM)""]
    C[""TRNG""]
    D[""Secure Bootloader""]
    E[""Micro-batteria""]
    F[""Bus SPI/I²C Sicuro""]
    G[""Aeterna-Core X1""]
    H[""MRRE""]
    I[""Case H-Node""]
    J[""Loop Conduttivi""]
    K[""Sensori Ambientali""]
    A --> B
    C --> B
    D --> B
    E --> B
    B --> F
    F --> G
    B --> H
    I --> A
    J --> A
    K --> A

Tabella: Trigger di Autodistruzione e Risposta

---

[DOCUMENTO ID: synthetic_data_AETERNA\Volume_03_specifiche_hardware_dell'h-node.md:0:89] (Rerank Score: 0.70)
L’adozione del modulo HSM come standard per la custodia delle chiavi private negli H-Node di AETERNA eleva il livello di sicurezza fisica e logica dei dispositivi IoT critici, riducendo drasticamente la superficie di attacco legata alla compromissione delle chiavi. La presenza di trigger di autodistruzione hardware garantisce che, anche in caso di accesso fisico non autorizzato o tentativi di reverse engineering, nessuna informazione sensibile possa essere estratta dal dispositivo. Questo approccio, conforme alle policy Kyoto 2.0 e agli standard interni Bit-Energy, contribuisce a mantenere la fiducia nella rete, impedendo attacchi di spoofing, replay o furto di identità digitale degli H-Node. Inoltre, la propagazione tempestiva degli eventi di sicurezza verso i livelli Fog e Cloud",2,0.75
Qual è il costo medio di implementazione per singolo Smart-Plug certificato AETERNA compatibile con il protocollo Auto-Aeterna Connect?,L'informazione non è disponibile nel testo.,impossibile,"Dalla documentazione AETERNA disponibile, non è stato rinvenuto un valore esplicito o una tabella dettagliata sul costo medio di implementazione per singolo Smart-Plug certificato AETERNA compatibile con il protocollo Auto-Aeterna Connect.

Tuttavia, ecco i principali elementi rilevanti che influenzano il costo:

- La piattaforma AETERNA prevede l’utilizzo di Smart-Plug certificati che operano con il protocollo Auto-Aeterna Connect, includendo funzioni di discovery sicuro, pairing crittografico, aggiornamenti firmware OTA, logging compliance Kyoto 2.0 e fallback di compatibilità tramite moduli bridge per dispositivi legacy.
- I costi di implementazione sono ottimizzati grazie a standardizzazione, automazione dei flussi e aggiornamenti centralizzati, come dettagliato nei volumi sulla sostenibilità e il business model del progetto AETERNA.
- Non sono comunque presenti, nei principali documenti tecnici, indicazioni puntuali sui costi per singolo dispositivo, ma si ribadisce come la standardizzazione (hardware e protocollo Auto-Aeterna Connect) e l’automazione consentano di contenere e prevedere i costi di rollout rispetto a soluzioni legacy.

**In sintesi:** Il costo medio di implementazione di uno Smart-Plug certificato AETERNA dipende dal produttore hardware, dai volumi di acquisto, dalla necessità (o meno) di retrofit tramite bridge e dalla complessità di integrazione con l'infrastruttura locale. Le linee guida tecniche AETERNA puntano a mantenerlo competitivo e predicibile, ma per un valore quantitativo è necessario richiedere un preventivo diretto ai partner hardware certificati AETERNA, poiché nessun prezzo medio è pubblicato nella documentazione ufficiale.

Desideri informazioni sui principali fornitori e sulle possibili fasce di prezzo di mercato? Oppure hai bisogno di dettagli su come si compone il costo di implementazione (hardware, licenze, installazione, gestione)?","[0.2, 0.0, 0.0, 0.0, 0.0, 0.0, 0.0, 0.0, 0.0, 0.0, 0.7, 0.6, 0.3, 0.2, 0.2, 0.0, 0.0, 0.0, 0.0, 0.0]","[DOCUMENTO ID: synthetic_data_AETERNA\Volume_03_specifiche_hardware_dell'h-node.md:0:94] (Rerank Score: 0.20)
2. Specifiche Tecniche e Protocolli

2.1 Architettura di Integrazione

La connessione tra H-Node e Smart-Plug avviene tramite un canale wireless locale (MRRE – LoRaWAN prioritario, fallback Zigbee) autenticato a livello fisico e logico. Il protocollo Auto-Aeterna Connect si articola in tre fasi principali:

Discovery Sicuro

Il dispositivo Smart-Plug, all’accensione o reset, trasmette periodicamente un beacon crittografato contenente un identificatore univoco (UUID v4) e un nonce generato da TRNG onboard.

Solo H-Node con policy Kyoto 2.0 attiva possono decifrare e rispondere ai beacon, riducendo il rischio di enumerazione e attacchi di profiling.

Pairing Crittografico

---

[DOCUMENTO ID: synthetic_data_AETERNA\Volume_03_specifiche_hardware_dell'h-node.md:0:98] (Rerank Score: 0.00)
Audit e Logging: Tutte le operazioni di pairing, controllo e disconnessione sono registrate con log firmati e timestampati, secondo le specifiche Kyoto 2.0.

2.4 Compatibilità e Interoperabilità

Compatibilità Retroattiva: Smart-Plug legacy possono essere integrati tramite moduli bridge certificati AETERNA, che implementano Auto-Aeterna Connect su hardware esterno.

Aggiornabilità: Il protocollo supporta aggiornamenti OTA (Over-The-Air) sicuri, con verifica firma firmware e rollback automatico in caso di fallimento.

3. Diagramma e Tabelle

3.1 Diagramma di Sequenza – Pairing Auto-Aeterna Connect

---

[DOCUMENTO ID: synthetic_data_AETERNA\Volume_03_specifiche_hardware_dell'h-node.md:0:91] (Rerank Score: 0.00)
Capitolo 8: Integrazione con Carichi Domestici (Smart-Plug)

Protocollo Auto-Aeterna Connect

1. Introduzione Teorica

---

[DOCUMENTO ID: synthetic_data_AETERNA\Volume_03_specifiche_hardware_dell'h-node.md:0:92] (Rerank Score: 0.00)
L’integrazione intelligente dei carichi domestici rappresenta un elemento chiave per il raggiungimento dell’autarchia energetica urbana, obiettivo fondante del Progetto AETERNA. In tale contesto, la gestione dinamica e predittiva dei carichi (Demand Side Management, DSM) viene abilitata attraverso la connessione sicura e automatica di dispositivi elettrodomestici (es. lavatrici, pompe di calore, climatizzatori) ai nodi edge (H-Node) della micro-rete domestica. Il protocollo Auto-Aeterna Connect è stato sviluppato come standard interno per garantire un pairing rapido, sicuro e interoperabile tra H-Node e Smart-Plug certificati AETERNA, superando le limitazioni dei protocolli legacy (es. Zigbee Simple Pairing, WiFi WPS) in termini di sicurezza, automazione e

---

[DOCUMENTO ID: synthetic_data_AETERNA\Volume_13_interoperabilità_e_standardizzazione_internazionale.md:0:84] (Rerank Score: 0.00)
Riduzione dei tempi di onboarding: La disponibilità di specifiche formali, mock server e documentazione interattiva consente ai nuovi partner (es. fornitori di servizi, integratori di smart city, utility) di comprendere e integrare rapidamente le API, riducendo il time-to-market delle nuove integrazioni.

Miglioramento della qualità e della sicurezza: Il testing continuo di compatibilità contrattuale e la validazione automatica delle specifiche riducono il rischio di regressioni, vulnerabilità e incoerenze tra i moduli.

Facilitazione della scalabilità: La coerenza delle interfacce e la gestione automatizzata della documentazione permettono di scalare l’ecosistema AETERNA sia in termini di numero di partner che di evoluzione funzionale, senza introdurre debito tecnico.

===

[DOCUMENTO ID: synthetic_data_AETERNA\Volume_03_specifiche_hardware_dell'h-node.md:0:98] (Rerank Score: 0.00)
Audit e Logging: Tutte le operazioni di pairing, controllo e disconnessione sono registrate con log firmati e timestampati, secondo le specifiche Kyoto 2.0.

2.4 Compatibilità e Interoperabilità

Compatibilità Retroattiva: Smart-Plug legacy possono essere integrati tramite moduli bridge certificati AETERNA, che implementano Auto-Aeterna Connect su hardware esterno.

Aggiornabilità: Il protocollo supporta aggiornamenti OTA (Over-The-Air) sicuri, con verifica firma firmware e rollback automatico in caso di fallimento.

3. Diagramma e Tabelle

3.1 Diagramma di Sequenza – Pairing Auto-Aeterna Connect

---

[DOCUMENTO ID: synthetic_data_AETERNA\Volume_15_formazione,_supporto_e_community.md:0:15] (Rerank Score: 0.00)
Supporto alla compliance normativa: L’allineamento ai requisiti Kyoto 2.0 e Bit-Energy, nonché agli standard di accessibilità WCAG 2.1, posiziona AETERNA come soluzione di riferimento in termini di responsabilità sociale e sostenibilità.

Ottimizzazione dei workflow: L’integrazione con i sistemi di autenticazione e i workflow automatizzati consente di ridurre i tempi di gestione, migliorare la qualità del servizio e garantire la coerenza dei processi formativi rispetto all’evoluzione della piattaforma.

---

[DOCUMENTO ID: synthetic_data_AETERNA\Volume_13_interoperabilità_e_standardizzazione_internazionale.md:0:84] (Rerank Score: 0.00)
Riduzione dei tempi di onboarding: La disponibilità di specifiche formali, mock server e documentazione interattiva consente ai nuovi partner (es. fornitori di servizi, integratori di smart city, utility) di comprendere e integrare rapidamente le API, riducendo il time-to-market delle nuove integrazioni.

Miglioramento della qualità e della sicurezza: Il testing continuo di compatibilità contrattuale e la validazione automatica delle specifiche riducono il rischio di regressioni, vulnerabilità e incoerenze tra i moduli.

Facilitazione della scalabilità: La coerenza delle interfacce e la gestione automatizzata della documentazione permettono di scalare l’ecosistema AETERNA sia in termini di numero di partner che di evoluzione funzionale, senza introdurre debito tecnico.

---

[DOCUMENTO ID: synthetic_data_AETERNA\Volume_20_business_model,_scalabilità_e_sostenibilità_economica.md:0:72] (Rerank Score: 0.00)
L’ottimizzazione dei costi operativi rappresenta un asse portante per la sostenibilità a lungo termine e la competitività del Progetto AETERNA. In un contesto di micro-reti energetiche urbane, caratterizzato da elevata dinamicità e complessità infrastrutturale, la riduzione sistematica degli sprechi, delle inefficienze e dei costi ricorrenti è un obiettivo imprescindibile. L’approccio adottato da AETERNA si fonda su una combinazione sinergica di automazione, standardizzazione e adozione di strumenti di monitoring avanzati, supportati da una infrastruttura cloud elastica e da componenti di intelligenza artificiale. L’analisi e il controllo in tempo reale delle principali voci di spesa, abilitati da dashboard analitiche, consentono una gestione

---

[DOCUMENTO ID: synthetic_data_AETERNA\Volume_07_smart_contract_e_tokenizzazione_energetica.md:0:3] (Rerank Score: 0.00)
Specifiche Tecniche e Protocolli

1. Struttura Modulare dei Contratti

L’implementazione degli smart contract in AETERNA si articola su una gerarchia modulare, in cui ciascun modulo è responsabile di un dominio funzionale specifico. I principali moduli sono:

Gestione Identità e Ruoli: Utilizza un registro distribuito degli attori (Identity Registry) con supporto per la gestione granulare dei ruoli (prosumers, consumers, operatori di Fog Layer, amministratori di Cloud Layer). L’autenticazione avviene tramite chiavi pubbliche, mentre l’autorizzazione è gestita da un sistema RBAC integrato nel contratto.

===

[DOCUMENTO ID: synthetic_data_AETERNA\Volume_19_aspetti_legali,_regolatori_e_normativi.md:0:8] (Rerank Score: 0.70)
Requisiti Tecnici: - Implementazione di adapter/proxy per la traduzione tra protocolli legacy e standard UE. - Validazione automatica degli schemi dati (JSON Schema, XML Schema). - Monitoraggio continuo della compliance ai profili di interoperabilità definiti (test suite automatizzate).

3. Direttiva 2012/27/UE – Efficienza Energetica

a) Monitoraggio e Reporting dei Consumi

La direttiva impone l’implementazione di sistemi di monitoraggio, misurazione e reporting dei consumi energetici, sia a livello di singolo utente che di aggregato di rete. AETERNA integra una sensoristica distribuita (smart meter, IoT sensor edge) con pipeline di raccolta dati resilienti e sistemi di analisi predittiva AI-driven.

---

[DOCUMENTO ID: synthetic_data_AETERNA\Volume_06_algoritmi_di_ottimizzazione_energetica.md:0:122] (Rerank Score: 0.60)
Visualizzazione in tempo reale dei costi energetici per zona (Edge, Fog, Cloud).

Breakdown dettagliato per fonte, periodo, tipologia di carico.

Heatmap delle inefficienze e alert automatici su superamento soglie di costo.

Integrazione con dati ERP (via RESTful API sicure) per correlazione tra costi energetici, budget e performance finanziarie.

3. Integrazione con Sistemi ERP

L’integrazione tra AETERNA e i sistemi ERP avviene tramite un connettore middleware (AETERNA-ERP Bridge), che espone:

RESTful API per la sincronizzazione bidirezionale di dati energetici (consumi, costi, ordini di acquisto) e dati economici (budget, forecast, ordini di manutenzione).

---

[DOCUMENTO ID: synthetic_data_AETERNA\Volume_11_integrazione_con_le_energie_rinnovabili.md:0:93] (Rerank Score: 0.30)
Ruolo in AETERNA: Consentono l’inserimento dinamico di nuovi dispositivi nella micro-rete, con assegnazione automatica di permessi e configurazioni di sicurezza.

Vantaggi: Riduzione del time-to-market, minimizzazione degli errori umani, gestione centralizzata delle policy di accesso.

Diagramma e Tabelle

Diagramma di Flusso dell’Interoperabilità

graph TD
    A[""Dispositivo Eterogeneo (Inverter, Meter, Storage)""]
    B[""Middleware di Integrazione (OPC UA, API RESTful, MQTT)""]
    C[""Semantic Mapping Service""]
    D[""Ontologia Energetica (SAREF, CIM)""]
    E[""Piattaforma di Gestione AETERNA (Fog/Cloud)""]

---

[DOCUMENTO ID: synthetic_data_AETERNA\Volume_20_business_model,_scalabilità_e_sostenibilità_economica.md:0:72] (Rerank Score: 0.20)
L’ottimizzazione dei costi operativi rappresenta un asse portante per la sostenibilità a lungo termine e la competitività del Progetto AETERNA. In un contesto di micro-reti energetiche urbane, caratterizzato da elevata dinamicità e complessità infrastrutturale, la riduzione sistematica degli sprechi, delle inefficienze e dei costi ricorrenti è un obiettivo imprescindibile. L’approccio adottato da AETERNA si fonda su una combinazione sinergica di automazione, standardizzazione e adozione di strumenti di monitoring avanzati, supportati da una infrastruttura cloud elastica e da componenti di intelligenza artificiale. L’analisi e il controllo in tempo reale delle principali voci di spesa, abilitati da dashboard analitiche, consentono una gestione

---

[DOCUMENTO ID: synthetic_data_AETERNA\Volume_11_integrazione_con_le_energie_rinnovabili.md:0:91] (Rerank Score: 0.20)
Ruolo in AETERNA: Utilizzato per la telemetria in tempo reale tra H-Node, Fog Node e Cloud, nonché per la propagazione di eventi e comandi.

Vantaggi: Efficienza, scalabilità, supporto per Quality of Service (QoS), compatibilità con TLS 1.3.

Semantic Mapping Service

Descrizione: Servizio di mapping semantico tra modelli dati eterogenei (es. Modbus <-> IEC 61850).

Ruolo in AETERNA: Traduce in tempo reale i payload dei dispositivi secondo ontologie energetiche condivise, garantendo la coerenza semantica delle informazioni.

Vantaggi: Riduzione della complessità di integrazione, automazione dei processi di discovery, supporto per l’evoluzione degli schemi dati.

3. Modelli Semantici e Ontologie Energetiche

===

[DOCUMENTO ID: synthetic_data_AETERNA\Volume_03_specifiche_hardware_dell'h-node.md:0:98] (Rerank Score: 0.00)
Audit e Logging: Tutte le operazioni di pairing, controllo e disconnessione sono registrate con log firmati e timestampati, secondo le specifiche Kyoto 2.0.

2.4 Compatibilità e Interoperabilità

Compatibilità Retroattiva: Smart-Plug legacy possono essere integrati tramite moduli bridge certificati AETERNA, che implementano Auto-Aeterna Connect su hardware esterno.

Aggiornabilità: Il protocollo supporta aggiornamenti OTA (Over-The-Air) sicuri, con verifica firma firmware e rollback automatico in caso di fallimento.

3. Diagramma e Tabelle

3.1 Diagramma di Sequenza – Pairing Auto-Aeterna Connect

---

[DOCUMENTO ID: synthetic_data_AETERNA\Volume_14_monitoraggio,_telemetria_e_analisi_predittiva.md:0:54] (Rerank Score: 0.00)
con servizi di smart city, consolidando il ruolo di AETERNA come piattaforma abilitante per l’autarchia energetica urbana.

---

[DOCUMENTO ID: synthetic_data_AETERNA\Volume_03_specifiche_hardware_dell'h-node.md:0:94] (Rerank Score: 0.00)
2. Specifiche Tecniche e Protocolli

2.1 Architettura di Integrazione

La connessione tra H-Node e Smart-Plug avviene tramite un canale wireless locale (MRRE – LoRaWAN prioritario, fallback Zigbee) autenticato a livello fisico e logico. Il protocollo Auto-Aeterna Connect si articola in tre fasi principali:

Discovery Sicuro

Il dispositivo Smart-Plug, all’accensione o reset, trasmette periodicamente un beacon crittografato contenente un identificatore univoco (UUID v4) e un nonce generato da TRNG onboard.

Solo H-Node con policy Kyoto 2.0 attiva possono decifrare e rispondere ai beacon, riducendo il rischio di enumerazione e attacchi di profiling.

Pairing Crittografico

---

[DOCUMENTO ID: synthetic_data_AETERNA\Volume_15_formazione,_supporto_e_community.md:0:15] (Rerank Score: 0.00)
Supporto alla compliance normativa: L’allineamento ai requisiti Kyoto 2.0 e Bit-Energy, nonché agli standard di accessibilità WCAG 2.1, posiziona AETERNA come soluzione di riferimento in termini di responsabilità sociale e sostenibilità.

Ottimizzazione dei workflow: L’integrazione con i sistemi di autenticazione e i workflow automatizzati consente di ridurre i tempi di gestione, migliorare la qualità del servizio e garantire la coerenza dei processi formativi rispetto all’evoluzione della piattaforma.

---

[DOCUMENTO ID: synthetic_data_AETERNA\Volume_10_gestione_delle_emergenze_e_continuità_operativa.md:0:70] (Rerank Score: 0.00)
da AETERNA si fonda su una strategia multi-vendor e multi-cloud, integrando meccanismi di health-check proattivi, piani di fallback automatico, contratti SLA con clausole di emergenza e una documentazione tecnica delle interfacce costantemente aggiornata. Questo assetto consente una risposta tempestiva e automatizzata agli eventi di indisponibilità, minimizzando l’impatto sulle funzioni core del sistema e garantendo la compliance agli standard interni (Kyoto 2.0, Bit-Energy).",5,0.75
Qual è la funzione della Partition B nella memoria flash dell’H-Node durante la procedura di aggiornamento firmware OTA?,"Partition B nella memoria flash dell’H-Node viene utilizzata come area di staging per l’upload e la verifica della nuova release firmware durante la procedura di aggiornamento OTA; il firmware validato viene scritto interamente su Partition B, dove vengono effettuate le verifiche di firma digitale e checksum, e solo dopo il superamento di questi controlli Partition B può diventare la nuova partizione attiva al riavvio.",facile,"La funzione della Partition B nella memoria flash dell’H-Node durante la procedura di aggiornamento firmware OTA è quella di servire come partizione di staging. In dettaglio:

- Quando viene ricevuto un nuovo firmware, questo, dopo la verifica della firma digitale tramite l’HSM, viene scritto interamente su Partition B.
- Partition B permette di caricare e verificare la nuova release senza alterare quella attualmente in funzione (che rimane su Partition A, la partizione attiva).
- Viene poi effettuata una verifica del checksum sull’immagine scritta in Partition B.
- Solo se il checksum corrisponde e la firma digitale è valida, il bootloader imposta la Partition B come nuova partizione attiva al prossimo riavvio.
- Dopo il reboot e il superamento di un test di integrità (sanity check), Partition B diventa effettivamente la nuova partizione attiva. Partition A viene a quel punto marcata come staging per eventuali aggiornamenti futuri.
- In caso di errore o fallimento della verifica, viene eseguito il rollback automatico sulla Partition A.

In sintesi: Partition B esiste per caricare, verificare e validare in modo sicuro il nuovo firmware, assicurando che nessun codice non autorizzato venga eseguito e garantendo una procedura di aggiornamento sicura e senza downtime.","[1.0, 1.0, 1.0, 1.0, 1.0]","[DOCUMENTO ID: synthetic_data_AETERNA\Volume_03_specifiche_hardware_dell'h-node.md:0:106] (Rerank Score: 1.00)
Specifiche Tecniche e Protocolli

1. Architettura Dual-Boot

L’H-Node implementa una memoria flash segmentata in due partizioni principali:

Partition A (Active): contiene la versione attualmente in esecuzione del firmware.

Partition B (Staging): destinata all’upload e alla verifica della nuova release firmware.

Un bootloader avanzato, residente in una sezione protetta e non sovrascrivibile della flash, gestisce la logica di selezione della partizione attiva, il controllo delle firme digitali, la verifica del checksum e l’eventuale rollback.

Sequenza di Aggiornamento OTA

Ricezione e Decodifica: Il firmware viene ricevuto tramite canale MRRE-LoRaWAN o fallback Zigbee, cifrato e firmato digitalmente secondo le policy Kyoto 2.0.

---

[DOCUMENTO ID: synthetic_data_AETERNA\Volume_03_specifiche_hardware_dell'h-node.md:0:111] (Rerank Score: 1.00)
sequenceDiagram
    participant Cloud as ""Cloud""
    participant Fog as ""Fog""
    participant HNode as ""H-Node""
    participant Bootloader as ""Bootloader""
    participant HSM as ""HSM""
    participant RTC as ""RTC""
    Cloud->>Fog: ""Invio nuovo firmware""
    Fog->>HNode: ""Propagazione firmware cifrato""
    HNode->>HSM: ""Verifica firma digitale""
    HSM-->>HNode: ""Firma valida""
    HNode->>Bootloader: ""Scrittura su Partition B""
    Bootloader->>HNode: ""Checksum SHA-256""
    alt Checksum OK
        Bootloader->>RTC: ""Timestamp update""
        Bootloader->>Bootloader: ""Switch boot flag""

---

[DOCUMENTO ID: synthetic_data_AETERNA\Volume_03_specifiche_hardware_dell'h-node.md:0:107] (Rerank Score: 1.00)
Verifica Firma Digitale: Il modulo HSM AETERNA verifica la firma del pacchetto firmware utilizzando la chiave pubblica root della CA interna.

Scrittura su Partition B: Il firmware validato viene scritto interamente su Partition B, senza alterare la partizione attiva.

Verifica Checksum: Viene calcolato il checksum SHA-256 dell’immagine scritta e confrontato con il valore dichiarato nel manifest del firmware.

Switch Boot Flag: Se la verifica ha esito positivo, il bootloader aggiorna la boot flag per avviare Partition B al prossimo riavvio.

Boot e Sanity Check: Al reboot, il sistema esegue un sanity check (test funzionali minimi e verifica integrità) sulla nuova release.

---

[DOCUMENTO ID: synthetic_data_AETERNA\Volume_03_specifiche_hardware_dell'h-node.md:0:105] (Rerank Score: 1.00)
Per rispondere a tali esigenze, AETERNA adotta un sistema di aggiornamento firmware Over-The-Air (OTA) basato su architettura dual-boot, in grado di garantire atomicità, sicurezza crittografica e totale assenza di downtime. Il sistema prevede la verifica integrale della firma digitale e del checksum del firmware ricevuto, attivando in caso di errore una procedura automatica di rollback che ripristina la versione precedente e assicura la continuità operativa dell’H-Node. Tale meccanismo si integra nativamente con i moduli HSM AETERNA e le policy di logging Kyoto 2.0, garantendo auditabilità e tracciabilità di ogni evento critico.

Specifiche Tecniche e Protocolli

1. Architettura Dual-Boot

---

[DOCUMENTO ID: synthetic_data_AETERNA\Volume_03_specifiche_hardware_dell'h-node.md:0:108] (Rerank Score: 1.00)
Commit Definitivo: Solo dopo il superamento del sanity check, Partition B diventa la nuova partizione attiva e Partition A viene marcata come staging per futuri aggiornamenti.

2. Procedura di Rollback Automatico

In caso di errore di checksum (o fallimento della firma digitale), la procedura di rollback si attiva secondo la seguente sequenza:

Rilevamento Errore: Se il checksum calcolato su Partition B non coincide con il valore atteso, il bootloader registra un evento critico nel log firmato (Kyoto 2.0).

Blocco Esecuzione: L’avvio della nuova release viene immediatamente bloccato; nessun codice non verificato viene eseguito.

Ripristino Boot Flag: Il bootloader ripristina la boot flag su Partition A (ultima versione funzionante e verificata).",2,1.0
In che modo la tracciabilità dei materiali critici e la cancellazione sicura dei dati vengono integrate nel processo di fine vita dell’H-Node secondo le procedure del progetto AETERNA?,"La tracciabilità dei materiali critici nel processo di fine vita dell’H-Node è garantita dall’assegnazione di un identificativo univoco (UUID hardware) e dalla distinta base elettronica (BOM) digitalizzata, archiviata localmente e nel Cloud AETERNA. Ogni fase del disassemblaggio, separazione e recupero dei materiali è tracciata tramite barcode/NFC associati al UUID hardware e tutte le operazioni sono registrate in un registro immutabile (Bit-Energy Ledger), notarizzate sulla blockchain interna AETERNA per assicurare trasparenza e auditabilità end-to-end. La cancellazione sicura dei dati avviene secondo ISO/IEC 27001 e ISO 50625-2-3, tramite sovrascrittura multipla delle memorie flash, distruzione logica delle chiavi HSM e rimozione dei log locali e delle chiavi di sessione; la conferma di avvenuta cancellazione viene loggata, firmata e inclusa nei report di audit. Tutte queste procedure sono integrate e regolamentate dalle policy Kyoto 2.0 e dagli standard ISO di riferimento.",media,"Ecco come la tracciabilità dei materiali critici e la cancellazione sicura dei dati sono integrate nel processo di fine vita (End-of-Life, EoL) dell’H-Node, secondo le procedure definite dal progetto AETERNA:

Tracciabilità dei materiali critici:
- Ogni H-Node dispone di un identificativo univoco (UUID hardware) e di una distinta base elettronica (BOM) digitalizzata, archiviata sia localmente che nel cloud AETERNA. Questo consente di sapere esattamente quali materiali (es. metalli rari, PCB, batterie) sono presenti su ogni dispositivo.
- La tracciabilità è assicurata da tecnologie come RFID e blockchain, che permettono la notarizzazione degli eventi chiave del ciclo di vita del nodo e dei suoi materiali. Ogni fase (installazione, manutenzione, fine vita, disassemblaggio) viene registrata e certificata.
- Il recupero e la separazione dei materiali avvengono secondo procedure certificate ISO (es. ISO 14001, ISO 50625), in collaborazione con consorzi specializzati, per garantire il riciclaggio responsabile e la minimizzazione degli impatti ambientali.
- Le notifiche di dismissione (EoL) sono firmate digitalmente, “timestampate” via modulo RTC Kyoto 2.0 e archiviate in cloud, innescando così il processo di riciclo secondo le policy definite.

Cancellazione sicura dei dati:
- Prima delle operazioni fisiche di smontaggio e riciclo, l’H-Node esegue una cancellazione sicura delle informazioni sensibili secondo gli standard ISO/IEC 27001 e ISO 50625-2-3.
- La cancellazione sicura prevede:
  • Sovrascrittura multipla delle memorie (metodo DoD 5220.22-M)
  • Distruzione logica delle chiavi criptografiche ospitate nell’HSM
  • Rimozione dei log e delle credenziali di sessione archiviate localmente
- La corretta esecuzione della cancellazione viene registrata, firmata digitalmente e anch’essa notarizzata in cloud.
- In caso di tentativi di accesso o smontaggio non autorizzato, è prevista una protezione automatica tramite sequenza di autodistruzione dei dati.

Questo approccio garantisce piena compliance alle normative internazionali e ai requisiti di sostenibilità, protezione dati e responsabilità sociale di AETERNA, assicurando sia la trasparenza e il recupero dei materiali sia l’assoluta sicurezza nella gestione delle informazioni sensibili fino all’ultimo passaggio della vita del dispositivo.","[1.0, 1.0, 1.0, 0.9, 0.8, 1.0, 0.8, 0.8, 0.6, 0.6]","[DOCUMENTO ID: synthetic_data_AETERNA\Volume_03_specifiche_hardware_dell'h-node.md:0:131] (Rerank Score: 1.00)
Impatto

L’implementazione di un ciclo di vita hardware conforme agli standard ISO per il riciclo elettronico e integrato nei processi AETERNA produce molteplici impatti positivi:

Riduzione dell’Impatto Ambientale: Il recupero sistematico dei metalli rari e il riciclo responsabile dei componenti elettronici minimizzano la dispersione di sostanze inquinanti e riducono la dipendenza da estrazione primaria, contribuendo alla sostenibilità urbana.

Tracciabilità e Compliance: L’adozione di procedure certificate e la notarizzazione blockchain assicurano la piena tracciabilità dei materiali e la conformità alle normative internazionali e alle policy Kyoto 2.0.

---

[DOCUMENTO ID: synthetic_data_AETERNA\Volume_03_specifiche_hardware_dell'h-node.md:0:120] (Rerank Score: 1.00)
Specifiche Tecniche e Protocolli

1. Identificazione e Classificazione dei Componenti

Ogni H-Node è dotato di un identificativo univoco (UUID hardware) e di una distinta base elettronica (BOM, Bill of Materials) digitalizzata, archiviata sia localmente che nel layer Cloud AETERNA. La BOM include:

Tipologia e quantità di metalli rari (es. tantalio, cobalto, litio, neodimio)

Tipologia di PCB e substrati (FR4, ceramici, polimerici)

Moduli sensibili (HSM, RTC Kyoto 2.0, moduli di comunicazione)

Batterie e supercondensatori

Componentistica passiva e attiva

---

[DOCUMENTO ID: synthetic_data_AETERNA\Volume_16_sostenibilità_ambientale_e_impatto_sociale.md:0:57] (Rerank Score: 1.00)
Il modello AETERNA affronta la questione con un approccio sistemico, che combina tecnologie di tracciamento avanzate (RFID, blockchain), processi organizzativi ottimizzati, partnership con consorzi specializzati e programmi di formazione continua per tutti gli stakeholder coinvolti. L’obiettivo è garantire la trasparenza, la responsabilizzazione e la tracciabilità lungo l’intero ciclo di vita dei dispositivi, promuovendo la rigenerazione dei componenti e la riduzione della domanda di materie prime vergini.

Specifiche Tecniche e Protocolli

1. Architettura del Sistema di Gestione Rifiuti

1.1. Flusso di Gestione dei Rifiuti

Il ciclo di gestione dei rifiuti in AETERNA si articola in cinque fasi principali:

---

[DOCUMENTO ID: synthetic_data_AETERNA\Volume_03_specifiche_hardware_dell'h-node.md:0:118] (Rerank Score: 0.90)
Il ciclo di vita dell’H-Node, elemento fondamentale dell’architettura Edge del progetto AETERNA, non si esaurisce con la cessazione delle sue funzionalità operative. Al contrario, la fase di fine vita (EoL, End-of-Life) rappresenta un momento cruciale per la sostenibilità ambientale e la responsabilità sociale del framework, in coerenza con i principi di economia circolare e con gli standard interni AETERNA. La gestione responsabile dell’hardware, in particolare il recupero dei metalli rari e il riciclo dei componenti elettronici, è regolata da procedure rigorose basate sulle specifiche ISO per il riciclo elettronico (in particolare ISO 14001, ISO 45001, ISO/IEC 27001, ISO 50625 e ISO 9001). Questo approccio garantisce la minimizzazione

---

[DOCUMENTO ID: synthetic_data_AETERNA\Volume_16_sostenibilità_ambientale_e_impatto_sociale.md:0:55] (Rerank Score: 0.80)
La gestione responsabile dei rifiuti, con particolare attenzione al riciclo e al recupero di materiali preziosi, costituisce uno dei pilastri fondamentali della sostenibilità ambientale perseguita dal Progetto AETERNA. In un contesto di micro-reti energetiche decentralizzate, la proliferazione di dispositivi elettronici (H-Node, Fog Node, sensori, attuatori) e l’adozione di tecnologie avanzate comportano una crescita esponenziale dei rifiuti elettronici (e-waste) e delle componenti dismesse. La necessità di ridurre l’impatto ambientale e di promuovere l’economia circolare impone l’implementazione di strategie integrate per la minimizzazione, la tracciabilità, la raccolta differenziata e il riciclo dei materiali, in

===

[DOCUMENTO ID: synthetic_data_AETERNA\Volume_03_specifiche_hardware_dell'h-node.md:0:122] (Rerank Score: 1.00)
La notifica EoL viene firmata digitalmente dall’HSM AETERNA, timestampata via RTC Kyoto 2.0 e trasmessa al Cloud per la registrazione e l’attivazione delle procedure di riciclo.

b. Cancellazione Sicura dei Dati

In conformità a ISO/IEC 27001 e ISO 50625-2-3 (“Data destruction”), l’H-Node esegue una cancellazione sicura (data sanitization) di tutte le informazioni sensibili: - Sovrascrittura multipla delle memorie flash (metodo DoD 5220.22-M) - Distruzione logica delle chiavi HSM - Rimozione dei log locali e delle chiavi di sessione

La conferma di avvenuta cancellazione viene loggata e firmata.

c. Disassemblaggio e Separazione

---

[DOCUMENTO ID: synthetic_data_AETERNA\Volume_03_specifiche_hardware_dell'h-node.md:0:77] (Rerank Score: 0.80)
tentativi di apertura forzata, manipolazione elettronica o accesso non autorizzato—il modulo attiva una sequenza di autodistruzione dei dati sensibili, prevenendo la fuoriuscita di informazioni critiche e preservando la resilienza dell’intera rete AETERNA.

---

[DOCUMENTO ID: synthetic_data_AETERNA\Volume_03_specifiche_hardware_dell'h-node.md:0:132] (Rerank Score: 0.80)
Sicurezza dei Dati: La cancellazione sicura e certificata delle informazioni sensibili previene rischi di data leakage anche in fase di dismissione dell’hardware.

Responsabilità Sociale e Innovazione: Il ciclo chiuso di materiali e la trasparenza dei processi favoriscono la responsabilità sociale d’impresa e posizionano AETERNA come modello di riferimento per la gestione sostenibile delle micro-reti energetiche.

Ottimizzazione del TCO (Total Cost of Ownership): Il recupero di materiali ad alto valore e il riuso di componenti riducono i costi di produzione e gestione, incrementando la resilienza economica del framework.

---

[DOCUMENTO ID: synthetic_data_AETERNA\Volume_03_specifiche_hardware_dell'h-node.md:0:118] (Rerank Score: 0.60)
Il ciclo di vita dell’H-Node, elemento fondamentale dell’architettura Edge del progetto AETERNA, non si esaurisce con la cessazione delle sue funzionalità operative. Al contrario, la fase di fine vita (EoL, End-of-Life) rappresenta un momento cruciale per la sostenibilità ambientale e la responsabilità sociale del framework, in coerenza con i principi di economia circolare e con gli standard interni AETERNA. La gestione responsabile dell’hardware, in particolare il recupero dei metalli rari e il riciclo dei componenti elettronici, è regolata da procedure rigorose basate sulle specifiche ISO per il riciclo elettronico (in particolare ISO 14001, ISO 45001, ISO/IEC 27001, ISO 50625 e ISO 9001). Questo approccio garantisce la minimizzazione

---

[DOCUMENTO ID: synthetic_data_AETERNA\Volume_08_gestione_dei_dati_e_privacy.md:0:130] (Rerank Score: 0.60)
La protezione dei dati sensibili costituisce un pilastro fondamentale dell'architettura di sicurezza del Progetto AETERNA. In un sistema distribuito e multilivello come quello di AETERNA, caratterizzato dalla presenza di nodi Edge (H-Node domestici), Fog (aggregatori di quartiere) e Cloud (analisi e governance macro), la gestione sicura delle informazioni assume un ruolo critico, sia per la tutela della privacy degli utenti che per la resilienza operativa delle micro-reti energetiche. La crittografia, in questo contesto, non viene considerata una mera misura accessoria, bensì un meccanismo strutturale e pervasivo, adottato in ogni fase del ciclo di vita dei dati: dalla generazione locale, alla trasmissione, fino all’archiviazione e alla",2,0.75
"Quali sono le principali misure implementate dal modello di minaccia AETERNA per garantire la resilienza delle micro-reti energetiche urbane contro attacchi come injection e spoofing dei sensori, DDoS ai nodi Fog e compromissione dei processi critici, e come queste misure si integrano per assicurare la continuità operativa e la compliance alle policy Kyoto 2.0?","Le principali misure implementate dal modello di minaccia AETERNA includono la micro-segmentazione dei processi critici tramite container o VM dedicate, l’uso di Trusted Execution Environment (TEE) per l’esecuzione sicura del codice sensibile, e il sandboxing sensoriale con validazione incrociata dei dati tramite modelli AI e quorum di sensori ridondanti. Tutte le comunicazioni tra H-Node, Fog e Cloud sono cifrate e autenticate tramite Mutual TLS con certificati X.509 gestiti dall’infrastruttura PKI AETERNA, mentre ogni H-Node presenta un attestato firmato dal proprio HSM e validato dal Fog. Gli eventi critici sono marcati temporalmente tramite RTC certificato e notarizzati su Bit-Energy Ledger secondo le policy Kyoto 2.0.

Per contrastare injection e spoofing dei sensori, vengono applicati filtri statistici, modelli AI di anomaly detection, cross-check con dati storici, whitelist di sensori autenticati tramite UUID hardware e firmware signing validato da HSM. Contro attacchi DDoS ai nodi Fog, sono implementati rate limiting, circuit breaker, load shedding per sospendere servizi non critici e failover distribuito con replica dei servizi Fog sincronizzati tramite Bit-Energy Ledger.

La continuità operativa è assicurata dall’isolamento automatico dei nodi compromessi tramite protocolli di quarantena, dalla revoca delle chiavi e dal trigger di procedure EoL se necessario. Logging immutabile e audit real-time su Bit-Energy Ledger garantiscono non ripudiabilità, auditabilità e risposta tempestiva agli incidenti. L’integrazione di queste misure, fondate su principi Zero-Trust e notarizzazione continua, assicura resilienza, continuità operativa e compliance alle policy Kyoto 2.0.",difficile,"Le principali misure implementate dal modello di minaccia AETERNA per garantire la resilienza delle micro-reti energetiche urbane contro attacchi come injection, spoofing dei sensori, DDoS ai nodi Fog e compromissione dei processi critici sono:

**1. Difesa contro injection e spoofing sensori**
- Validazione multilivello dei dati raccolti, impedendo che dati manipolati da sensori compromessi influenzino il sistema.
- Notarizzazione continua degli eventi critici su Bit-Energy Ledger, che garantisce integrità delle informazioni e tracciabilità immutabile.
- Adozione di protocolli crittografici avanzati e rigorosa gestione delle chiavi per autenticità e integrità dei dati tra dispositivi edge, fog e cloud.

**2. Mitigazione DDoS e protezione processi critici nei nodi Fog**
- IDS distribuiti e cooperativi residenti sui nodi Fog: agiscono come sentinelle attive, con detection adattiva tramite machine learning per pattern anomali e zero-day attack.
- Meccanismi di comunicazione laterale e consenso distribuito tra i nodi Fog, che permettono una risposta coordinata e resiliente, limitando la propagazione dell’attacco.
- Quarantena logica granulare e temporanea per isolare in tempo reale i componenti sospetti, preservando la continuità operativa.

**3. Continuità operativa e compliance Kyoto 2.0**
- Integrazione di auditing real-time e logging immutabile permette una risposta tempestiva agli incidenti e garantisce la non ripudiabilità delle azioni.
- Policy engine distribuiti assicurano la compliance a normative e agli standard Kyoto 2.0, tramite la notarizzazione automatica delle azioni di governance.
- Automazione di workflow di onboarding/offboarding, con rimozione auditata delle informazioni sensibili per eliminare rischi post-accesso.
- Audit periodici, vulnerability management automatizzato e formazione continua del personale rafforzano la prevenzione e la rapidità di risposta.
- Conformità nativa a normative rilevanti (GDPR, ISO/IEC 27001, NIS2, Kyoto 2.0).

**Integrazione e Sinergia delle Misure**
Queste misure, implementate a più livelli (Edge–Fog–Cloud), operano in modo coordinato. La segmentazione rigorosa dei processi critici limita la superficie d’attacco e assicura che la compromissione di un segmento non impatti il sistema intero. La trasparenza e tracciabilità offerte dalla DLT (Bit-Energy Ledger), la detection e risposta automatizzata, e l’audit continuo garantiscono robustezza operativa, riducono il rischio di downtime e facilitano la scalabilità in città complesse, assicurando sia resilienza che compliance normativa.

In sintesi, la resilienza operativa di AETERNA è il risultato di un approccio proattivo, multilivello e fortemente integrato tra prevenzione, rilevazione, risposta e conformità, specificatamente adattato per i requisiti energetici e normativi di nuove smart city.","[1.0, 0.9, 0.8, 0.8, 0.8, 1.0, 1.0, 0.8, 1.0, 1.0, 1.0]","[DOCUMENTO ID: synthetic_data_AETERNA\Volume_04_sicurezza_informatica_e_cyber-resilienza.md:0:12] (Rerank Score: 1.00)
L’adozione del modello di minaccia AETERNA, fondato su principi Zero-Trust e su una segmentazione rigorosa dei processi critici, riduce drasticamente la probabilità di compromissione sistemica delle micro-reti. La resilienza ai vettori d’attacco più rilevanti, quali injection e spoofing dei sensori, è garantita da una validazione multilivello e da una notarizzazione continua degli eventi su Bit-Energy Ledger. La protezione contro attacchi DDoS ai nodi Fog assicura la continuità operativa anche in scenari di attacco distribuito. L’integrazione di logging immutabile e auditing real-time consente una risposta tempestiva e documentata agli incidenti, rafforzando la fiducia degli stakeholder e la compliance alle policy Kyoto 2.0. In sintesi, il modello di minaccia

---

[DOCUMENTO ID: synthetic_data_AETERNA\Volume_11_integrazione_con_le_energie_rinnovabili.md:0:82] (Rerank Score: 0.90)
L’adozione di un framework di cybersecurity multilivello, come delineato sopra, consente al Progetto AETERNA di garantire una postura di sicurezza proattiva e adattiva, in linea con i requisiti di resilienza delle infrastrutture energetiche urbane. La segmentazione rigorosa delle reti, la protezione crittografica delle comunicazioni, la gestione tempestiva delle vulnerabilità e la risposta automatizzata agli incidenti riducono drasticamente il rischio di interruzioni di servizio, manipolazioni fraudolente dei dati e compromissione dei dispositivi fisici. Inoltre, la trasparenza e la tracciabilità offerte dalla DLT Bit-Energy rafforzano la fiducia degli stakeholder e assicurano la compliance agli standard interni Kyoto 2.0. In sintesi, la sicurezza informatica non

---

[DOCUMENTO ID: synthetic_data_AETERNA\Volume_04_sicurezza_informatica_e_cyber-resilienza.md:0:97] (Rerank Score: 0.80)
L’architettura di AETERNA, fondata su una topologia multilivello Edge–Fog–Cloud, richiede meccanismi di sicurezza in grado di operare sia localmente sia in modo coordinato su scala urbana. In tale contesto, la protezione proattiva delle micro-reti energetiche e delle relative infrastrutture digitali è affidata a una rete di Sistemi di Intrusion Detection (IDS) distribuiti, residenti sui nodi Fog. Questi IDS non si limitano a un monitoraggio passivo, ma agiscono come sentinelle attive, dotate di capacità di analisi comportamentale tramite algoritmi di Machine Learning. L’obiettivo è la rilevazione tempestiva di pattern anomali nel traffico di rete, tipici di attacchi avanzati (es. lateral movement, privilege escalation, data exfiltration), nonché la risposta

---

[DOCUMENTO ID: synthetic_data_AETERNA\Volume_04_sicurezza_informatica_e_cyber-resilienza.md:0:42] (Rerank Score: 0.80)
L'adozione di un sistema IAM avanzato, basato su credenziali biometriche, token hardware FIDO2 e protocolli standardizzati (OAuth2, OpenID Connect), consente ad AETERNA di raggiungere un livello di sicurezza e resilienza senza precedenti nel dominio delle micro-reti energetiche urbane. La granularità dei permessi offerta dal modello RBAC, unita alla notarizzazione immutabile di ogni evento critico su Bit-Energy Ledger, garantisce la tracciabilità completa delle operazioni e la non ripudiabilità delle azioni. L'integrazione nativa con la PKI AETERNA e la compliance ai requisiti post-quantum assicurano la protezione delle identità anche in scenari futuri caratterizzati da minacce avanzate. Dal punto di vista operativo, la gestione

---

[DOCUMENTO ID: synthetic_data_AETERNA\Volume_05_protocolli_di_comunicazione_e_interfacce.md:0:70] (Rerank Score: 0.80)
1. Introduzione Teorica

La sicurezza delle comunicazioni rappresenta un pilastro imprescindibile nell’architettura di AETERNA, data la natura distribuita, multi-livello e altamente interconnessa del framework. La protezione dei dati in transito e la garanzia di autenticità, integrità e riservatezza sono condizioni necessarie per la fiducia e la resilienza dell’ecosistema energetico urbano. In tale contesto, la scelta e l’implementazione di protocolli crittografici avanzati, unitamente a una gestione rigorosa delle chiavi crittografiche, costituiscono la risposta architetturale alle minacce contemporanee, quali attacchi man-in-the-middle, intercettazione, spoofing, replay e compromissione dei dispositivi edge.

===

[DOCUMENTO ID: synthetic_data_AETERNA\Volume_04_sicurezza_informatica_e_cyber-resilienza.md:0:12] (Rerank Score: 1.00)
L’adozione del modello di minaccia AETERNA, fondato su principi Zero-Trust e su una segmentazione rigorosa dei processi critici, riduce drasticamente la probabilità di compromissione sistemica delle micro-reti. La resilienza ai vettori d’attacco più rilevanti, quali injection e spoofing dei sensori, è garantita da una validazione multilivello e da una notarizzazione continua degli eventi su Bit-Energy Ledger. La protezione contro attacchi DDoS ai nodi Fog assicura la continuità operativa anche in scenari di attacco distribuito. L’integrazione di logging immutabile e auditing real-time consente una risposta tempestiva e documentata agli incidenti, rafforzando la fiducia degli stakeholder e la compliance alle policy Kyoto 2.0. In sintesi, il modello di minaccia

---

[DOCUMENTO ID: synthetic_data_AETERNA\Volume_04_sicurezza_informatica_e_cyber-resilienza.md:0:108] (Rerank Score: 1.00)
L’adozione di un IDS distribuito e cooperativo nei nodi Fog di AETERNA rappresenta un avanzamento significativo rispetto agli approcci tradizionali di sicurezza per micro-reti energetiche. L’integrazione di algoritmi di Machine Learning consente una detection adattiva, capace di evolvere dinamicamente in risposta a nuove tipologie di minacce, anche sconosciute (zero-day). La capacità di comunicazione laterale e di consenso distribuito tra nodi Fog garantisce una risposta coordinata e resiliente, minimizzando il rischio di compromissione sistemica e riducendo il tempo di reazione agli incidenti. La quarantena logica, applicata in modo granulare e temporaneo, preserva la continuità operativa del sistema, limitando l’impatto sugli utenti legittimi e facilitando il ripristino

---

[DOCUMENTO ID: synthetic_data_AETERNA\Volume_04_sicurezza_informatica_e_cyber-resilienza.md:0:97] (Rerank Score: 0.80)
L’architettura di AETERNA, fondata su una topologia multilivello Edge–Fog–Cloud, richiede meccanismi di sicurezza in grado di operare sia localmente sia in modo coordinato su scala urbana. In tale contesto, la protezione proattiva delle micro-reti energetiche e delle relative infrastrutture digitali è affidata a una rete di Sistemi di Intrusion Detection (IDS) distribuiti, residenti sui nodi Fog. Questi IDS non si limitano a un monitoraggio passivo, ma agiscono come sentinelle attive, dotate di capacità di analisi comportamentale tramite algoritmi di Machine Learning. L’obiettivo è la rilevazione tempestiva di pattern anomali nel traffico di rete, tipici di attacchi avanzati (es. lateral movement, privilege escalation, data exfiltration), nonché la risposta

===

[DOCUMENTO ID: synthetic_data_AETERNA\Volume_09_governance_e_modelli_di_partecipazione.md:0:79] (Rerank Score: 1.00)
Compliance: L’integrazione con policy engine distribuiti e la notarizzazione su Kyoto 2.0 garantiscono la conformità agli standard interni di governance e alle normative di settore.

Scalabilità e Efficienza Operativa: L’automazione dei workflow consente di gestire onboarding/offboarding su larga scala, minimizzando errori manuali e tempi di attesa, e liberando risorse operative per attività a maggior valore aggiunto.

Resilienza e Continuità Operativa: La rimozione completa e auditata delle informazioni sensibili in fase di offboarding previene rischi di compromissione e mantiene elevati standard di affidabilità della comunità AETERNA.

---

[DOCUMENTO ID: synthetic_data_AETERNA\Volume_18_evoluzione_tecnologica_e_roadmap_di_ricerca.md:0:105] (Rerank Score: 1.00)
L’implementazione rigorosa delle specifiche di sicurezza e compliance descritte garantisce ad AETERNA una postura difensiva avanzata, in grado di prevenire, rilevare e rispondere tempestivamente a minacce sia note che emergenti. L’integrazione di processi di audit periodici, vulnerability management automatizzato e formazione continua del personale riduce significativamente il rischio di data breach, downtime e compromissione dei servizi critici (es. trading P2P, bilanciamento AI). La conformità alle principali normative (GDPR, ISO/IEC 27001, NIS2) e agli standard interni (Kyoto 2.0, Bit-Energy) rafforza la fiducia degli stakeholder, facilita l’interoperabilità con ecosistemi esterni e posiziona AETERNA come benchmark di settore per la sicurezza delle micro-reti energetiche

---

[DOCUMENTO ID: synthetic_data_AETERNA\Volume_14_monitoraggio,_telemetria_e_analisi_predittiva.md:0:124] (Rerank Score: 1.00)
L’adozione di un framework di sicurezza e compliance così articolato e multilivello nel monitoraggio di AETERNA produce impatti significativi sia in termini di robustezza operativa che di accettabilità normativa e sociale. La protezione avanzata dei dati sensibili, la tracciabilità immutabile delle operazioni e la possibilità di audit forensi tempestivi riducono drasticamente il rischio di data breach, frodi e accessi non autorizzati. La conformità nativa alle normative europee e agli standard Kyoto 2.0 facilita la scalabilità del framework in contesti urbani complessi, garantendo la fiducia degli utenti finali, delle autorità regolatorie e dei partner industriali. Inoltre, la capacità di integrare in modo trasparente i processi di audit, alerting e incident response con i sistemi di ticketing",3,0.75
Qual è il costo medio di implementazione della soluzione HSM/TEE per la custodia delle chiavi private negli H-Node dell’architettura AETERNA?,L'informazione non è disponibile nel testo,impossibile,L'informazione non è disponibile nel testo,"[0.7, 0.7, 0.6, 0.6, 0.6, 0.6, 0.6, 0.6, 0.3, 0.3, 0.3, 0.3, 0.2, 0.7, 0.6, 0.6, 0.6, 0.6, 0.6, 0.3, 0.3, 0.0, 0.0]","[DOCUMENTO ID: synthetic_data_AETERNA\Volume_03_specifiche_hardware_dell'h-node.md:0:76] (Rerank Score: 0.70)
Il modulo HSM (Hardware Security Module) rappresenta il fulcro della sicurezza fisica e logica degli H-Node all’interno dell’architettura AETERNA. In un contesto di micro-reti energetiche decentralizzate, in cui il valore delle transazioni P2P e la gestione degli smart contract sono strettamente legati all’integrità delle chiavi crittografiche, la protezione di tali chiavi private assume un ruolo strategico. Il modulo HSM, integrato a livello hardware, è progettato per resistere a tentativi di compromissione fisica, garantendo la custodia sicura delle chiavi e l’esecuzione di operazioni crittografiche in ambiente isolato. In caso di attacco fisico—come tentativi di apertura forzata, manipolazione elettronica o accesso non autorizzato—il

---

[DOCUMENTO ID: synthetic_data_AETERNA\Volume_08_gestione_dei_dati_e_privacy.md:0:135] (Rerank Score: 0.70)
Cloud Storage: I dati critici archiviati a livello Cloud sono cifrati con chiavi master gestite dal KMS centrale, con accesso segregato tramite policy RBAC/ABAC e logging di ogni accesso su blockchain Kyoto 2.0.

Backup e Disaster Recovery: Ogni backup, sia incrementale che full, è cifrato con chiave dedicata (rotazione automatica ogni 30 giorni o su evento critico), e la chiave di backup è custodita tramite hardware security module (HSM) con doppia custodia (dual control).

2.3 Gestione delle Chiavi (KMS)

Architettura KMS: Il Key Management Service di AETERNA è strutturato su tre livelli:

H-KMS (Edge): gestisce chiavi temporanee e sessioni locali, con supporto per la distruzione sicura delle chiavi (crypto-shredding).

---

[DOCUMENTO ID: synthetic_data_AETERNA\Volume_03_specifiche_hardware_dell'h-node.md:0:89] (Rerank Score: 0.60)
L’adozione del modulo HSM come standard per la custodia delle chiavi private negli H-Node di AETERNA eleva il livello di sicurezza fisica e logica dei dispositivi IoT critici, riducendo drasticamente la superficie di attacco legata alla compromissione delle chiavi. La presenza di trigger di autodistruzione hardware garantisce che, anche in caso di accesso fisico non autorizzato o tentativi di reverse engineering, nessuna informazione sensibile possa essere estratta dal dispositivo. Questo approccio, conforme alle policy Kyoto 2.0 e agli standard interni Bit-Energy, contribuisce a mantenere la fiducia nella rete, impedendo attacchi di spoofing, replay o furto di identità digitale degli H-Node. Inoltre, la propagazione tempestiva degli eventi di sicurezza verso i livelli Fog e Cloud

---

[DOCUMENTO ID: synthetic_data_AETERNA\Volume_12_interfacciamento_con_la_mobilità_elettrica.md:0:38] (Rerank Score: 0.60)
2. Specifiche Tecniche e Protocolli

2.1 Modello di Sicurezza Multilivello

L’architettura di sicurezza di AETERNA si articola su tre livelli principali:

Edge (H-Node, Veicoli, Stazioni di Ricarica): Ogni dispositivo implementa un modulo hardware di sicurezza (HSM) per la generazione, la custodia e l’utilizzo delle chiavi crittografiche. Tutte le comunicazioni in uscita sono cifrate in modalità end-to-end.

Fog (Gateway di Quartiere): I gateway aggregano e validano le transazioni, fungendo da proxy sicuri e da nodi di verifica per la sincronizzazione temporale e la gestione dei nonce.

---

[DOCUMENTO ID: synthetic_data_AETERNA\Volume_11_integrazione_con_le_energie_rinnovabili.md:0:40] (Rerank Score: 0.60)
Dal punto di vista della sicurezza e della compliance, la cifratura end-to-end, la gestione hardware delle chiavi e la notarizzazione blockchain assicurano la protezione dei dati sensibili e la tracciabilità di ogni evento rilevante, in piena aderenza alle policy Kyoto 2.0 e agli standard Bit-Energy. La strutturazione multilivello dello storage riduce la dipendenza dal cloud centrale, favorendo la decentralizzazione e l’autonomia operativa dei micro-ecosistemi urbani, in linea con la missione di AETERNA.

===

[DOCUMENTO ID: synthetic_data_AETERNA\Volume_03_specifiche_hardware_dell'h-node.md:0:89] (Rerank Score: 0.60)
L’adozione del modulo HSM come standard per la custodia delle chiavi private negli H-Node di AETERNA eleva il livello di sicurezza fisica e logica dei dispositivi IoT critici, riducendo drasticamente la superficie di attacco legata alla compromissione delle chiavi. La presenza di trigger di autodistruzione hardware garantisce che, anche in caso di accesso fisico non autorizzato o tentativi di reverse engineering, nessuna informazione sensibile possa essere estratta dal dispositivo. Questo approccio, conforme alle policy Kyoto 2.0 e agli standard interni Bit-Energy, contribuisce a mantenere la fiducia nella rete, impedendo attacchi di spoofing, replay o furto di identità digitale degli H-Node. Inoltre, la propagazione tempestiva degli eventi di sicurezza verso i livelli Fog e Cloud

---

[DOCUMENTO ID: synthetic_data_AETERNA\Volume_03_specifiche_hardware_dell'h-node.md:0:115] (Rerank Score: 0.60)
Impatto

L’adozione del sistema dual-boot con rollback automatico per la gestione degli aggiornamenti firmware OTA negli H-Node di AETERNA produce impatti significativi su vari livelli dell’ecosistema:

Continuità Operativa: La possibilità di eseguire aggiornamenti senza downtime, con ripristino automatico in caso di errore, elimina il rischio di interruzioni di servizio anche in presenza di fault o attacchi mirati alla catena di distribuzione del firmware.

Sicurezza End-to-End: L’integrazione nativa con il modulo HSM AETERNA e la policy Kyoto 2.0 garantisce che solo firmware autenticati e verificati possano essere eseguiti, riducendo la superficie d’attacco e prevenendo la compromissione dei nodi edge.

---

[DOCUMENTO ID: synthetic_data_AETERNA\Volume_03_specifiche_hardware_dell'h-node.md:0:105] (Rerank Score: 0.60)
Per rispondere a tali esigenze, AETERNA adotta un sistema di aggiornamento firmware Over-The-Air (OTA) basato su architettura dual-boot, in grado di garantire atomicità, sicurezza crittografica e totale assenza di downtime. Il sistema prevede la verifica integrale della firma digitale e del checksum del firmware ricevuto, attivando in caso di errore una procedura automatica di rollback che ripristina la versione precedente e assicura la continuità operativa dell’H-Node. Tale meccanismo si integra nativamente con i moduli HSM AETERNA e le policy di logging Kyoto 2.0, garantendo auditabilità e tracciabilità di ogni evento critico.

Specifiche Tecniche e Protocolli

1. Architettura Dual-Boot

===

[DOCUMENTO ID: synthetic_data_AETERNA\Volume_03_specifiche_hardware_dell'h-node.md:0:76] (Rerank Score: 0.30)
Il modulo HSM (Hardware Security Module) rappresenta il fulcro della sicurezza fisica e logica degli H-Node all’interno dell’architettura AETERNA. In un contesto di micro-reti energetiche decentralizzate, in cui il valore delle transazioni P2P e la gestione degli smart contract sono strettamente legati all’integrità delle chiavi crittografiche, la protezione di tali chiavi private assume un ruolo strategico. Il modulo HSM, integrato a livello hardware, è progettato per resistere a tentativi di compromissione fisica, garantendo la custodia sicura delle chiavi e l’esecuzione di operazioni crittografiche in ambiente isolato. In caso di attacco fisico—come tentativi di apertura forzata, manipolazione elettronica o accesso non autorizzato—il

---

[DOCUMENTO ID: synthetic_data_AETERNA\Volume_19_aspetti_legali,_regolatori_e_normativi.md:0:20] (Rerank Score: 0.30)
2. Specifiche Tecniche e Protocolli

2.1 Misure Organizzative e Tecnologiche

a) Pseudonimizzazione e Cifratura

Pseudonimizzazione: Tutti i dati personali raccolti dagli H-Node (Edge) sono soggetti a processi di pseudonimizzazione locale, tramite mapping one-way (SHA-256 con salt per ogni istanza H-Node) prima della trasmissione verso i livelli Fog e Cloud. I mapping sono gestiti in vault segregati e accessibili solo da processi autorizzati tramite RBAC.

Cifratura dati a riposo: Ogni database (Edge, Fog, Cloud) adotta cifratura AES-256-GCM, con rotazione periodica delle chiavi gestita da un Key Management Service (KMS) centralizzato e geo-ridondato.

---

[DOCUMENTO ID: synthetic_data_AETERNA\Volume_04_sicurezza_informatica_e_cyber-resilienza.md:0:32] (Rerank Score: 0.30)
Specifiche Tecniche e Protocolli

1. Identità Digitale degli Attori

a. H-Node e Dispositivi IoT

Provisioning iniziale: Ogni H-Node e dispositivo IoT riceve un'identità digitale unica, composta da:

UUID hardware generato in fase di produzione.

Coppia di chiavi post-quantum (Kyber/Dilithium) certificate dalla PKI AETERNA.

Token hardware FIDO2 associato (opzionale per dispositivi a basso consumo, obbligatorio per H-Node).

Associazione biometrica: L'accesso amministrativo agli H-Node richiede la registrazione di almeno una credenziale biometrica (impronta digitale, riconoscimento facciale o vocale), memorizzata localmente in enclave TEE/HSM e mai esportata.

---

[DOCUMENTO ID: synthetic_data_AETERNA\Volume_20_business_model,_scalabilità_e_sostenibilità_economica.md:0:40] (Rerank Score: 0.30)
Tabella 1 – Sintesi Costi e Ricavi (Valori Simulati, per cluster Fog)

Voce CAPEX (€) OPEX annuo (€) Ricavo annuo stimato (€) Note Hardware H-Node (1000 unità) 250.000 10.000 - Inclusi gateway e sensori Licenze software 60.000 12.000 - Orchestratori, AI, compliance Formazione personale 20.000 2.000 - Aggiornamento continuo Manutenzione e supporto - 15.000 - Contratti terzi Consumi energetici - 8.000 - Ottimizzati via AI Monetizzazione API - - 45.000 Pay-per-use, subscription Marketplace P2P - - 60.000 Fee sulle transazioni Bit-Energy Servizi premium - - 20.000 Profilazione, reportistica avanzata Totale 330.000 47.000 125.000

Tabella 2 – Analisi ROI e Payback Period

---

[DOCUMENTO ID: synthetic_data_AETERNA\Volume_04_sicurezza_informatica_e_cyber-resilienza.md:0:8] (Rerank Score: 0.20)
Whitelist di Sensori: Solo sensori registrati e autenticati tramite UUID hardware possono essere accettati dal sistema.

Firmware Signing: Ogni aggiornamento firmware deve essere firmato digitalmente e validato dal modulo HSM.

2.4 Resilienza contro DDoS ai Nodi Fog

Rate Limiting e Circuit Breaker: Implementazione di limiti dinamici alle richieste per ogni H-Node e isolamento automatico di nodi anomali.

Load Shedding: In caso di overload, i servizi non critici vengono sospesi, mantenendo attivi solo i processi essenziali.

Failover Distribuito: Replica dei servizi Fog su più istanze geograficamente separate, con sincronizzazione tramite Bit-Energy Ledger.

2.5 Logging, Audit e Notarizzazione

===

[DOCUMENTO ID: synthetic_data_AETERNA\Volume_06_algoritmi_di_ottimizzazione_energetica.md:0:127] (Rerank Score: 0.70)
Impatto

L’implementazione integrata delle soluzioni sopra descritte consente di ottenere una riduzione significativa e misurabile dei costi operativi all’interno del sistema AETERNA. I principali impatti osservati e attesi sono:

Risparmio energetico diretto: grazie alla previsione accurata della domanda e all’ottimizzazione dinamica degli acquisti, si riducono gli sprechi e si massimizza l’utilizzo di energia a basso costo, con una diminuzione stimata dei costi operativi tra il 18% e il 27% rispetto a sistemi tradizionali.

---

[DOCUMENTO ID: synthetic_data_AETERNA\Volume_03_specifiche_hardware_dell'h-node.md:0:52] (Rerank Score: 0.60)
L’approccio AETERNA si discosta dai paradigmi tradizionali di interfaccia utente per dispositivi IoT, adottando soluzioni tipiche dei sistemi critici: la ridondanza sensoriale (visiva e tattile), la codifica standardizzata dei segnali di stato, e la possibilità di override manuale in scenari di emergenza. Questi elementi sono integrati nativamente nell’architettura firmware e hardware dell’H-Node, garantendo coerenza con i requisiti di sicurezza, resilienza e autarchia energetica urbana.

Specifiche Tecniche e Protocolli

1. Display OLED ad Alta Risoluzione

Tecnologia: OLED RGB, 2.7"", 128x64 px, profondità colore 24 bit, refresh rate 60 Hz.

---

[DOCUMENTO ID: synthetic_data_AETERNA\Volume_16_sostenibilità_ambientale_e_impatto_sociale.md:0:105] (Rerank Score: 0.60)
Bilanciamento predittivo: Modelli AI che anticipano picchi di domanda, suggerendo azioni di load balancing o energy shifting tra H-Node e Fog Node.

Scalabilità: Implementazione di microservizi containerizzati (Docker, Kubernetes) per la gestione di volumi elevati di micro-transazioni e la resilienza del sistema.

Esempio concreto

Durante un picco di domanda serale, il sistema suggerisce a tre H-Node con surplus di energia di condividere parte della produzione con utenti limitrofi, ottimizzando l’autoconsumo complessivo e riducendo l’impatto sulla rete principale.

4. Infrastruttura Cloud-Native e Serverless

Per ridurre il footprint energetico delle infrastrutture IT, AETERNA adotta:

---

[DOCUMENTO ID: synthetic_data_AETERNA\Volume_03_specifiche_hardware_dell'h-node.md:0:38] (Rerank Score: 0.60)
Nel contesto del framework AETERNA, la comunicazione affidabile, flessibile e a bassa latenza tra i nodi domestici (H-Node), i livelli Fog e il Cloud rappresenta un requisito imprescindibile per garantire la resilienza e la scalabilità della micro-rete energetica urbana. La crescente eterogeneità degli ambienti operativi, unita alla necessità di supportare sia trasmissioni ad alta velocità che collegamenti a lunga distanza e a basso consumo, impone l’adozione di un modulo di comunicazione multi-radio avanzato. Questo modulo, integrato nativamente su ciascun H-Node, abilita la coesistenza e la gestione simultanea di tre tecnologie radio: WiFi 7, Zigbee 4.0 e LoRaWAN. La selezione dinamica del canale di comunicazione più efficiente, basata

---

[DOCUMENTO ID: synthetic_data_AETERNA\Volume_11_integrazione_con_le_energie_rinnovabili.md:0:91] (Rerank Score: 0.60)
Ruolo in AETERNA: Utilizzato per la telemetria in tempo reale tra H-Node, Fog Node e Cloud, nonché per la propagazione di eventi e comandi.

Vantaggi: Efficienza, scalabilità, supporto per Quality of Service (QoS), compatibilità con TLS 1.3.

Semantic Mapping Service

Descrizione: Servizio di mapping semantico tra modelli dati eterogenei (es. Modbus <-> IEC 61850).

Ruolo in AETERNA: Traduce in tempo reale i payload dei dispositivi secondo ontologie energetiche condivise, garantendo la coerenza semantica delle informazioni.

Vantaggi: Riduzione della complessità di integrazione, automazione dei processi di discovery, supporto per l’evoluzione degli schemi dati.

3. Modelli Semantici e Ontologie Energetiche

===

[DOCUMENTO ID: synthetic_data_AETERNA\Volume_20_business_model,_scalabilità_e_sostenibilità_economica.md:0:40] (Rerank Score: 0.60)
Tabella 1 – Sintesi Costi e Ricavi (Valori Simulati, per cluster Fog)

Voce CAPEX (€) OPEX annuo (€) Ricavo annuo stimato (€) Note Hardware H-Node (1000 unità) 250.000 10.000 - Inclusi gateway e sensori Licenze software 60.000 12.000 - Orchestratori, AI, compliance Formazione personale 20.000 2.000 - Aggiornamento continuo Manutenzione e supporto - 15.000 - Contratti terzi Consumi energetici - 8.000 - Ottimizzati via AI Monetizzazione API - - 45.000 Pay-per-use, subscription Marketplace P2P - - 60.000 Fee sulle transazioni Bit-Energy Servizi premium - - 20.000 Profilazione, reportistica avanzata Totale 330.000 47.000 125.000

Tabella 2 – Analisi ROI e Payback Period

---

[DOCUMENTO ID: synthetic_data_AETERNA\Volume_02_architettura_di_sistema_a_tre_livelli.md:0:17] (Rerank Score: 0.30)
Secure Enclave: Modulo hardware per root-of-trust, storage sicuro di chiavi crittografiche, accelerazione AES/SHA/ECC.

Power Management: Circuiti di power gating, wake-on-event, energy harvesting (opzionale).

Topologia di Collegamento

Ogni H-Node è in grado di interfacciarsi con: - Sensori di consumo (smart meter, clamp amperometriche, sensori di tensione) - Attuatori (relè, inverter, carichi controllati) - Generatori locali (fotovoltaico, micro-eolico, batterie) - Interfacce legacy (KNX, BACnet tramite bridge middleware)

Architettura Software: AETERNA-RTOS e Middleware ALRM

Sistema Operativo

---

[DOCUMENTO ID: synthetic_data_AETERNA\Volume_20_business_model,_scalabilità_e_sostenibilità_economica.md:0:31] (Rerank Score: 0.30)
Specifiche Tecniche e Protocolli

Struttura dei Costi: CAPEX e OPEX

L’analisi economica del progetto distingue in modo netto tra costi capitalizzati (CAPEX) e costi operativi (OPEX), adottando metriche di misurazione standardizzate riconosciute a livello internazionale (es. Total Cost of Ownership, TCO).

CAPEX: Comprende l’acquisizione e l’installazione delle infrastrutture hardware (H-Node, gateway Fog, cluster Cloud), le licenze software (inclusi moduli AI, orchestratori Kubernetes, middleware di compliance Kyoto 2.0), la formazione specialistica del personale tecnico e la configurazione iniziale delle pipeline CI/CD multi-cluster.

---

[DOCUMENTO ID: synthetic_data_AETERNA\Volume_02_architettura_di_sistema_a_tre_livelli.md:0:23] (Rerank Score: 0.00)
Tabella: Specifiche Tecniche H-Node Edge

---

[DOCUMENTO ID: synthetic_data_AETERNA\Volume_11_integrazione_con_le_energie_rinnovabili.md:0:61] (Rerank Score: 0.00)
Limiti di capacità della micro-rete

c. Segnalazione e Attuazione

Prezzi Dinamici e Notifiche: Il sistema genera segnali di prezzo dinamico (Dynamic Pricing Signal, DPS) sulla base delle condizioni previste della rete e della produzione rinnovabile. Tali segnali vengono trasmessi agli H-Node tramite protocollo MQTT/TLS 1.3, accompagnati da notifiche di ottimizzazione (es. suggerimenti per la programmazione degli elettrodomestici).

Automazione Domestica (Domotica): Gli H-Node integrano gateway domotici compatibili con standard aperti (es. Zigbee, Z-Wave, KNX, MQTT), consentendo:

Programmazione automatica degli elettrodomestici energivori (es. pompe di calore, lavatrici, caricatori EV)",5,1.0
Quale credenziale biometrica è richiesta per l’accesso amministrativo agli H-Node?,"L’accesso amministrativo agli H-Node richiede la registrazione di almeno una credenziale biometrica (impronta digitale, riconoscimento facciale o vocale), memorizzata localmente in enclave TEE/HSM e mai esportata.",facile,"Per l’accesso amministrativo agli H-Node è richiesta obbligatoriamente la registrazione di almeno una credenziale biometrica. Le tipologie di credenziali biometriche supportate sono:

- impronta digitale
- riconoscimento facciale
- riconoscimento vocale

La credenziale biometrica è memorizzata localmente in enclave sicure (TEE/HSM) sull’H-Node e non viene mai esportata. L’accesso amministrativo avviene sempre tramite autenticazione biometrica, eventualmente in combinazione con altri fattori (es. token hardware FIDO2 e PIN).","[1.0, 1.0, 1.0, 1.0, 0.8]","[DOCUMENTO ID: synthetic_data_AETERNA\Volume_04_sicurezza_informatica_e_cyber-resilienza.md:0:32] (Rerank Score: 1.00)
Specifiche Tecniche e Protocolli

1. Identità Digitale degli Attori

a. H-Node e Dispositivi IoT

Provisioning iniziale: Ogni H-Node e dispositivo IoT riceve un'identità digitale unica, composta da:

UUID hardware generato in fase di produzione.

Coppia di chiavi post-quantum (Kyber/Dilithium) certificate dalla PKI AETERNA.

Token hardware FIDO2 associato (opzionale per dispositivi a basso consumo, obbligatorio per H-Node).

Associazione biometrica: L'accesso amministrativo agli H-Node richiede la registrazione di almeno una credenziale biometrica (impronta digitale, riconoscimento facciale o vocale), memorizzata localmente in enclave TEE/HSM e mai esportata.

---

[DOCUMENTO ID: synthetic_data_AETERNA\Volume_04_sicurezza_informatica_e_cyber-resilienza.md:0:41] (Rerank Score: 1.00)
Tabella: Fattori di Autenticazione Supportati

Fattore Supportato su Modalità Verifica Custodia Credenziale Biometrico H-Node, Console Locale (TEE/HSM) Non esportabile FIDO2 Token Hardware H-Node, Console Challenge-response Hardware PIN H-Node, Console Locale Locale Certificato X.509 PQ Tutti i dispositivi Firma digitale HSM/TEE

Impatto

---

[DOCUMENTO ID: synthetic_data_AETERNA\Volume_04_sicurezza_informatica_e_cyber-resilienza.md:0:33] (Rerank Score: 1.00)
b. Utenti e Operatori

Multi-factor authentication (MFA): L'accesso alle console di gestione (Edge, Fog, Cloud) avviene tramite combinazione di:

Credenziale biometrica.

Token hardware FIDO2 (autenticazione challenge-response).

PIN locale (fallback in caso di malfunzionamento biometrico).

2. Protocollo di Autenticazione

a. Flusso di autenticazione (H-Node → Fog/Cloud)

Registrazione iniziale:

H-Node genera una richiesta di enrollment firmata con la propria chiave privata Dilithium e contenente UUID hardware, certificato X.509 PQ, nonce hardware e timestamp Kyoto 2.0.

La richiesta è trasmessa tramite tunnel TLS 1.3 ibrido (ECDHE+Kyber) al nodo Fog o Cloud.

---

[DOCUMENTO ID: synthetic_data_AETERNA\Volume_04_sicurezza_informatica_e_cyber-resilienza.md:0:34] (Rerank Score: 1.00)
Il nodo di destinazione verifica la firma, la validità del certificato (inclusa la CRL notarizzata su Bit-Energy Ledger), la freschezza del nonce e la correttezza del timestamp.

Se la verifica ha esito positivo, il nodo Fog/Cloud emette un token OAuth2 (access token + refresh token), associato all'identità H-Node e ai ruoli RBAC predefiniti.

Il token viene restituito all'H-Node, che lo utilizza per tutte le successive richieste di accesso alle risorse.

Autenticazione continua:

Ogni sessione è validata tramite challenge-response FIDO2, con verifica biometrica locale e conferma della possessione del token hardware.

I token OAuth2 sono a scadenza breve (max 15 minuti), con refresh obbligatorio e rotazione automatica delle chiavi di firma.

---

[DOCUMENTO ID: synthetic_data_AETERNA\Volume_04_sicurezza_informatica_e_cyber-resilienza.md:0:30] (Rerank Score: 0.80)
La gestione delle identità digitali (IAM, Identity and Access Management) rappresenta un pilastro fondamentale per la sicurezza, la resilienza e la scalabilità delle micro-reti energetiche urbane nel framework AETERNA. In un contesto caratterizzato da una moltitudine di dispositivi eterogenei (H-Node domestici, sensori IoT, gateway Fog, sistemi Cloud), l'IAM deve garantire non solo l'autenticità e l'integrità degli attori, ma anche un controllo degli accessi granulare, dinamico e auditabile. La scelta di adottare credenziali biometriche e token hardware FIDO2, in combinazione con protocolli standardizzati come OAuth2 e OpenID Connect, consente di implementare un sistema di autenticazione e autorizzazione multi-fattore, robusto e conforme alle più stringenti policy di sicurezza",2,1.0
In che modo la concatenazione delle firme temporali e la notarizzazione periodica su Bit-Energy Ledger contribuiscono sia alla sicurezza contro attacchi di replay e jamming sia all’auditabilità delle operazioni IAM nelle micro-reti energetiche decentralizzate?,"La concatenazione delle firme temporali crea una catena crittografica in cui ogni Pulse contiene l’hash del Pulse precedente e viene firmato digitalmente, rendendo ogni evento di sincronizzazione verificabile e non ripudiabile. Questo meccanismo permette di rilevare immediatamente tentativi di replay, poiché un Pulse riutilizzato avrebbe un nonce e una sequenza hash non coerenti con lo stato attuale della catena, e protegge contro il jamming grazie alla propagazione multi-canale e alla possibilità di recupero tramite peer. La notarizzazione periodica degli hash di sintesi delle catene locali su Bit-Energy Ledger garantisce la tracciabilità e l’immutabilità delle sequenze temporali, fornendo una fonte di verità immutabile per l’auditabilità delle operazioni IAM e la validazione di eventi critici nelle micro-reti energetiche decentralizzate.",media,"La concatenazione delle firme temporali e la notarizzazione periodica su Bit-Energy Ledger svolgono ruoli fondamentali sia per la sicurezza che per l’auditabilità nelle operazioni IAM delle micro-reti energetiche decentralizzate:

1. Sicurezza contro replay e jamming:
- Ogni transazione, sincronizzazione o evento IAM viene associato a timestamp, nonce univoci e concatenazione crittografica delle firme. Questo significa che ogni record è strettamente collegato al precedente attraverso un hash, rendendo impossibile la riproduzione (replay) o la manomissione senza essere rilevati. Se un attaccante prova a riproporre un pacchetto già inviato (“replay attack”), il sistema rileva la duplicazione o la non corrispondenza temporale e lo scarta.
- La presenza di nonce e challenge-response garantisce unicità e autenticità istantanea, impedendo anche che sequenze di pacchetti ritardati o interferiti nel canale (jamming) possano venire accettate come valide, poiché solo l’evento attuale e connesso crittograficamente viene riconosciuto.
- Periodicamente, gli stati dei ledger vengono notarizzati. Se ci fossero delle oscillazioni, manipolazioni o interruzioni (jamming), queste diventerebbero subito evidenti confrontando la catena temporale e crittografica degli eventi.

2. Auditabilità delle operazioni IAM:
- Ogni autenticazione, cambio chiave, evento di accesso o anomalia IAM viene loggato e notarizzato in tempo reale, producendo registri immutabili (grazie al Merkle Tree e al Ledger).
- Queste notarizzazioni garantiscono accountability e non ripudiabilità: nessun utente o processo può negare di aver eseguito una certa azione, poiché la catena crittografica e il timestamp la rendono inequivocabilmente attribuibile, tracciabile e resistente alla manipolazione o alla cancellazione.
- L’auditabilità end-to-end è assicurata dal confronto e validazione periodica dei log notarizzati, che permette di rilevare anche accessi effettuati in condizioni critiche o sotto tentativi di attacco, rafforzando la compliance e la sicurezza regolatoria.

In sintesi, la combinazione di queste tecniche assicura che ogni operazione IAM sia non solo resistente agli attacchi informatici (replay/jamming/manomissione), ma anche perfettamente tracciabile e verificabile ex post da terze parti o auditor, con valore probatorio.","[1.0, 1.0, 0.9, 0.8, 0.8]","[DOCUMENTO ID: synthetic_data_AETERNA\Volume_04_sicurezza_informatica_e_cyber-resilienza.md:0:56] (Rerank Score: 1.00)
2. Sicurezza e Resilienza

La concatenazione delle firme temporali, unita all’hashing distribuito e alla notarizzazione periodica su Bit-Energy Ledger, eleva il livello di sicurezza contro attacchi di replay e jamming, garantendo che ogni evento di sincronizzazione sia verificabile, tracciabile e non ripudiabile. La resilienza del protocollo, grazie alla propagazione multi-canale e alla riconciliazione peer-to-peer, assicura la continuità operativa anche in condizioni di isolamento o attacco.

3. Auditabilità e Compliance

---

[DOCUMENTO ID: synthetic_data_AETERNA\Volume_04_sicurezza_informatica_e_cyber-resilienza.md:0:22] (Rerank Score: 1.00)
5. Prevenzione Manipolazione e Replay

Nonce univoci per ogni transazione: Generati hardware-side, notarizzati su blockchain.

Challenge-Response per ogni sessione: Il Fog invia challenge randomica, l’H-Node risponde firmando la challenge.

Replay detection: Ogni pacchetto è associato a un identificatore e timestamp; pacchetti duplicati o fuori finestra temporale sono scartati e loggati.

6. Auditabilità e Logging Immutabile

Tutti gli eventi di rotazione chiavi, autenticazioni, fallimenti di verifica firma e anomalie di integrità sono notarizzati in tempo reale su Bit-Energy Ledger, garantendo auditabilità e tracciabilità end-to-end.

Diagramma e Tabelle

Diagramma: Flusso crittografico end-to-end

---

[DOCUMENTO ID: synthetic_data_AETERNA\Volume_04_sicurezza_informatica_e_cyber-resilienza.md:0:54] (Rerank Score: 0.90)
Tabella: Campi del Pulse e Protezioni

Campo Protezione/Meccanismo di Sicurezza Funzione Principale UUID Nodo Certificato PKI AETERNA Identificazione univoca Timestamp Kyoto 2.0 Firme concatenate, validazione Ledger Allineamento temporale Nonce Unicità, anti-replay Prevenzione replay Hash Pulse Precedente Catena crittografica, SHA-3 Integrità sequenza Payload Sincronizzazione Firma digitale Correzione locale, monitoraggio drift Firma Digitale Concatenata Kyber/Dilithium, include hash Pulse precedente Autenticità, non ripudio, anti-manomissione

Impatto

1. Stabilità della Rete Energetica

---

[DOCUMENTO ID: synthetic_data_AETERNA\Volume_04_sicurezza_informatica_e_cyber-resilienza.md:0:45] (Rerank Score: 0.80)
La sincronizzazione temporale rappresenta una delle sfide più critiche nell’ambito delle micro-reti energetiche decentralizzate, specialmente in architetture multilivello come AETERNA. La stabilità della fase elettrica, la coerenza delle transazioni P2P e la validazione delle operazioni IAM notarizzate su Bit-Energy Ledger dipendono da un allineamento temporale preciso tra tutti i nodi. Tuttavia, la presenza di attori ostili e la natura distribuita della rete espongono il sistema a minacce quali attacchi di replay, jamming e manomissione dei segnali di sincronizzazione. Il protocollo 'Secure-Pulse' è stato progettato per fornire una risposta robusta a queste criticità, introducendo un meccanismo di sincronizzazione temporale

---

[DOCUMENTO ID: synthetic_data_AETERNA\Volume_04_sicurezza_informatica_e_cyber-resilienza.md:0:136] (Rerank Score: 0.80)
Impatto

L’adozione di un sistema di logging immutabile basato su Merkle Tree, integrato con la notarizzazione su Bit-Energy Ledger, produce un impatto sostanziale su diversi livelli del framework AETERNA:

Sicurezza e Resilienza: Ogni tentativo di manomissione dei log o di cancellazione degli eventi viene immediatamente rilevato grazie alla struttura hash-based e alla catena di integrità. Questo rafforza la resilienza della micro-rete contro attacchi interni ed esterni.

Accountability e Non Ripudiabilità: Gli attori della rete (umani o software) non possono negare le proprie azioni, essendo ogni operazione tracciata e certificata crittograficamente, con valore legale.",2,0.75
"Quali sono le fasi principali e le relative tempistiche del processo di Clean-Slate Recovery in caso di compromissione di un nodo Edge nella rete AETERNA, e come viene garantita la continuità e l’auditabilità della fornitura energetica durante l’intero workflow di incident response e recovery orchestrato?","Le fasi principali del processo di Clean-Slate Recovery in caso di compromissione di un nodo Edge nella rete AETERNA sono:

1. Isolamento logico del nodo compromesso dalla mesh di propagazione Pulse tramite update delle ACL nei peer Fog e Edge limitrofi (tempo stimato: 5 secondi).
2. Revoca delle credenziali tramite integrazione con il sistema IAM per revocare certificati PKI e invalidare le chiavi post-quantum associate al nodo (incluso nella fase di isolamento).
3. Individuazione dell’ultimo Pulse notarizzato su Bit-Energy Ledger da parte del cluster Fog.
4. Wipe sicuro di memoria volatile e storage locale del nodo Edge, ricarica del firmware autenticato e ripristino della configurazione da snapshot (tempo stimato: 20 secondi).
5. Rejoin del nodo tramite handshake multilivello, verifica della catena Pulse, aggiornamento delle chiavi PKI e ripresa della propagazione Pulse (tempo stimato: 25 secondi).
6. Audit post-recovery da parte del SOC Fog/Cloud per verificare la coerenza della catena Pulse e la corretta reintegrazione del nodo (tempo stimato: 10 secondi).

Le tempistiche complessive sono:
- Recovery Time Objective (RTO): ≤ 60 secondi
- Recovery Point Objective (RPO): massimo 1 Pulse notarizzato

La continuità e l’auditabilità della fornitura energetica sono garantite tramite:
- Assunzione temporanea della quota energetica del nodo isolato da parte dei peer Edge limitrofi secondo policy di load balancing predittivo AI-driven.
- Mantenimento della continuità della catena Pulse tramite funzione di riconciliazione peer-to-peer.
- Notarizzazione di ogni fase del processo su Bit-Energy Ledger, assicurando trasparenza, auditabilità e compliance agli standard interni AETERNA (Kyoto 2.0, Bit-Energy).",difficile,"Ecco una panoramica strutturata delle fasi principali, delle tempistiche e delle modalità con cui AETERNA garantisce continuità e auditabilità durante il Clean-Slate Recovery di un nodo Edge compromesso:

---

**Fasi Principali del Clean-Slate Recovery**

1. **Snapshot notarizzato**: Il cluster Fog individua l’ultimo Pulse notarizzato sul Bit-Energy Ledger come punto di ripristino affidabile.
2. **Wipe e bootstrap**: Il nodo Edge esegue un wipe sicuro di memoria volatile e storage locale, quindi ricarica il firmware autenticato e la configurazione ripristinata dallo snapshot validato.
3. **Rejoin**: Il nodo effettua un handshake multilivello di sicurezza, verifica la catena Pulse, aggiorna chiavi PKI e riprende a propagare i Pulse energetici sulla mesh.
4. **Audit post-recovery**: Il SOC (Security Operation Center) Fog/Cloud verifica la coerenza della catena Pulse e la corretta reintegrazione operativa del nodo.

---

**Tempistiche (SLA garantiti)**

- **RTO - Recovery Time Objective**: ≤ 60 secondi (il nodo Edge viene ripristinato e reintegrato entro un minuto).
- **RPO - Recovery Point Objective**: massimo di 1 Pulse notarizzato (perdita temporale trascurabile).

---

**Gestione della continuità della fornitura energetica**

- Isolamento e failover automatizzati: Alla rilevazione della compromissione, il nodo Edge è isolato dalla mesh tramite update automatico delle ACL dei peer Fog/Edge vicini.
- Ridondanza e fallback: I nodi vicini prendono in carico temporaneamente gli slot energetici e la propagazione dei Pulse, garantendo che la fornitura non venga interrotta.
- Modalità “Fog-Independence”: In caso di fault estesi, i cluster Fog gestiscono autonomamente la resilienza locale, mantenendo le funzionalità essenziali senza interruzioni.
- Orchestrazione multilivello: L'automazione della recovery, health-check e circuit breaker riducono l’impatto sulle forniture critiche, assicurando che il servizio elettrico rimanga disponibile.

---

**Auditabilità e trasparenza**

- Tutte le operazioni di recovery, logging, isolamento e ripristino sono notarizzate su Bit-Energy Blockchain (chain of custody immutabile).
- Audit trail e registri post-mortem consolidano la ricostruzione precisa degli eventi e la completa tracciabilità a fini forensi e compliance.
- Dashboard multilingua e reportistica certificata abilitano la verifica trasparente e condivisa con utenti, autorità e stakeholder, in linea con standard Kyoto 2.0 e Bit-Energy.
- L’integrazione con sistemi di SIEM, AI e log analytics abilitano audit e alert avanzati, garantendo la sostenibilità e la sicurezza del processo anche in caso di attacchi informatici o fault complessi.

---

**Riepilogo Operativo**

La combinazione di orchestrazione automatizzata, tempistiche molto rapide (RTO ≤ 60”), backup notarizzati, switching intelligente e audit trail su blockchain assicura che, durante tutto il Clean-Slate Recovery:
- La fornitura energetica non viene interrotta,
- L’intero recovery è auditabile, trasparente e conforme alle normative,
- Tutte le fasi e i fallback sono verificabili da autorità e stakeholder.

Se vuoi un dettaglio tecnico su un particolare step (es. handshake di sicurezza, logistica dei backup o workflow dashboard di audit), chiedi pure!","[1.0, 0.9, 0.8, 0.7, 0.6, 1.0, 1.0, 0.9, 0.9, 0.9, 1.0, 1.0, 1.0, 0.9, 0.9]","[DOCUMENTO ID: synthetic_data_AETERNA\Volume_04_sicurezza_informatica_e_cyber-resilienza.md:0:63] (Rerank Score: 1.00)
Il workflow Clean-Slate si articola come segue: 1. Snapshot notarizzato: Il cluster Fog individua l’ultimo Pulse notarizzato su Bit-Energy Ledger. 2. Wipe e bootstrap: Il nodo Edge esegue wipe sicuro di memoria volatile e storage locale, ricarica il firmware autenticato e ripristina la configurazione da snapshot. 3. Rejoin: Il nodo effettua handshake multilivello, verifica la catena Pulse, aggiorna le chiavi PKI e riprende la propagazione Pulse. 4. Audit post-recovery: Il SOC Fog/Cloud verifica la coerenza della catena Pulse e la corretta reintegrazione del nodo.

4. Minimizzazione dell’Impatto sulla Distribuzione Energetica

---

[DOCUMENTO ID: synthetic_data_AETERNA\Volume_04_sicurezza_informatica_e_cyber-resilienza.md:0:62] (Rerank Score: 0.90)
3. Clean-Slate Recovery: Workflow e Tempistiche

Il meccanismo di ripristino prevede la re-inizializzazione atomica del nodo Edge, con tempistiche garantite: - RTO (Recovery Time Objective): ≤ 60 secondi - RPO (Recovery Point Objective): 1 Pulse (massimo delta temporale tra ultimo Pulse notarizzato e ripristino)

---

[DOCUMENTO ID: synthetic_data_AETERNA\Volume_04_sicurezza_informatica_e_cyber-resilienza.md:0:61] (Rerank Score: 0.80)
2. Contenimento Automatizzato e Orchestrazione

Alla rilevazione di una violazione o compromissione (es. manomissione Pulse, tentativo di replay, compromissione chiavi PKI), la risposta è orchestrata secondo la seguente pipeline: - Isolamento logico: Il nodo Edge compromesso viene escluso dalla mesh di propagazione Pulse tramite update delle ACL nei peer Fog e Edge limitrofi. - Revoca delle credenziali: Integrazione con il sistema IAM per revocare certificati PKI e invalidare le chiavi post-quantum associate al nodo. - Trigger di recovery: Il cluster Fog invia un comando di “Clean-Slate Recovery” al nodo interessato.

3. Clean-Slate Recovery: Workflow e Tempistiche

---

[DOCUMENTO ID: synthetic_data_AETERNA\Volume_10_gestione_delle_emergenze_e_continuità_operativa.md:0:125] (Rerank Score: 0.70)
Specifiche Tecniche e Protocolli

Fasi Operative della Ripresa

La gestione della ripresa post-emergenza in AETERNA è articolata in una sequenza rigorosa di fasi operative, ciascuna delle quali è supportata da procedure tecniche, strumenti di monitoraggio e criteri di validazione formale. Di seguito si dettagliano le fasi principali:

1. Raccolta e Validazione degli Eventi

Attivazione del Registro Eventi Post-Mortem: Tutti gli eventi occorsi durante l’emergenza vengono estratti dai log (audit trail) e archiviati in un registro dedicato, notarizzato su Bit-Energy Blockchain.

Correlazione Multi-Livello: Gli eventi vengono correlati tra Edge, Fog e Cloud, consentendo una ricostruzione temporale e causale precisa.

---

[DOCUMENTO ID: synthetic_data_AETERNA\Volume_10_gestione_delle_emergenze_e_continuità_operativa.md:0:16] (Rerank Score: 0.60)
Riproduzione Topologica Fedelissima: Mappatura completa della topologia reale della micro-rete, inclusi segmenti Edge, Fog e Cloud, con emulazione di segmentazione di sicurezza, VLAN, VRF e policy di routing avanzate.

Automazione dei Drill di Disaster Recovery: Orchestrazione automatica dei test di failover e restore tramite pipeline CI/CD, con validazione dei risultati e notarizzazione degli eventi critici sulla Bit-Energy Blockchain.

2. Scenari Catastrofici Simulati

Gli scenari implementati sono stati selezionati per coprire l’intero spettro delle minacce rilevanti per il dominio di AETERNA:

===

[DOCUMENTO ID: synthetic_data_AETERNA\Volume_04_sicurezza_informatica_e_cyber-resilienza.md:0:68] (Rerank Score: 1.00)
L’implementazione di un framework di Incident Response e Recovery Orchestration automatizzato e multilivello consente ad AETERNA di raggiungere livelli di resilienza e continuità operativa senza precedenti nel dominio delle micro-reti energetiche urbane. La capacità di isolare e ripristinare nodi compromessi in meno di 60 secondi, con una perdita massima di un singolo Pulse notarizzato (RPO), minimizza drasticamente l’impatto su forniture energetiche critiche e garantisce la coerenza della catena di sincronizzazione. L’integrazione con il Bit-Energy Ledger e la notarizzazione di ogni fase assicurano trasparenza, auditabilità e compliance agli standard interni (Kyoto 2.0), rafforzando la fiducia degli stakeholder e abilitando scenari di autarchia energetica urbana robusta e verificabile.

---

[DOCUMENTO ID: synthetic_data_AETERNA\Volume_10_gestione_delle_emergenze_e_continuità_operativa.md:0:70] (Rerank Score: 1.00)
da AETERNA si fonda su una strategia multi-vendor e multi-cloud, integrando meccanismi di health-check proattivi, piani di fallback automatico, contratti SLA con clausole di emergenza e una documentazione tecnica delle interfacce costantemente aggiornata. Questo assetto consente una risposta tempestiva e automatizzata agli eventi di indisponibilità, minimizzando l’impatto sulle funzioni core del sistema e garantendo la compliance agli standard interni (Kyoto 2.0, Bit-Energy).

---

[DOCUMENTO ID: synthetic_data_AETERNA\Volume_02_architettura_di_sistema_a_tre_livelli.md:0:81] (Rerank Score: 0.90)
La continuità operativa di una micro-rete energetica urbana, come quella orchestrata dal framework AETERNA, è una prerogativa imprescindibile per garantire l'autarchia energetica e la resilienza sistemica. In scenari di guasto critico, quali la perdita di connettività verso il livello Cloud (ad esempio, a seguito di interruzioni dei cavi sottomarini o di eventi catastrofici su larga scala), il sistema deve essere in grado di preservare le funzionalità essenziali tramite meccanismi di ridondanza e failover distribuiti. L'approccio architetturale adottato da AETERNA prevede una transizione automatica verso la modalità Fog-Independence, nella quale i cluster di quartiere (Fog) assumono il controllo operativo, garantendo la

---

[DOCUMENTO ID: synthetic_data_AETERNA\Volume_05_protocolli_di_comunicazione_e_interfacce.md:0:56] (Rerank Score: 0.90)
L’adozione delle strategie multilivello di gestione degli errori e resilienza descritte in questo capitolo conferisce al framework AETERNA una robustezza architetturale in grado di sostenere scenari di fault complessi, tipici di ambienti distribuiti e mission critical come le micro-reti energetiche urbane. L’integrazione di retry intelligenti, circuit breaker adattivi, fallback controllati e sistemi di monitoraggio/logging avanzati riduce drasticamente il rischio di outage prolungati, garantendo la continuità dei servizi essenziali anche in presenza di failure parziali o temporanee. L’approccio proattivo e la tracciabilità completa degli errori, abilitata dalla notarizzazione su Bit-Energy Ledger, rafforzano la compliance normativa (Kyoto 2.0, GDPR) e la fiducia degli stakeholder. In

---

[DOCUMENTO ID: synthetic_data_AETERNA\Volume_10_gestione_delle_emergenze_e_continuità_operativa.md:0:10] (Rerank Score: 0.90)
L’adozione di un piano di disaster recovery multilivello e fortemente automatizzato consente al Progetto AETERNA di raggiungere livelli di affidabilità e resilienza in linea con le più stringenti esigenze operative delle micro-reti energetiche urbane. La combinazione di replica geografica, automazione del ripristino, monitoraggio proattivo e validazione periodica delle procedure riduce drasticamente sia il rischio di perdita dati sia i tempi di inattività, assicurando la continuità dei servizi critici anche in scenari di fault esteso o disastro naturale. L’integrazione della notarizzazione degli eventi di DR sulla Bit-Energy Blockchain garantisce inoltre la piena tracciabilità e auditabilità delle operazioni, facilitando la compliance agli standard interni (Kyoto 2.0) e

===

[DOCUMENTO ID: synthetic_data_AETERNA\Volume_13_interoperabilità_e_standardizzazione_internazionale.md:0:114] (Rerank Score: 1.00)
Auditabilità e Trasparenza: la presenza di audit trail immutabili e dashboard multi-lingua supporta la trasparenza verso utenti, autorità e partner internazionali, rafforzando la fiducia nell’ecosistema AETERNA.

Supporto all’Innovazione: la standardizzazione dei log e l’integrazione con strumenti di AI e SIEM abilitano analisi predittive e automazione avanzata, in linea con gli obiettivi di autarchia energetica urbana.

In sintesi, il sistema di monitoraggio e logging descritto costituisce un pilastro fondamentale per la sicurezza, la compliance e la sostenibilità operativa del progetto AETERNA su scala globale.

Capitolo 9: Gestione dei Contratti di Servizio (SLA) Internazionali

Introduzione Teorica

---

[DOCUMENTO ID: synthetic_data_AETERNA\Volume_13_interoperabilità_e_standardizzazione_internazionale.md:0:129] (Rerank Score: 1.00)
Affidabilità Operativa: La definizione rigorosa e il monitoraggio continuo delle metriche SLA assicurano livelli di servizio prevedibili, minimizzando downtime e disservizi, anche in scenari cross-border.

Compliance e Adattabilità: La parametrizzazione locale e la mappatura automatica delle normative consentono ad AETERNA di operare in conformità con le leggi di ogni giurisdizione, riducendo i rischi di sanzioni e facilitando l’adozione globale.

Trasparenza e Fiducia: L’archiviazione sicura, la tracciabilità blockchain e i processi di audit garantiscono trasparenza, accountability e possibilità di verifica da parte di partner, utenti e autorità.

---

[DOCUMENTO ID: synthetic_data_AETERNA\Volume_14_monitoraggio,_telemetria_e_analisi_predittiva.md:0:12] (Rerank Score: 1.00)
L’architettura dei sistemi di monitoraggio implementata in AETERNA garantisce una raccolta dati affidabile, tempestiva e scalabile, abilitando la gestione ottimale di micro-reti energetiche decentralizzate. L’approccio modulare e l’adozione di tecnologie di orchestrazione avanzate (Kubernetes, code distribuite, motori di regole) consentono di adattare dinamicamente la pipeline a variazioni di carico e a nuove tipologie di dati, assicurando la continuità operativa anche in scenari di fault parziali o attacchi informatici. La stretta integrazione con i sistemi di audit e compliance – tramite blockchain privata, firma digitale e data lineage – rende il sistema trasparente e verificabile, facilitando la conformità agli standard Kyoto 2.0, Bit-Energy e alle normative internazionali di

---

[DOCUMENTO ID: synthetic_data_AETERNA\Volume_19_aspetti_legali,_regolatori_e_normativi.md:0:73] (Rerank Score: 0.90)
L’implementazione rigorosa delle specifiche contrattuali e degli SLA descritti in questo capitolo produce un impatto determinante sull’affidabilità, la trasparenza e la scalabilità del Progetto AETERNA. La formalizzazione di responsabilità, metriche e penali, unita all’integrazione di allegati tecnici (Registro Licenze, SBOM, Matrice di Compatibilità), consente di minimizzare i rischi operativi e legali, garantendo la conformità agli standard interni (Kyoto 2.0, Bit-Energy) e alle normative di settore. I meccanismi di revisione automatizzata e auditabilità su blockchain assicurano la tracciabilità delle modifiche e la tempestiva gestione delle anomalie, rendendo la piattaforma idonea a scenari multi-cloud e multi-fornitore ad alta complessità. In ultima

---

[DOCUMENTO ID: synthetic_data_AETERNA\Volume_07_smart_contract_e_tokenizzazione_energetica.md:0:57] (Rerank Score: 0.90)
Tabella: Routine di Audit e Output

Fase Strumento/Attore Output Principale Analisi Statica MythX, Slither, Securify Vulnerability Report per commit Revisione Manuale Auditor Interni Verbale di Code Review, Ticket osservazioni Test Compliance Normativa Test Suite, Staging Report Test-case, Audit Trail Audit Esterno Audit Firm Report di Conformità Firmato Logging/Auditabilità ELK Stack Log Transazioni, Hash Chain, Alert

Impatto

L’adozione di una procedura di audit e compliance multilivello nel Progetto AETERNA produce impatti significativi su vari fronti:

Sicurezza Operativa: la combinazione di analisi automatizzata, revisione manuale e audit esterno riduce drasticamente la superficie di attacco e il rischio di exploit, garantendo la resilienza del marketplace energetico.",4,0.75
Qual è il costo medio annuale per la gestione delle vulnerabilità tramite la pipeline Clean-Slate Recovery nel framework AETERNA?,L'informazione non è disponibile nel testo,impossibile,"Dalla documentazione disponibile sul framework AETERNA, si evincono vari dettagli sulle strategie di gestione delle vulnerabilità, tra cui l’uso della pipeline Clean-Slate Recovery, che assicura un ripristino rapido e una riduzione drastica del tempo di esposizione alle vulnerabilità (RTO ≤ 60s, RPO = 1 Pulse). Tuttavia, non viene fornito un costo medio annuale specifico, né una cifra esplicita riferita esclusivamente alla gestione delle vulnerabilità tramite questa pipeline.

Le fonti sottolineano che l’approccio Clean-Slate, integrato con Penetration Testing automatizzato, scanning continuo e workflow SOC multilivello, contribuisce a una significativa ottimizzazione dei costi operativi, ma i dati precisi sul valore economico annuo non sono presentati.

Se ti servono stime, best practice settoriali, o breakdown dei costi previsti per implementare e gestire tale pipeline, posso aiutarti ad aggregare queste informazioni oppure indirizzarti su voci di costo tipiche (come licenze software, manpower per Red Team o costi cloud), ma non è riportata una cifra certa già calcolata nel framework AETERNA. Vuoi una stima ricavata dai parametri e buone pratiche di settore?","[0.6, 0.6, 0.4, 0.3, 0.3]","[DOCUMENTO ID: synthetic_data_AETERNA\Volume_06_algoritmi_di_ottimizzazione_energetica.md:0:114] (Rerank Score: 0.60)
Le esercitazioni red team e la formazione continua creano una cultura della sicurezza proattiva, essenziale per la protezione di infrastrutture critiche. Infine, la governance centralizzata delle patch e la valutazione continua delle vulnerabilità assicurano che il sistema AETERNA sia in grado di adattarsi dinamicamente all’evoluzione delle minacce, mantenendo la fiducia degli utenti e la conformità agli standard interni Kyoto 2.0.

Capitolo 9: Ottimizzazione dei Costi Operativi

Introduzione Teorica

---

[DOCUMENTO ID: synthetic_data_AETERNA\Volume_20_business_model,_scalabilità_e_sostenibilità_economica.md:0:69] (Rerank Score: 0.60)
Tabella: Classificazione dei Rischi e Contromisure

Categoria Rischio Esempio Specifico Probabilità Impatto Contromisure Implementate Cybersecurity Attacco ransomware su nodo Fog Media Alta Backup geografico, segmentazione rete, runbook incident Fault Tecnico Guasto storage IPFS Bassa Media Replica multi-provider, monitoraggio integrità hash Rischio Normativo Cambiamento policy Kyoto 2.0 Bassa Alta Policy Engine parametrico, compliance middleware Rischio Ambientale Blackout regionale Media Alta Microgrid islanding, failover energetico, edge battery bank Supply Chain Software Vulnerabilità in libreria di terzi Alta Media CI/CD con security gate, vulnerability scanning

Impatto

L’adozione di un framework avanzato di gestione dei rischi e resilienza operativa in AETERNA produce impatti significativi su più livelli:

---

[DOCUMENTO ID: synthetic_data_AETERNA\Volume_04_sicurezza_informatica_e_cyber-resilienza.md:0:58] (Rerank Score: 0.40)
La gestione degli incidenti e il ripristino orchestrato rappresentano un asse portante per la resilienza operativa delle micro-reti energetiche decentralizzate AETERNA. In un contesto caratterizzato da una superficie d’attacco distribuita e da esigenze di continuità di servizio, la rapidità di rilevamento, contenimento e ripristino dei nodi compromessi è cruciale per minimizzare l’impatto su forniture energetiche critiche e sulla fiducia degli attori partecipanti. L’architettura di Incident Response di AETERNA si fonda su una stretta integrazione tra Security Operations Center (SOC) multilivello, automazione delle contromisure e meccanismi di recovery “Clean-Slate” a basso impatto. Tali elementi sono progettati per garantire Recovery Time Objective (RTO) e Recovery Point Objective (RPO) estremamente

---

[DOCUMENTO ID: synthetic_data_AETERNA\Volume_04_sicurezza_informatica_e_cyber-resilienza.md:0:80] (Rerank Score: 0.30)
Impatto

L’adozione di una pipeline integrata di Penetration Testing e Vulnerability Management nel framework AETERNA garantisce una postura di sicurezza proattiva e adattiva, in linea con le esigenze di una micro-rete energetica urbana autarchica. La combinazione di Red Teaming automatizzato, scansioni continue e workflow di recovery Clean-Slate consente di minimizzare il tempo di esposizione alle vulnerabilità (RTO ≤ 60s, RPO = 1 Pulse), assicurando resilienza anche in presenza di attacchi sofisticati.

---

[DOCUMENTO ID: synthetic_data_AETERNA\Volume_10_gestione_delle_emergenze_e_continuità_operativa.md:0:69] (Rerank Score: 0.30)
La resilienza operativa del Progetto AETERNA, in quanto ecosistema energetico federato e distribuito, dipende in misura critica dalla gestione delle dipendenze esterne. Tali dipendenze includono fornitori di servizi cloud, API di terze parti, infrastrutture condivise e componenti di supporto non direttamente controllati dal dominio AETERNA. In scenari di emergenza – quali indisponibilità di provider, degradazione dei servizi, attacchi informatici o eventi infrastrutturali avversi – la capacità di isolare, sostituire o reindirizzare tali dipendenze rappresenta un elemento chiave per la continuità operativa e la prevenzione di single point of failure. L’approccio adottato da AETERNA si fonda su una strategia multi-vendor e multi-cloud, integrando meccanismi",2,0.75
Quale componente della sandbox è responsabile del monitoraggio e della limitazione delle risorse assegnate a ciascun container?,Resource Manager,facile,"Il componente della sandbox responsabile del monitoraggio e della limitazione delle risorse (CPU, RAM, I/O, storage) assegnate a ciascun container è il Resource Manager.","[1.0, 0.8, 0.8, 0.7, 0.7]","[DOCUMENTO ID: synthetic_data_AETERNA\Volume_04_sicurezza_informatica_e_cyber-resilienza.md:0:85] (Rerank Score: 1.00)
Specifiche Tecniche e Protocolli

1. Architettura della Sandbox

Ogni smart contract viene caricato ed eseguito in un ambiente containerizzato, implementato tramite una combinazione di microVM (Micro Virtual Machine) lightweight e policy di isolamento a livello di sistema operativo. Le principali componenti architetturali sono:

MicroVM Runtime: motore di esecuzione dedicato, basato su microkernel, che fornisce uno spazio di esecuzione isolato per ogni smart contract.

Resource Manager: modulo responsabile del monitoraggio e della limitazione delle risorse (CPU, RAM, I/O, storage) assegnate a ciascun container.

---

[DOCUMENTO ID: synthetic_data_AETERNA\Volume_04_sicurezza_informatica_e_cyber-resilienza.md:0:86] (Rerank Score: 0.80)
Security Policy Enforcer: motore di enforcement delle policy di sicurezza, che applica restrizioni granulari sulle syscall, sulle operazioni di rete e sull’accesso alle API dell’H-Node.

Audit & Logging Agent: componente che traccia ogni operazione eseguita all’interno della sandbox, integrandosi con il Bit-Energy Ledger per la notarizzazione degli eventi critici.

2. Isolamento delle Risorse

L’isolamento delle risorse è garantito su più livelli:

CPU & RAM Quota: Ogni sandbox riceve una quota massima di CPU e memoria, configurabile dinamicamente in base al carico di sistema e alla priorità del contratto. Il superamento delle soglie comporta la sospensione o la terminazione automatica dell’istanza.

---

[DOCUMENTO ID: synthetic_data_AETERNA\Volume_04_sicurezza_informatica_e_cyber-resilienza.md:0:90] (Rerank Score: 0.80)
Il ciclo di vita di uno smart contract in sandbox segue i seguenti passi:

Upload & Static Analysis: Il codice viene caricato, sottoposto a SAST e validato rispetto alle policy di sicurezza.

Container Provisioning: Viene creata una microVM dedicata, con risorse pre-assegnate.

Execution & Monitoring: Il contratto viene eseguito, con monitoraggio continuo di risorse e comportamento.

Event Logging & Notarization: Ogni evento significativo viene loggato e notarizzato.

Termination/Quarantine: Al termine, la sandbox viene distrutta; in caso di anomalia, viene isolata e avviata la procedura di recovery.

Diagramma e Tabelle

Diagramma Mermaid: Flusso di Esecuzione Sandbox

---

[DOCUMENTO ID: synthetic_data_AETERNA\Volume_04_sicurezza_informatica_e_cyber-resilienza.md:0:88] (Rerank Score: 0.70)
Time & Pulse Isolation: Ogni sandbox riceve un contesto temporale virtualizzato, sincronizzato con il Pulse corrente, ma senza accesso diretto all’orologio di sistema, prevenendo attacchi basati su manipolazione del tempo.

3. Monitoraggio e Gestione delle Vulnerabilità

Runtime Integrity Check: Ogni sandbox viene monitorata in tempo reale tramite checksum e monitoraggio comportamentale. Qualsiasi deviazione rispetto al profilo atteso (es. spike anomali di CPU, tentativi di accesso non autorizzato) viene notificata al SOC multilivello.

Automated Quarantine: In caso di rilevamento di comportamento malevolo, la sandbox viene immediatamente isolata dal resto del sistema, notificando l’evento tramite canale sicuro e attivando la pipeline di recovery (Clean-Slate Recovery).

---

[DOCUMENTO ID: synthetic_data_AETERNA\Volume_04_sicurezza_informatica_e_cyber-resilienza.md:0:94] (Rerank Score: 0.70)
L’adozione di sandbox di esecuzione per smart contract negli H-Node di AETERNA rappresenta un elemento cardine per la sicurezza, la stabilità e la compliance dell’intero framework. L’isolamento rigoroso delle risorse impedisce che vulnerabilità nel codice degli utenti possano propagarsi al sistema operativo sottostante, preservando l’integrità operativa anche in scenari di attacco avanzato. Il monitoraggio continuo, integrato con pipeline di remediation automatica e notarizzazione degli eventi, assicura la tracciabilità e l’auditabilità richieste dagli standard Kyoto 2.0 e dal Bit-Energy Ledger. In ultima analisi, il sandboxing degli smart contract costituisce il fondamento tecnico che permette di abilitare il trading energetico P2P in modo sicuro, resiliente e conforme, sostenendo",2,1.0
In che modo il modulo Quarantine Orchestrator degli IDS distribuiti di AETERNA interagisce con altri componenti per garantire l’isolamento logico di segmenti di rete sospetti e la successiva tracciabilità degli eventi?,"Il modulo Quarantine Orchestrator degli IDS distribuiti di AETERNA interagisce con altri componenti orchestrando l’isolamento logico dei segmenti di rete sospetti tramite il Network Policy Engine, che applica ACL temporanee e de-autentica gli H-Node coinvolti. L’attivazione della quarantena avviene solo dopo che il Peer Communication Layer ha propagato l’alert agli altri nodi Fog e si è raggiunto un consenso distribuito sulla presenza di un’anomalia. Tutte le azioni di quarantena, inclusi detection, isolamento e recovery, vengono registrate dall’Audit Logger e notarizzate sul Bit-Energy Ledger, garantendo la tracciabilità completa degli eventi.",media,"Il Quarantine Orchestrator degli IDS distribuiti di AETERNA agisce come componente centrale nell’isolamento logico di segmenti di rete sospetti, garantendo anche la tracciabilità degli eventi attraverso una collaborazione con altri moduli e meccanismi di audit. Ecco come avviene questa interazione:

1. Flusso di rilevazione e consenso:
   - Un Nodo Fog rileva un’anomalia attraverso moduli di Machine Learning.
   - Viene generato un alert locale che, tramite il Peer Communication Layer (canale sicuro autenticato), è propagato agli altri nodi Fog.
   - Viene raggiunto un consenso distribuito tra i nodi su un pattern anomalo prima che il Quarantine Orchestrator entri in azione.

2. Attivazione e isolamento:
   - Il Quarantine Orchestrator, dopo il consenso, si interfaccia col Network Policy Engine e, se necessario, con il modulo IAM.
   - Le principali azioni di isolamento includono: applicazione di policy ACL temporanee, blocco del routing, revoca credenziali di autenticazione, disconnessione logica/fisica degli H-Node coinvolti.
   - L’isolamento può essere granulare (singolo H-Node, gruppo, VLAN, subnet) e ha durata temporanea, essendo revocato automaticamente in assenza di ulteriori anomalie.

3. Tracciabilità e audit:
   - Ogni evento di detection, attivazione della quarantena e recovery successivo è registrato dall’Audit Logger.
   - La notarizzazione avviene in modo atomico sul Bit-Energy Ledger, garantendo integrità, accountability e compliance (es. Kyoto 2.0).
   - Tutte le azioni sono quindi tracciate e recuperabili per analisi forensi future e audit di sicurezza.

4. Recovery:
   - La reintegrazione del segmento isolato avviene solo dopo clean-up forense e procedure di ripristino sicuro (Clean-Slate Recovery) e viene anch’essa tracciata dal sistema di audit.

Componenti coinvolti, principali interfacce e funzioni:
- Quarantine Orchestrator ↔ Network Policy Engine/IAM Engine (applicazione/revoca ACL, disconnessione H-Node)
- Quarantine Orchestrator ↔ Audit Logger → Bit-Energy Ledger (tracciabilità)
- Peer Communication Layer (coordinamento tra i nodi Fog)
- Audit Logger ↔ SOC (Security Operation Center) per controllo e analisi

In sintesi, il Quarantine Orchestrator agisce sulla rete applicando automaticamente le policy di isolamento, ma tutto è coordinato con altri componenti per garantire che ogni azione sia giustificata, temporanea, tracciata e reversibile con audit atomico e compliance normativa.","[1.0, 1.0, 1.0, 0.9, 0.9]","[DOCUMENTO ID: synthetic_data_AETERNA\Volume_04_sicurezza_informatica_e_cyber-resilienza.md:0:105] (Rerank Score: 1.00)
Diagramma e Tabelle

Diagramma Mermaid: Quarantena Logica di un Segmento di Rete

graph TD
A[""Nodo Fog rileva anomalia""]
B[""Estrazione feature e analisi ML""]
C[""Generazione alert locale""]
D[""Propagazione alert ai nodi Fog adiacenti""]
E[""Consenso distribuito su pattern anomalo""]
F[""Attivazione Quarantine Orchestrator""]
G[""Applicazione policy di isolamento (ACL, IAM revoke, routing block)""]
H[""Audit e notarizzazione su Bit-Energy Ledger""]
I[""Segmento di rete in quarantena""]

A --> B
B --> C
C --> D
D --> E
E --> F
F --> G
G --> H
G --> I

Tabella: Componenti IDS Distribuito – Funzioni e Interfacce

---

[DOCUMENTO ID: synthetic_data_AETERNA\Volume_04_sicurezza_informatica_e_cyber-resilienza.md:0:100] (Rerank Score: 1.00)
Peer Communication Layer: canale sicuro (TLS/Mutual Auth) per la condivisione di alert e pattern anomali con altri nodi Fog adiacenti.

Quarantine Orchestrator: gestisce l’isolamento logico di segmenti di rete sospetti, interfacciandosi con il Network Policy Engine per l’applicazione di ACL temporanee e la de-autenticazione degli H-Node coinvolti.

Audit Logger: registra ogni evento di detection, quarantena e recovery, integrandosi con il Bit-Energy Ledger per la notarizzazione degli incidenti.

2. Flusso Operativo IDS

Il ciclo di vita di un evento di sicurezza rilevato dall’IDS distribuito si articola nelle seguenti fasi:

---

[DOCUMENTO ID: synthetic_data_AETERNA\Volume_04_sicurezza_informatica_e_cyber-resilienza.md:0:104] (Rerank Score: 1.00)
L’isolamento di un segmento di rete avviene secondo policy granulari:

Scope: La quarantena può essere applicata a livello di singolo H-Node, gruppo di H-Node, VLAN o subnet Fog.

Durata: La quarantena è temporanea e revocabile automaticamente in assenza di ulteriori anomalie.

Azioni: Interruzione del routing, revoca delle credenziali IAM, blocco delle chiamate API, disconnessione fisica/logica.

Recovery: La reintegrazione avviene solo dopo verifica forense e clean-up automatico (Clean-Slate Recovery).

5. Integrazione con il Bit-Energy Ledger

Tutti gli eventi di detection, quarantena e recovery sono notarizzati in modo atomico sul Bit-Energy Ledger, garantendo auditabilità, accountability e compliance Kyoto 2.0.

Diagramma e Tabelle

---

[DOCUMENTO ID: synthetic_data_AETERNA\Volume_04_sicurezza_informatica_e_cyber-resilienza.md:0:102] (Rerank Score: 0.90)
Decisione Distribuita: Se più nodi confermano pattern anomali coerenti (consenso distribuito), il Quarantine Orchestrator attiva la quarantena logica del segmento di rete interessato.

Isolamento e Mitigazione: Vengono applicate policy di isolamento (es. taglio del routing, revoca delle chiavi IAM, disconnessione degli H-Node sospetti) tramite il Network Policy Engine.

Audit e Notarizzazione: Tutte le azioni vengono tracciate dall’Audit Logger e notarizzate sul Bit-Energy Ledger, in conformità agli standard Kyoto 2.0.

3. Protocolli di Comunicazione IDS–IDS

La cooperazione tra IDS Fog è realizzata tramite un protocollo di gossip autenticato, con le seguenti caratteristiche:

---

[DOCUMENTO ID: synthetic_data_AETERNA\Volume_04_sicurezza_informatica_e_cyber-resilienza.md:0:106] (Rerank Score: 0.90)
Tabella: Componenti IDS Distribuito – Funzioni e Interfacce

Componente Funzione Principale Interfacce Principali Traffic Collector Acquisizione e normalizzazione traffico Network Stack, Feature Extractor Feature Extractor Estrazione attributi comportamentali Traffic Collector, Anomaly Detector Anomaly Detector (ML) Rilevazione anomalie tramite modelli ML Feature Extractor, Quarantine Orchestrator Peer Communication Scambio alert e pattern tra nodi Fog TLS Stack, IDS Peer Quarantine Orchestrator Isolamento logico segmenti di rete, enforcement policy Network Policy Engine, IAM Engine Audit Logger Logging e notarizzazione degli eventi Bit-Energy Ledger, SOC

Tabella: Policy di Quarantena – Parametri di Configurazione",2,1.0
"Quali sono le fasi principali del processo di applicazione della Differential Privacy nel Progetto AETERNA, dalla raccolta dei dati fino alla notarizzazione, e come vengono gestiti i parametri di privacy e il budget durante questo flusso operativo?","Le fasi principali del processo di applicazione della Differential Privacy nel Progetto AETERNA sono:

1. Raccolta dati grezzi a livello Edge (H-Node), dove vengono pre-aggregati e, se richiesto, sottoposti a local differential privacy (LDP).
2. Trasmissione sicura dei dati pre-aggregati verso il nodo Fog.
3. Aggregazione dei dati a livello Fog, con applicazione di central differential privacy (CDP) prima di inoltrare i dataset verso il Cloud o esporre risultati analitici.
4. Trasmissione sicura dei dati anonimizzati verso il Cloud.
5. Analisi macro a livello Cloud su dati già anonimizzati, garantendo doppia protezione end-to-end.
6. Notarizzazione delle operazioni di aggregazione e inserimento del rumore sul Bit-Energy Ledger, includendo hash dei dati rumorosi, parametri di privacy (ε, δ), identificativo del batch e timestamp.

I parametri di privacy (epsilon ε e, dove necessario, delta δ) sono controllati centralmente dal Policy Engine di AETERNA e vengono scelti in base al livello operativo (ad esempio, ε=0.3 a livello Edge, ε=0.5 a livello Fog, ε=0.1 a livello Cloud; δ=1e-6 per i livelli Fog e Cloud). Il budget di privacy è tracciato per ogni entità (H-Node, gruppo, quartiere) e decrementato a ogni query o aggregazione; il superamento del budget comporta la sospensione automatica delle analisi granulari fino al reset periodico (tipicamente ogni 24 ore). Le query composte vengono gestite tramite composizione sequenziale o parallela del budget, secondo i teoremi di composizione della DP. Tutte le API espongono metadati relativi ai parametri di privacy applicati e al residuo di budget disponibile.",difficile,"Ecco una panoramica dettagliata delle fasi principali del processo di applicazione della Differential Privacy (DP) nel Progetto AETERNA, dalla raccolta dati fino alla notarizzazione, e della gestione dei parametri di privacy e del privacy budget:

---

**1. Flusso Operativo: Fasi Principali**

- **Raccolta Dati Grezzi (H-Node/Edge)**
  - I dispositivi H-Node raccolgono dati energetici (es. consumi, produzione).

- **Pre-Aggregazione Locale**
  - I dati vengono validati, normalizzati e aggregati in modo contestuale nel nodo locale.

- **Applicazione Local Differential Privacy (LDP)**
  - Vengono applicati meccanismi di LDP (tipicamente aggiunta di rumore laplaciano) per anonimizzare i dati prima della trasmissione.
  - Parametri chiave:
    - ε (epsilon): tipicamente 0.3 sul livello Edge (valori regolabili tra 0.1 e 1.0)
    - Tipo di rumore: Laplaciano
    - Budget: 24h
  - Viene calcolata anche la sensibilità dei dati.

- **Trasmissione Sicura verso Fog**
  - I dati anonimizzati sono inviati tramite canali sicuri al livello Fog.

- **Aggregazione e Applicazione Central Differential Privacy (CDP) (Fog)**
  - Nodi Fog aggregano dati dai vari H-Node e applicano ulteriore DP a livello centrale usando rumore di tipo Gaussiano.
    - ε: 0.5 (esempio)
    - δ: 1e-6 (solo per Gaussian Mechanism)
    - Budget: 24h
  - I risultati possono essere inviati anche alle API di quartiere.

- **Trasmissione Sicura verso Cloud**
  - I dataset anonimizzati transitano nuovamente in modo sicuro.

- **Analisi Macro su Cloud**
  - Il livello Cloud opera su dati già anonimizzati:
    - ε: 0.1 (esempio, maggiore privacy)
    - δ: 1e-6
  - Ulteriore protezione, tipicamente su dati aggregati.

- **Notarizzazione su Bit-Energy Ledger**
  - Ogni operazione di anonimizzazione viene hashata e notarizzata sulla blockchain privata AETERNA per garantire tracciabilità, auditabilità e compliance (audit reference, privacy policy, data lineage).

---

**2. Gestione Parametri di Privacy e Budget**

- **Epsilon (ε):** livello di privacy, gestito e regolato centralmente dal Policy Engine; valori più bassi implicano maggiore privacy ma minore accuratezza.
- **Delta (δ):** probabilità di violazione della privacy, impostato per default a < 10^-6 per Gaussian Mechanism.
- **Budget di Privacy:** ogni entità (utente, gruppo, dataset) ha un budget di ε sull'arco di 24h o per batch/sintesi; una volta esaurito, non sono possibili ulteriori query su dati “privati”.
- **Notarizzazione/Audit:** ogni evento di anonimizzazione è tracciato con hash sulla blockchain (Bit-Energy Ledger), associando metadati come epsilon, delta, livello di aggregazione, tipo di rumore, audit_reference, e budget residuo.
- **Reset Budget:** ogni 24 ore (o in batch, a seconda del livello) il budget di privacy viene ripristinato.

---

**Sintesi**
- Il processo è sequenziale e stratificato: Raccolta → Preprocessing → LDP su Edge → Aggregazione → CDP su Fog/Cloud → Analisi/Notarizzazione.
- ε e δ sono gestiti e tracciati rigorosamente.
- Tutte le operazioni sono visibili/auditate tramite la blockchain interna.

Se desideri maggiori dettagli su una fase specifica (es. tecniche di aggiunta del rumore, esempi di configurazione del budget, o metadati esposti dalle API), chiedi pure!","[1.0, 0.8, 0.7, 0.7, 0.6, 1.0, 0.8, 0.8, 0.8, 0.7]","[DOCUMENTO ID: synthetic_data_AETERNA\Volume_04_sicurezza_informatica_e_cyber-resilienza.md:0:119] (Rerank Score: 1.00)
Diagramma e Tabelle

Diagramma: Flusso di Anonimizzazione tramite Differential Privacy

graph TD
  A[""H-Node: Raccolta dati grezzi""] --> B[""Pre-aggregazione locale""]
  B --> C[""Applicazione Local Differential Privacy""]
  C --> D[""Trasmissione sicura verso Fog""]
  D --> E[""Fog: Aggregazione dati di quartiere""]
  E --> F[""Applicazione Central Differential Privacy""]
  F --> G[""Trasmissione sicura verso Cloud""]
  G --> H[""Cloud: Analisi macro su dati anonimizzati""]
  F --> I[""Notarizzazione su Bit-Energy Ledger""]

Tabella: Parametri e Policy di Differential Privacy in AETERNA

---

[DOCUMENTO ID: synthetic_data_AETERNA\Volume_04_sicurezza_informatica_e_cyber-resilienza.md:0:113] (Rerank Score: 0.80)
Specifiche Tecniche e Protocolli

1. Livelli di Applicazione della Differential Privacy in AETERNA

La Differential Privacy viene applicata in modo stratificato e contestuale, secondo la seguente gerarchia operativa:

Livello Edge (H-Node): I dati raccolti localmente (consumi istantanei, profili di carico, eventi di produzione/consumo) vengono pre-aggregati e, ove richiesto, sottoposti a meccanismi di local differential privacy (LDP) prima della trasmissione verso il nodo Fog di competenza.

Livello Fog (Quartiere): I nodi Fog aggregano i dati provenienti dagli H-Node e applicano meccanismi di central differential privacy (CDP) prima di inoltrare i dataset verso il Cloud o di esporre risultati analitici alle API di quartiere.

---

[DOCUMENTO ID: synthetic_data_AETERNA\Volume_04_sicurezza_informatica_e_cyber-resilienza.md:0:121] (Rerank Score: 0.70)
Impatto

L’adozione sistematica della Differential Privacy in AETERNA comporta una serie di impatti positivi e alcune considerazioni operative:

Privacy Garantita by Design: La protezione delle abitudini individuali di consumo è formalmente garantita, indipendentemente da eventuali compromissioni dei nodi Fog o Cloud, o da correlazioni incrociate tra dataset.

Auditabilità e Compliance: La notarizzazione di ogni operazione di anonimizzazione sul Bit-Energy Ledger consente audit trasparenti e verificabili, assicurando la piena conformità agli standard Kyoto 2.0 e alle policy interne di AETERNA.

---

[DOCUMENTO ID: synthetic_data_AETERNA\Volume_13_interoperabilità_e_standardizzazione_internazionale.md:0:134] (Rerank Score: 0.70)
Default privacy settings: Tutti i servizi sono configurati per la massima protezione dei dati per impostazione predefinita (opt-in per funzionalità opzionali, opt-out facilitato).

2.1.2 Data Flow e Classificazione

Classificazione dei dati: Ogni dato è etichettato secondo uno schema di classificazione (personale, sensibile, aggregato, anonimo) e tracciato tramite metadati persistenti.

Data lineage: Tracciamento completo del ciclo di vita del dato, dalla raccolta alla cancellazione, con audit trail su blockchain privata AETERNA.

2.2 Tecniche di Protezione dei Dati

2.2.1 Pseudonimizzazione

---

[DOCUMENTO ID: synthetic_data_AETERNA\Volume_04_sicurezza_informatica_e_cyber-resilienza.md:0:111] (Rerank Score: 0.60)
La protezione della privacy degli utenti rappresenta un pilastro imprescindibile nell’architettura del Progetto AETERNA, soprattutto in considerazione della natura sensibile dei dati energetici raccolti e analizzati ai vari livelli della micro-rete (Edge, Fog, Cloud). La Differential Privacy (DP) si configura come lo standard interno per garantire che le informazioni aggregate utilizzate per l’ottimizzazione e la sicurezza della rete non consentano, nemmeno indirettamente, la ricostruzione delle abitudini di consumo dei singoli utenti. La DP introduce un formalismo matematico rigoroso che, attraverso l’aggiunta controllata di rumore statistico ai dati o alle query, assicura che la presenza o l’assenza di un singolo individuo in un dataset abbia un impatto trascurabile sui

===

[DOCUMENTO ID: synthetic_data_AETERNA\Volume_04_sicurezza_informatica_e_cyber-resilienza.md:0:120] (Rerank Score: 1.00)
Tabella: Parametri e Policy di Differential Privacy in AETERNA

Livello Tipo di DP Tipo di Rumore ε (Epsilon) δ (Delta) Budget Reset Notarizzazione Edge (H-Node) Local Laplaciano 0.3 N/A 24h Batch Fog Central Gaussiano 0.5 1e-6 24h Full Cloud Central Gaussiano 0.1 1e-6 24h Summary

Tabella: API Privacy-Aware – Metadati Esposti

Campo Descrizione Esempio privacy_epsilon Parametro ε utilizzato 0.5 privacy_delta Parametro δ utilizzato 1e-6 privacy_budget Budget residuo per l’entità 0.7 noise_type Tipo di rumore applicato Laplacian aggregation_level Livello di aggregazione (Edge/Fog/Cloud) Fog audit_reference Hash evento su Bit-Energy Ledger 0xA1B2C3...

Impatto

---

[DOCUMENTO ID: synthetic_data_AETERNA\Volume_04_sicurezza_informatica_e_cyber-resilienza.md:0:111] (Rerank Score: 0.80)
La protezione della privacy degli utenti rappresenta un pilastro imprescindibile nell’architettura del Progetto AETERNA, soprattutto in considerazione della natura sensibile dei dati energetici raccolti e analizzati ai vari livelli della micro-rete (Edge, Fog, Cloud). La Differential Privacy (DP) si configura come lo standard interno per garantire che le informazioni aggregate utilizzate per l’ottimizzazione e la sicurezza della rete non consentano, nemmeno indirettamente, la ricostruzione delle abitudini di consumo dei singoli utenti. La DP introduce un formalismo matematico rigoroso che, attraverso l’aggiunta controllata di rumore statistico ai dati o alle query, assicura che la presenza o l’assenza di un singolo individuo in un dataset abbia un impatto trascurabile sui

---

[DOCUMENTO ID: synthetic_data_AETERNA\Volume_04_sicurezza_informatica_e_cyber-resilienza.md:0:115] (Rerank Score: 0.80)
b. Parametri di Privacy

Epsilon (ε): Parametro di privacy controllato centralmente dal Policy Engine di AETERNA, con valori tipici compresi tra 0.1 e 1.0. Un valore più basso implica una maggiore protezione della privacy, ma una minore accuratezza dei dati aggregati.

Delta (δ): Utilizzato esclusivamente nei meccanismi gaussiani, rappresenta la probabilità di un’eventuale violazione della privacy. In AETERNA viene fissato a valori < 10^-6.

c. Processo di Applicazione

Pre-Processing: I dati grezzi vengono validati e normalizzati. Vengono calcolate le metriche di sensibilità (quanto può cambiare il risultato di una query se si aggiunge o rimuove un singolo individuo).

---

[DOCUMENTO ID: synthetic_data_AETERNA\Volume_04_sicurezza_informatica_e_cyber-resilienza.md:0:119] (Rerank Score: 0.80)
Diagramma e Tabelle

Diagramma: Flusso di Anonimizzazione tramite Differential Privacy

graph TD
  A[""H-Node: Raccolta dati grezzi""] --> B[""Pre-aggregazione locale""]
  B --> C[""Applicazione Local Differential Privacy""]
  C --> D[""Trasmissione sicura verso Fog""]
  D --> E[""Fog: Aggregazione dati di quartiere""]
  E --> F[""Applicazione Central Differential Privacy""]
  F --> G[""Trasmissione sicura verso Cloud""]
  G --> H[""Cloud: Analisi macro su dati anonimizzati""]
  F --> I[""Notarizzazione su Bit-Energy Ledger""]

Tabella: Parametri e Policy di Differential Privacy in AETERNA

---

[DOCUMENTO ID: synthetic_data_AETERNA\Volume_04_sicurezza_informatica_e_cyber-resilienza.md:0:113] (Rerank Score: 0.70)
Specifiche Tecniche e Protocolli

1. Livelli di Applicazione della Differential Privacy in AETERNA

La Differential Privacy viene applicata in modo stratificato e contestuale, secondo la seguente gerarchia operativa:

Livello Edge (H-Node): I dati raccolti localmente (consumi istantanei, profili di carico, eventi di produzione/consumo) vengono pre-aggregati e, ove richiesto, sottoposti a meccanismi di local differential privacy (LDP) prima della trasmissione verso il nodo Fog di competenza.

Livello Fog (Quartiere): I nodi Fog aggregano i dati provenienti dagli H-Node e applicano meccanismi di central differential privacy (CDP) prima di inoltrare i dataset verso il Cloud o di esporre risultati analitici alle API di quartiere.",3,1.0
Qual è il costo medio per la notarizzazione di una Merkle Root sul Bit-Energy Ledger durante un audit post-incidente?,L'informazione non è disponibile nel testo,impossibile,"Nei documenti disponibili sul framework AETERNA, viene descritto in dettaglio il processo di notarizzazione delle Merkle Root sul Bit-Energy Ledger, soprattutto nel contesto di audit post-incidente. Tuttavia, non viene fornita un'indicazione esplicita o numerica del costo medio (ad esempio, in euro o token) per la notarizzazione di una Merkle Root. Ecco quanto emerge:

- La notarizzazione delle Merkle Root avviene tramite l'invio della radice calcolata da ciascun batch temporale di log al modulo di notarizzazione, che la ancora sul Bit-Energy Ledger.
- Viene garantita l’immutabilità e la non ripudiabilità degli eventi, a supporto sia della verifica forense durante audit post-incidente sia della certificazione legale.
- Il processo è descritto come automatico e serializzato, su finestre temporali molto brevi (da 30 secondi a 5 minuti a seconda della topologia).
- Non si riporta un costo variabile dovuto ad audit post-incidente: la notarizzazione fa parte del logging standard e i costi sembrano allineati a quelli di una transazione minima sulla blockchain Bit-Energy (Ethereum-like) tramite smart contract custom, con policy di batch estremamente ottimizzate.

**In sintesi:**  
La documentazione non specifica un costo medio, né in valuta fiat né in token, per la singola operazione di notarizzazione di una Merkle Root su Bit-Energy Ledger, neanche durante un audit post-incidente. Si può dedurre che il costo sia equiparabile a quello di una normale transazione di scrittura su una blockchain privata ottimizzata, tipicamente molto basso (nell’ordine di pochi centesimi di euro per batch notarizzato, salvo configurazioni particolari), ma il valore esatto dovrebbe essere confermato tramite la configurazione corrente della rete Bit-Energy.

**Fonte:**  
- Volume 04 - Sicurezza Informatica e Cyber-Resilienza (1.3 Ciclo di Vita dei Log, sezione Audit e Notarizzazione)
- Volume 18 - Evoluzione Tecnologica e Roadmap di Ricerca (2.3.2 Sistema di Notarizzazione Blockchain)

Se necessiti di un valore preciso (in token o EUR), occorre consultare la configurazione economica della Bit-Energy Ledger per i costi di una transazione smart contract per notarizzazione. Vuoi che recuperi come calcolare o dove trovare questi costi nella documentazione di Bit-Energy?","[0.7, 0.7, 0.7, 0.7, 0.7, 0.8, 0.7, 0.7, 0.7, 0.7, 0.6, 0.6, 0.6, 0.6, 0.5, 0.6, 0.6, 0.3, 0.3, 0.0]","[DOCUMENTO ID: synthetic_data_AETERNA\Volume_04_sicurezza_informatica_e_cyber-resilienza.md:0:130] (Rerank Score: 0.70)
1.3. Ciclo di Vita dei Log

Generazione: Ogni nodo genera localmente i log degli eventi rilevanti.

Aggregazione: I log sono raccolti in batch temporali e organizzati in Merkle Trees.

Notarizzazione: La Merkle Root di ciascun batch viene inviata al modulo di notarizzazione, che la ancora sul Bit-Energy Ledger.

Replica e Backup: I Merkle Trees e i log grezzi sono replicati su storage distribuito (IPFS/DFS) con accesso controllato.

Accesso Audit: In caso di incidente, gli auditor possono ricostruire la sequenza degli eventi e verificarne l’integrità tramite la Merkle Root pubblica.

2. Protocolli di Audit Post-Incidente

2.1. Ricostruzione Forense

---

[DOCUMENTO ID: synthetic_data_AETERNA\Volume_04_sicurezza_informatica_e_cyber-resilienza.md:0:125] (Rerank Score: 0.70)
basato su strutture Merkle Tree, integrato nativamente con il Bit-Energy Ledger. Questa soluzione funge da ""scatola nera"" digitale, garantendo che ogni azione rilevante sia registrata, verificabile e non alterabile, a sostegno sia delle analisi post-incidente sia della certificazione legale di conformità agli standard di sicurezza nazionali e agli standard interni Kyoto 2.0.

---

[DOCUMENTO ID: synthetic_data_AETERNA\Volume_04_sicurezza_informatica_e_cyber-resilienza.md:0:134] (Rerank Score: 0.70)
Diagrammi e Tabelle

Diagramma Mermaid: Flusso di Logging e Audit

graph TD
    A[""Evento di Sistema (Edge/Fog/Cloud)""]
    B[""Serializzazione Evento di Log""]
    C[""Batch Temporale di Log""]
    D[""Costruzione Merkle Tree""]
    E[""Calcolo Merkle Root""]
    F[""Notarizzazione su Bit-Energy Ledger""]
    G[""Replica su Storage Distribuito""]
    H[""Richiesta Audit Post-Incidente""]
    I[""Recupero Merkle Root e Log""]
    J[""Ricostruzione e Verifica Integrità""]
    K[""Analisi Forense e Certificazione""]

---

[DOCUMENTO ID: synthetic_data_AETERNA\Volume_04_sicurezza_informatica_e_cyber-resilienza.md:0:37] (Rerank Score: 0.70)
3. Logging, Audit e Notarizzazione

Eventi IAM critici (registrazione, autenticazione, revoca, rotazione) sono immediatamente notarizzati su Bit-Energy Ledger, con hash SHA-3 e timestamp Kyoto 2.0.

Audit trail: Tutte le operazioni IAM sono tracciate e consultabili in modalità read-only dagli operatori autorizzati, garantendo trasparenza e compliance.

Diagramma e Tabelle

Diagramma Mermaid: Flusso di Autenticazione di un nuovo H-Node

sequenceDiagram
    participant HNode as ""H-Node""
    participant Fog as ""Fog Node""
    participant AuthServer as ""Authorization Server""
    participant Ledger as ""Bit-Energy Ledger""

---

[DOCUMENTO ID: synthetic_data_AETERNA\Volume_10_gestione_delle_emergenze_e_continuità_operativa.md:0:62] (Rerank Score: 0.70)
Bit-Energy Blockchain API: Notarizzazione e audit trail di eventi critici e azioni correttive.

gRPC Health Checking: Monitoraggio stato servizi e comunicazione tra agenti.

Incident Response: Workflow e Automazione

La risposta agli incidenti è orchestrata tramite playbook digitali, versionati e distribuiti via pipeline CI/CD. Ogni playbook definisce:

Trigger: Condizioni di attivazione (es. superamento soglia, pattern anomalo, segnale AI).

Azioni Correttive: Sospensione workload non critici, riallocazione risorse, attivazione backup, isolamento nodi compromessi.

Comunicazione: Notifica automatica ai team coinvolti, aggiornamento dashboard, escalation secondo priorità servizio.

Audit e Notarizzazione: Logging dettagliato, firma digitale e registrazione su Bit-Energy Blockchain.

===

[DOCUMENTO ID: synthetic_data_AETERNA\Volume_04_sicurezza_informatica_e_cyber-resilienza.md:0:130] (Rerank Score: 0.80)
1.3. Ciclo di Vita dei Log

Generazione: Ogni nodo genera localmente i log degli eventi rilevanti.

Aggregazione: I log sono raccolti in batch temporali e organizzati in Merkle Trees.

Notarizzazione: La Merkle Root di ciascun batch viene inviata al modulo di notarizzazione, che la ancora sul Bit-Energy Ledger.

Replica e Backup: I Merkle Trees e i log grezzi sono replicati su storage distribuito (IPFS/DFS) con accesso controllato.

Accesso Audit: In caso di incidente, gli auditor possono ricostruire la sequenza degli eventi e verificarne l’integrità tramite la Merkle Root pubblica.

2. Protocolli di Audit Post-Incidente

2.1. Ricostruzione Forense

---

[DOCUMENTO ID: synthetic_data_AETERNA\Volume_04_sicurezza_informatica_e_cyber-resilienza.md:0:131] (Rerank Score: 0.70)
2. Protocolli di Audit Post-Incidente

2.1. Ricostruzione Forense

Estrazione della Merkle Root: L’auditor recupera la Merkle Root notarizzata corrispondente all’intervallo temporale di interesse dal Bit-Energy Ledger.

Recupero dei Log: I log grezzi e le foglie del Merkle Tree vengono estratti dal sistema di storage distribuito.

Verifica di Integrità: Viene ricostruito localmente il Merkle Tree e confrontata la radice calcolata con quella notarizzata.

Analisi Sequenziale: Grazie al campo prev_hash, è possibile ricostruire la catena temporale degli eventi e rilevare eventuali alterazioni o omissioni.

2.2. Certificazione Legale

---

[DOCUMENTO ID: synthetic_data_AETERNA\Volume_04_sicurezza_informatica_e_cyber-resilienza.md:0:132] (Rerank Score: 0.70)
2.2. Certificazione Legale

Non Ripudiabilità: La presenza della Merkle Root notarizzata su Bit-Energy Ledger costituisce prova crittografica dell’esistenza e dell’integrità dei log a una data certa.

Conformità Kyoto 2.0: Ogni evento di anonimizzazione e ogni operazione rilevante sono tracciati e certificabili secondo gli standard interni, con livelli di dettaglio configurabili (Full, Summary, Minimal).

Accesso Audit Granulare: Le API privacy-aware espongono solo i metadati necessari all’audit, nel rispetto del privacy budget e delle policy di DP.

3. Integrazione con Moduli di Sicurezza e IDS

---

[DOCUMENTO ID: synthetic_data_AETERNA\Volume_04_sicurezza_informatica_e_cyber-resilienza.md:0:125] (Rerank Score: 0.70)
basato su strutture Merkle Tree, integrato nativamente con il Bit-Energy Ledger. Questa soluzione funge da ""scatola nera"" digitale, garantendo che ogni azione rilevante sia registrata, verificabile e non alterabile, a sostegno sia delle analisi post-incidente sia della certificazione legale di conformità agli standard di sicurezza nazionali e agli standard interni Kyoto 2.0.

---

[DOCUMENTO ID: synthetic_data_AETERNA\Volume_04_sicurezza_informatica_e_cyber-resilienza.md:0:134] (Rerank Score: 0.70)
Diagrammi e Tabelle

Diagramma Mermaid: Flusso di Logging e Audit

graph TD
    A[""Evento di Sistema (Edge/Fog/Cloud)""]
    B[""Serializzazione Evento di Log""]
    C[""Batch Temporale di Log""]
    D[""Costruzione Merkle Tree""]
    E[""Calcolo Merkle Root""]
    F[""Notarizzazione su Bit-Energy Ledger""]
    G[""Replica su Storage Distribuito""]
    H[""Richiesta Audit Post-Incidente""]
    I[""Recupero Merkle Root e Log""]
    J[""Ricostruzione e Verifica Integrità""]
    K[""Analisi Forense e Certificazione""]

===

[DOCUMENTO ID: synthetic_data_AETERNA\Volume_04_sicurezza_informatica_e_cyber-resilienza.md:0:130] (Rerank Score: 0.60)
1.3. Ciclo di Vita dei Log

Generazione: Ogni nodo genera localmente i log degli eventi rilevanti.

Aggregazione: I log sono raccolti in batch temporali e organizzati in Merkle Trees.

Notarizzazione: La Merkle Root di ciascun batch viene inviata al modulo di notarizzazione, che la ancora sul Bit-Energy Ledger.

Replica e Backup: I Merkle Trees e i log grezzi sono replicati su storage distribuito (IPFS/DFS) con accesso controllato.

Accesso Audit: In caso di incidente, gli auditor possono ricostruire la sequenza degli eventi e verificarne l’integrità tramite la Merkle Root pubblica.

2. Protocolli di Audit Post-Incidente

2.1. Ricostruzione Forense

---

[DOCUMENTO ID: synthetic_data_AETERNA\Volume_04_sicurezza_informatica_e_cyber-resilienza.md:0:127] (Rerank Score: 0.60)
Ogni azione significativa compiuta sulla rete AETERNA (es. operazioni di anonimizzazione, transazioni di trading P2P, modifiche ai parametri di privacy, eventi di sicurezza rilevati dagli IDS) viene serializzata in un evento di log strutturato. Gli eventi sono raccolti in blocchi temporali (tipicamente intervalli di 5 minuti su Edge, 1 minuto su Fog, 30 secondi su Cloud), ciascuno dei quali costituisce una foglia del Merkle Tree. Il Merkle Tree viene ricostruito periodicamente, calcolando ricorsivamente gli hash delle foglie e dei nodi intermedi fino alla radice (Merkle Root). La Merkle Root di ciascun intervallo viene notarizzata e ancorata sul Bit-Energy Ledger, garantendo così l’immutabilità e la non ripudiabilità

---

[DOCUMENTO ID: synthetic_data_AETERNA\Volume_18_evoluzione_tecnologica_e_roadmap_di_ricerca.md:0:23] (Rerank Score: 0.60)
2.3.2 Sistema di Notarizzazione Blockchain

Partner: Startup Blockchain

Descrizione: Sperimentazione di un sistema di notarizzazione distribuita dei dati energetici tramite smart contract su Bit-Energy (Ethereum-like).

Integrazione:

Smart contract custom deployato su canale privato Bit-Energy.

API gRPC per la trasmissione degli hash dei dati notarizzati.

Isolamento tramite enclave Intel SGX per le funzioni critiche di firma.

Audit trail on-chain e off-chain, con supporto a zk-SNARKs per privacy avanzata.

Validazione: Test di resilienza, verifica della latenza di notarizzazione, audit di sicurezza.

2.4 Ambienti di Sperimentazione

---

[DOCUMENTO ID: synthetic_data_AETERNA\Volume_04_sicurezza_informatica_e_cyber-resilienza.md:0:22] (Rerank Score: 0.60)
5. Prevenzione Manipolazione e Replay

Nonce univoci per ogni transazione: Generati hardware-side, notarizzati su blockchain.

Challenge-Response per ogni sessione: Il Fog invia challenge randomica, l’H-Node risponde firmando la challenge.

Replay detection: Ogni pacchetto è associato a un identificatore e timestamp; pacchetti duplicati o fuori finestra temporale sono scartati e loggati.

6. Auditabilità e Logging Immutabile

Tutti gli eventi di rotazione chiavi, autenticazioni, fallimenti di verifica firma e anomalie di integrità sono notarizzati in tempo reale su Bit-Energy Ledger, garantendo auditabilità e tracciabilità end-to-end.

Diagramma e Tabelle

Diagramma: Flusso crittografico end-to-end

---

[DOCUMENTO ID: synthetic_data_AETERNA\Volume_04_sicurezza_informatica_e_cyber-resilienza.md:0:37] (Rerank Score: 0.50)
3. Logging, Audit e Notarizzazione

Eventi IAM critici (registrazione, autenticazione, revoca, rotazione) sono immediatamente notarizzati su Bit-Energy Ledger, con hash SHA-3 e timestamp Kyoto 2.0.

Audit trail: Tutte le operazioni IAM sono tracciate e consultabili in modalità read-only dagli operatori autorizzati, garantendo trasparenza e compliance.

Diagramma e Tabelle

Diagramma Mermaid: Flusso di Autenticazione di un nuovo H-Node

sequenceDiagram
    participant HNode as ""H-Node""
    participant Fog as ""Fog Node""
    participant AuthServer as ""Authorization Server""
    participant Ledger as ""Bit-Energy Ledger""

===

[DOCUMENTO ID: synthetic_data_AETERNA\Volume_04_sicurezza_informatica_e_cyber-resilienza.md:0:130] (Rerank Score: 0.60)
1.3. Ciclo di Vita dei Log

Generazione: Ogni nodo genera localmente i log degli eventi rilevanti.

Aggregazione: I log sono raccolti in batch temporali e organizzati in Merkle Trees.

Notarizzazione: La Merkle Root di ciascun batch viene inviata al modulo di notarizzazione, che la ancora sul Bit-Energy Ledger.

Replica e Backup: I Merkle Trees e i log grezzi sono replicati su storage distribuito (IPFS/DFS) con accesso controllato.

Accesso Audit: In caso di incidente, gli auditor possono ricostruire la sequenza degli eventi e verificarne l’integrità tramite la Merkle Root pubblica.

2. Protocolli di Audit Post-Incidente

2.1. Ricostruzione Forense

---

[DOCUMENTO ID: synthetic_data_AETERNA\Volume_04_sicurezza_informatica_e_cyber-resilienza.md:0:22] (Rerank Score: 0.60)
5. Prevenzione Manipolazione e Replay

Nonce univoci per ogni transazione: Generati hardware-side, notarizzati su blockchain.

Challenge-Response per ogni sessione: Il Fog invia challenge randomica, l’H-Node risponde firmando la challenge.

Replay detection: Ogni pacchetto è associato a un identificatore e timestamp; pacchetti duplicati o fuori finestra temporale sono scartati e loggati.

6. Auditabilità e Logging Immutabile

Tutti gli eventi di rotazione chiavi, autenticazioni, fallimenti di verifica firma e anomalie di integrità sono notarizzati in tempo reale su Bit-Energy Ledger, garantendo auditabilità e tracciabilità end-to-end.

Diagramma e Tabelle

Diagramma: Flusso crittografico end-to-end

---

[DOCUMENTO ID: synthetic_data_AETERNA\Volume_04_sicurezza_informatica_e_cyber-resilienza.md:0:127] (Rerank Score: 0.30)
Ogni azione significativa compiuta sulla rete AETERNA (es. operazioni di anonimizzazione, transazioni di trading P2P, modifiche ai parametri di privacy, eventi di sicurezza rilevati dagli IDS) viene serializzata in un evento di log strutturato. Gli eventi sono raccolti in blocchi temporali (tipicamente intervalli di 5 minuti su Edge, 1 minuto su Fog, 30 secondi su Cloud), ciascuno dei quali costituisce una foglia del Merkle Tree. Il Merkle Tree viene ricostruito periodicamente, calcolando ricorsivamente gli hash delle foglie e dei nodi intermedi fino alla radice (Merkle Root). La Merkle Root di ciascun intervallo viene notarizzata e ancorata sul Bit-Energy Ledger, garantendo così l’immutabilità e la non ripudiabilità

---

[DOCUMENTO ID: synthetic_data_AETERNA\Volume_04_sicurezza_informatica_e_cyber-resilienza.md:0:134] (Rerank Score: 0.30)
Diagrammi e Tabelle

Diagramma Mermaid: Flusso di Logging e Audit

graph TD
    A[""Evento di Sistema (Edge/Fog/Cloud)""]
    B[""Serializzazione Evento di Log""]
    C[""Batch Temporale di Log""]
    D[""Costruzione Merkle Tree""]
    E[""Calcolo Merkle Root""]
    F[""Notarizzazione su Bit-Energy Ledger""]
    G[""Replica su Storage Distribuito""]
    H[""Richiesta Audit Post-Incidente""]
    I[""Recupero Merkle Root e Log""]
    J[""Ricostruzione e Verifica Integrità""]
    K[""Analisi Forense e Certificazione""]

---

[DOCUMENTO ID: synthetic_data_AETERNA\Volume_04_sicurezza_informatica_e_cyber-resilienza.md:0:132] (Rerank Score: 0.00)
2.2. Certificazione Legale

Non Ripudiabilità: La presenza della Merkle Root notarizzata su Bit-Energy Ledger costituisce prova crittografica dell’esistenza e dell’integrità dei log a una data certa.

Conformità Kyoto 2.0: Ogni evento di anonimizzazione e ogni operazione rilevante sono tracciati e certificabili secondo gli standard interni, con livelli di dettaglio configurabili (Full, Summary, Minimal).

Accesso Audit Granulare: Le API privacy-aware espongono solo i metadati necessari all’audit, nel rispetto del privacy budget e delle policy di DP.

3. Integrazione con Moduli di Sicurezza e IDS",5,0.75
Quale protocollo viene utilizzato in AETERNA principalmente per il controllo in tempo reale di attuatori come l’illuminazione pubblica e gli switch energetici?,CoAP (Constrained Application Protocol),facile,"In AETERNA, il protocollo principalmente utilizzato per il controllo in tempo reale di attuatori come l’illuminazione pubblica e gli switch energetici è il protocollo CoAP (Constrained Application Protocol). CoAP si basa su UDP, ha un overhead minimo e viene scelto specificamente per il controllo di attuatori e l’invio di comandi grazie alla sua natura RESTful, efficienza e supporto a opzioni di sicurezza come DTLS.

Questa scelta è confermata dalla tabella comparativa dei protocolli IoT di AETERNA, dove CoAP risulta essere il protocollo principale per questo tipo di utilizzo.","[1.0, 0.6, 0.6, 0.5, 0.0]","[DOCUMENTO ID: synthetic_data_AETERNA\Volume_05_protocolli_di_comunicazione_e_interfacce.md:0:13] (Rerank Score: 1.00)
Tabella Comparativa dei Protocolli IoT in AETERNA

Protocollo Trasporto Pattern Sicurezza Overhead Utilizzo Principale Scalabilità Compliance MQTT TCP/IP Pub/Sub TLS 1.3, X.509/JWT Basso Telemetria, Monitoraggio Alta (clustering) Kyoto 2.0, Bit-Energy CoAP UDP RESTful DTLS, PSK/X.509 Minimo Controllo Attuatori, Comandi Media Kyoto 2.0, Bit-Energy LwM2M UDP (CoAP) RPC/REST DTLS, Certificati Minimo Provisioning, FOTA, Config Alta (batch) Kyoto 2.0, Bit-Energy

Impatto sull’Architettura AETERNA

---

[DOCUMENTO ID: synthetic_data_AETERNA\Volume_07_smart_contract_e_tokenizzazione_energetica.md:0:80] (Rerank Score: 0.60)
L’integrazione dei sistemi IoT (Internet of Things) rappresenta un pilastro fondante per l’architettura multilivello di AETERNA, abilitando la raccolta, l’elaborazione e la trasmissione in tempo reale di dati energetici granulari provenienti da una vasta eterogeneità di dispositivi distribuiti. Nell’ambito delle micro-reti energetiche decentralizzate, la connettività e l’interoperabilità dei dispositivi IoT consentono la realizzazione di un ecosistema dinamico, in cui la produzione, il consumo e lo scambio di energia sono monitorati e regolati in modo automatizzato e sicuro. L’approccio di AETERNA si fonda su una stratificazione logica e funzionale che comprende edge computing, middleware di normalizzazione, protocolli di

---

[DOCUMENTO ID: synthetic_data_AETERNA\Volume_10_gestione_delle_emergenze_e_continuità_operativa.md:0:110] (Rerank Score: 0.60)
il Progetto AETERNA ha formalizzato un protocollo di comunicazione che disciplina ruoli, canali, tempistiche e modalità di archiviazione delle informazioni, con particolare attenzione alla sicurezza, all’auditabilità e all’aderenza agli standard interni (Kyoto 2.0, Bit-Energy).

---

[DOCUMENTO ID: synthetic_data_AETERNA\Volume_07_smart_contract_e_tokenizzazione_energetica.md:0:91] (Rerank Score: 0.50)
Impatto

L’integrazione avanzata dei sistemi IoT in AETERNA consente una gestione energetica urbana realmente autarchica e adattiva, abilitando scenari di automazione avanzata e resilienza operativa. La raccolta real-time di dati affidabili e firmati digitalmente permette di alimentare sia gli algoritmi di intelligenza artificiale per il bilanciamento predittivo, sia la regolazione automatica degli smart contract per il trading energetico peer-to-peer (Bit-Energy). L’adozione di protocolli sicuri, middleware di normalizzazione e policy di sicurezza stringenti riduce drasticamente la superficie d’attacco, garantendo integrità, disponibilità e riservatezza dei dati lungo tutto il ciclo di vita dei dispositivi.

---

[DOCUMENTO ID: synthetic_data_AETERNA\Volume_14_monitoraggio,_telemetria_e_analisi_predittiva.md:0:140] (Rerank Score: 0.00)
In sintesi, il sistema di monitoraggio implementato in AETERNA costituisce un elemento abilitante per la gestione intelligente, sicura e conforme di infrastrutture cloud e ibride, rappresentando un punto di riferimento per l’osservabilità in architetture energetiche decentralizzate di nuova generazione.",2,1.0
"In che modo la piattaforma AETERNA garantisce sia la sicurezza delle comunicazioni tra microservizi interni sia la tracciabilità delle operazioni critiche, collegando i meccanismi di autenticazione e i sistemi di audit descritti?","La piattaforma AETERNA garantisce la sicurezza delle comunicazioni tra microservizi interni tramite l’uso obbligatorio di mutual TLS (mTLS), dove ogni microservizio possiede un certificato X.509 emesso da una CA interna, e il service mesh (Istio) gestisce discovery, routing, controllo degli accessi (RBAC), cifratura end-to-end e rate limiting a livello di rete. La tracciabilità delle operazioni critiche è assicurata attraverso la notarizzazione e il logging di ogni chiamata tramite un modulo di audit conforme a Bit-Energy Ledger. I meccanismi di autenticazione (OAuth 2.0/JWT per le API pubbliche, mTLS per le API interne) sono strettamente collegati ai sistemi di audit, poiché ogni operazione autenticata viene tracciata, notarizzata e resa disponibile per audit, garantendo così sia la sicurezza degli accessi sia la trasparenza e la tracciabilità delle operazioni critiche.",media,"Ecco come la piattaforma AETERNA garantisce la sicurezza delle comunicazioni interne tra microservizi e la tracciabilità delle operazioni critiche, integrando i meccanismi di autenticazione e i sistemi di audit:

### 1. Sicurezza delle Comunicazioni tra Microservizi Interni
- **Mutual TLS (mTLS)**: Ogni microservizio possiede un certificato X.509 emesso da una CA interna. La mutua autenticazione TLS è obbligatoria su tutte le connessioni REST/gRPC interne. Ciò protegge dati in transito da intercettazioni, spoofing e garantisce autenticità e integrità.
- **Service Mesh (Istio)**: Gestisce discovery, routing, controllo degli accessi (RBAC), cifratura end-to-end a livello di rete tra microservizi, e applica politiche di rate limiting.
- **Policy di Access Control**: Definite tramite Istio AuthorizationPolicy, con granularità fine su namespace, servizi e API, rafforzando le regole di accesso.
- **Cifratura End-to-End**: Adottata sui livelli Edge, Fog e Cloud; i dispositivi fisici usano HSM per la gestione sicura delle chiavi.
- **Gestione degli Errori e delle Chiamate**: Meccanismi di retry con backoff esponenziale per la resilienza delle comunicazioni.

### 2. Tracciabilità delle Operazioni Critiche e Sistemi di Audit
- **Audit Log Centralizzati**: Ogni operazione sensibile (accesso, modifica, cancellazione, gestione policy/consensi, ecc.) è registrata secondo uno schema strutturato e versionato. I log vengono inviati dai nodi Edge/Fog mediante canali TLS 1.3 autenticati mutuale.
- **Immutabilità e Compliance**: I log sono conservati in modo immutabile (su ELK Stack, S3 geo-ridondato, o referenziati in blockchain Bit-Energy), garantendo integrità, non ripudiabilità, verifica normativa e tracciabilità completa.
- **Sistemi SIEM e Workflow di notifica**: Analisi continua, rilevamento di pattern e anomalie, generazione di alert in presenza di eventi critici e supporto a workflow automatici di risposta agli incidenti.
- **Audit Trail tramite Blockchain**: Le operazioni vengono referenziate su blockchain per garantire la verifica e la non alterabilità delle registrazioni.
- **Procedure e Output di Audit**: L’audit multilivello comprende: analisi statica/automatica del codice, audit esterni, raccolta di evidenze, gestione delle non conformità tramite smart contract.

### 3. Collegamento tra Autenticazione e Sistemi di Audit
- **Autenticazione Federata**: AETERNA supporta autenticazione federata (SAML 2.0, OpenID Connect, OAuth 2.0) con propagazione automatica delle policy RBAC e federazione delle identità su tutti i livelli (Edge, Fog, Cloud).
- **Tracciabilità legata all’Identità**: Ogni accesso, modifica o operazione chiave è collegata all’identità autenticata dell’utente/sistema (comprese assertion temporizzate e firmate), permettendo la riconduzione ogni azione a un soggetto e facilitando la gestione di audit trail per accountability e reportistica.
- **Auditabilita delle Operazioni di Autenticazione**: I tentativi di accesso, il rilascio/revoca delle credenziali, e le operazioni di identity management sono loggate e soggette ad alert e doppia conferma (double confirmation per azioni critiche), incrementando la trasparenza.

### In Sintesi
AETERNA integra sicurezza e audit a livello architetturale: le comunicazioni cifrate e autenticate tra microservizi sono sempre tracciate e collegate alle identità tramite policy RBAC e federazione; ogni evento/azione è raccolto nei log centralizzati, analizzato in tempo reale, e certificato tramite blockchain e SIEM, assicurando così sia protezione che piena verificabilità, in accordo con le normative e i requisiti di affidabilità operativa.","[1.0, 0.9, 0.8, 0.8, 0.7, 1.0, 1.0, 1.0, 1.0, 1.0, 1.0, 0.9, 0.8, 0.8, 0.8]","[DOCUMENTO ID: synthetic_data_AETERNA\Volume_05_protocolli_di_comunicazione_e_interfacce.md:0:22] (Rerank Score: 1.00)
2. API Private: Sicurezza Intracloud e Pattern di Comunicazione

Le API private sono riservate alla comunicazione interna tra i microservizi della piattaforma, e sono accessibili unicamente all’interno della Virtual Private Cloud (VPC) di AETERNA.

Meccanismi di Sicurezza

Mutual TLS (mTLS): Ogni microservizio possiede un certificato X.509 emesso da una CA interna. La mutua autenticazione TLS è obbligatoria per ogni connessione REST interna.

Service Mesh (Istio): Il service mesh gestisce la discovery, il routing, il controllo degli accessi (RBAC), la cifratura end-to-end e il rate limiting a livello di rete.

Policy di Access Control: Le policy sono definite tramite Istio AuthorizationPolicy, con granularità a livello di namespace, servizio e metodo HTTP.

---

[DOCUMENTO ID: synthetic_data_AETERNA\Volume_05_protocolli_di_comunicazione_e_interfacce.md:0:46] (Rerank Score: 0.90)
2. Specifiche Tecniche e Protocolli

2.1 Architettura della Gestione Errori

La gestione degli errori in AETERNA è implementata secondo un modello multilivello, che si articola nei seguenti macro-componenti:

Gestione Errori a Livello di Trasporto Tutte le comunicazioni tra microservizi (Edge↔Fog↔Cloud) avvengono attraverso canali autenticati e cifrati (mTLS), ma sono soggette a possibili errori di trasmissione, latenze o perdite di pacchetti. Per mitigare tali rischi:

Ogni chiamata sincrona (REST, gRPC) incorpora un meccanismo di retry con backoff esponenziale (parametrizzabile per servizio).

---

[DOCUMENTO ID: synthetic_data_AETERNA\Volume_05_protocolli_di_comunicazione_e_interfacce.md:0:70] (Rerank Score: 0.80)
1. Introduzione Teorica

La sicurezza delle comunicazioni rappresenta un pilastro imprescindibile nell’architettura di AETERNA, data la natura distribuita, multi-livello e altamente interconnessa del framework. La protezione dei dati in transito e la garanzia di autenticità, integrità e riservatezza sono condizioni necessarie per la fiducia e la resilienza dell’ecosistema energetico urbano. In tale contesto, la scelta e l’implementazione di protocolli crittografici avanzati, unitamente a una gestione rigorosa delle chiavi crittografiche, costituiscono la risposta architetturale alle minacce contemporanee, quali attacchi man-in-the-middle, intercettazione, spoofing, replay e compromissione dei dispositivi edge.

---

[DOCUMENTO ID: synthetic_data_AETERNA\Volume_12_interfacciamento_con_la_mobilità_elettrica.md:0:38] (Rerank Score: 0.80)
2. Specifiche Tecniche e Protocolli

2.1 Modello di Sicurezza Multilivello

L’architettura di sicurezza di AETERNA si articola su tre livelli principali:

Edge (H-Node, Veicoli, Stazioni di Ricarica): Ogni dispositivo implementa un modulo hardware di sicurezza (HSM) per la generazione, la custodia e l’utilizzo delle chiavi crittografiche. Tutte le comunicazioni in uscita sono cifrate in modalità end-to-end.

Fog (Gateway di Quartiere): I gateway aggregano e validano le transazioni, fungendo da proxy sicuri e da nodi di verifica per la sincronizzazione temporale e la gestione dei nonce.

---

[DOCUMENTO ID: synthetic_data_AETERNA\Volume_05_protocolli_di_comunicazione_e_interfacce.md:0:112] (Rerank Score: 0.70)
Nel contesto architetturale di AETERNA, la gestione del traffico in ingresso verso i microservizi rappresenta un elemento cruciale per garantire sicurezza, affidabilità e flessibilità operativa. Gateway API e ingress controller costituiscono i due principali componenti di frontiera responsabili dell’esposizione, della protezione e dell’instradamento delle interfacce di servizio, sia a livello Fog che Cloud. Essi fungono da mediatori tra i client (umani, dispositivi edge, sistemi terzi) e il dominio interno dei microservizi, implementando logiche avanzate di autenticazione, autorizzazione, rate limiting, bilanciamento del carico, gestione dei certificati TLS e strategie di deployment resilienti (blue/green, canary release). L’adozione congiunta di questi pattern consente ad AETERNA di

===

[DOCUMENTO ID: synthetic_data_AETERNA\Volume_08_gestione_dei_dati_e_privacy.md:0:86] (Rerank Score: 1.00)
In AETERNA, tale processo si articola attraverso l’integrazione di sistemi di audit log centralizzati, piattaforme SIEM (Security Information and Event Management) e dashboard di monitoraggio in tempo reale, in sinergia con workflow automatici di notifica per la gestione degli eventi critici.

---

[DOCUMENTO ID: synthetic_data_AETERNA\Volume_19_aspetti_legali,_regolatori_e_normativi.md:0:107] (Rerank Score: 1.00)
Capitolo 8: Audit e Controlli Interni

1. Introduzione Teorica

L’implementazione di processi di audit e controllo interno rappresenta una componente imprescindibile per la governance, la trasparenza e la sostenibilità di AETERNA, soprattutto in un contesto di micro-reti energetiche decentralizzate ad alta complessità tecnologica e regolatoria. L’obiettivo primario di tali processi è garantire la conformità ai requisiti normativi (in particolare in materia di sicurezza informatica, protezione dei dati, e tracciabilità delle transazioni energetiche), assicurare la trasparenza delle operazioni e fornire un sistema di tracciabilità robusto e verificabile, sia internamente sia verso organismi di vigilanza esterni.

---

[DOCUMENTO ID: synthetic_data_AETERNA\Volume_13_interoperabilità_e_standardizzazione_internazionale.md:0:129] (Rerank Score: 1.00)
Affidabilità Operativa: La definizione rigorosa e il monitoraggio continuo delle metriche SLA assicurano livelli di servizio prevedibili, minimizzando downtime e disservizi, anche in scenari cross-border.

Compliance e Adattabilità: La parametrizzazione locale e la mappatura automatica delle normative consentono ad AETERNA di operare in conformità con le leggi di ogni giurisdizione, riducendo i rischi di sanzioni e facilitando l’adozione globale.

Trasparenza e Fiducia: L’archiviazione sicura, la tracciabilità blockchain e i processi di audit garantiscono trasparenza, accountability e possibilità di verifica da parte di partner, utenti e autorità.

---

[DOCUMENTO ID: synthetic_data_AETERNA\Volume_08_gestione_dei_dati_e_privacy.md:0:85] (Rerank Score: 1.00)
Nel contesto delle micro-reti energetiche decentralizzate di AETERNA, la sicurezza dei dati rappresenta un pilastro fondamentale per la resilienza e la fiducia dell’intero ecosistema. L’audit continuo e il monitoraggio proattivo della sicurezza dei dati non si limitano alla mera raccolta di log, ma costituiscono un processo strutturato e multilivello che abbraccia la prevenzione, la rilevazione e la risposta tempestiva agli incidenti. L’obiettivo è garantire la tracciabilità, l’integrità e l’immutabilità delle operazioni sensibili, assicurando la compliance rispetto alle policy interne e ai requisiti regolamentari. In AETERNA, tale processo si articola attraverso l’integrazione di sistemi di audit log

---

[DOCUMENTO ID: synthetic_data_AETERNA\Volume_07_smart_contract_e_tokenizzazione_energetica.md:0:57] (Rerank Score: 1.00)
Tabella: Routine di Audit e Output

Fase Strumento/Attore Output Principale Analisi Statica MythX, Slither, Securify Vulnerability Report per commit Revisione Manuale Auditor Interni Verbale di Code Review, Ticket osservazioni Test Compliance Normativa Test Suite, Staging Report Test-case, Audit Trail Audit Esterno Audit Firm Report di Conformità Firmato Logging/Auditabilità ELK Stack Log Transazioni, Hash Chain, Alert

Impatto

L’adozione di una procedura di audit e compliance multilivello nel Progetto AETERNA produce impatti significativi su vari fronti:

Sicurezza Operativa: la combinazione di analisi automatizzata, revisione manuale e audit esterno riduce drasticamente la superficie di attacco e il rischio di exploit, garantendo la resilienza del marketplace energetico.

===

[DOCUMENTO ID: synthetic_data_AETERNA\Volume_13_interoperabilità_e_standardizzazione_internazionale.md:0:21] (Rerank Score: 1.00)
Audit e Logging: Ogni interazione tra AETERNA e sistemi legacy è tracciata tramite log strutturati, archiviati su storage geo-ridondato (S3) e referenziati tramite hash su blockchain Bit-Energy, a garanzia di integrità, non ripudiabilità e compliance Kyoto 2.0.

4. Sicurezza e Monitoraggio

Autenticazione e Autorizzazione: Tutte le chiamate verso i sistemi legacy sono autenticare tramite token OAuth 2.0 a scope limitati o assertion SAML firmate e temporizzate. L’accesso ai dati legacy è regolato da policy RBAC granulari, propagate tramite il bridge LDAP.

---

[DOCUMENTO ID: synthetic_data_AETERNA\Volume_13_interoperabilità_e_standardizzazione_internazionale.md:0:32] (Rerank Score: 0.90)
Allineamento agli Standard e Best Practice

Autenticazione Federata

AETERNA adotta un modello di autenticazione federata multilivello, in linea con le raccomandazioni ISO/IEC 29115 e le specifiche SAML 2.0 e OpenID Connect, garantendo:

Scalabilità: Federazione delle identità tra domini eterogenei (Edge, Fog, Cloud) tramite bridge LDAP e assertion SAML/OAuth, con propagazione automatica delle policy RBAC.

Sicurezza: Cifratura end-to-end delle assertion, validazione tramite schema registry centralizzato e audit trail referenziato su blockchain Bit-Energy.

Interoperabilità e Integrazione Legacy

L’aderenza alle linee guida ETSI per la resilienza delle infrastrutture di rete si traduce nell’adozione di:

---

[DOCUMENTO ID: synthetic_data_AETERNA\Volume_07_smart_contract_e_tokenizzazione_energetica.md:0:71] (Rerank Score: 0.80)
Controlli di Sicurezza: - Double confirmation per operazioni irreversibili. - Monitoraggio e alert su tentativi di accesso post-revoca. - Report automatico di offboarding per audit trail.

2.5 Integrazione con Sistemi di Identità Federata

AETERNA supporta l’integrazione con sistemi di identità federata (es. SAML, OpenID Connect), consentendo la collaborazione con altre piattaforme energetiche, istituzioni pubbliche e consorzi. La federazione avviene tramite bridge di trust tra CA, con mapping dei ruoli e sincronizzazione delle CRL.

2.6 Auditabilità e Compliance

---

[DOCUMENTO ID: synthetic_data_AETERNA\Volume_08_gestione_dei_dati_e_privacy.md:0:87] (Rerank Score: 0.80)
Specifiche Tecniche e Protocolli

1. Architettura dei Sistemi di Audit Log Centralizzati

L’architettura di audit log in AETERNA è progettata per garantire la raccolta, la normalizzazione e la conservazione immutabile dei log generati su tutti i livelli (Edge, Fog, Cloud). Ogni operazione sensibile (accesso, modifica, cancellazione, variazione configurazione, gestione consensi, policy di retention) viene automaticamente registrata secondo uno schema strutturato e versionato.

Raccolta Log:

I nodi Edge (H-Node) e Fog inviano in modo sicuro i log verso un cluster centralizzato di Log Collector, utilizzando canali cifrati TLS 1.3 e autenticazione mutuale.

---

[DOCUMENTO ID: synthetic_data_AETERNA\Volume_19_aspetti_legali,_regolatori_e_normativi.md:0:118] (Rerank Score: 0.80)
3.2 Tabella: Mappatura Strumenti e Output

Fase Operativa Strumento/Modulo Output Principale Pianificazione Piano Audit, OpenID Connect Scope, ruoli, permessi Raccolta Evidenze Collector, SIEM, Bit-Energy Log, hash, audit trail, timestamp Analisi SIEM, Data Lake, AI Engine Pattern, anomalie, conformità Gestione Non Conformità Smart Contract, Bit-Energy Notifiche, piano remediation, tracciamento Follow-Up/Reporting Report Generator, Data Lake Report strutturati, evidenze archiviate, audit trail

4. Impatto

L’adozione di un framework di audit e controllo interno strutturato secondo i principi sopra descritti produce un impatto significativo su molteplici livelli del Progetto AETERNA:",2,0.75
"Quali sono le principali componenti e meccanismi che, integrandosi tra autenticazione federata, autorizzazione centralizzata, logging distribuito e notarizzazione tramite Bit-Energy Ledger, permettono ad AETERNA di garantire sicurezza, tracciabilità e compliance normativa nelle sue architetture distribuite di micro-reti energetiche?","Le principali componenti e meccanismi integrati in AETERNA sono:

- Autenticazione federata tramite JWT emessi da un Identity Provider conforme a OAuth 2.0/OpenID Connect, con validazione dei token da parte di gateway API e service mesh (Istio), e utilizzo di claims granulari come `sub`, `actor_id`, `scope`, `exp`, `aud`, `risk_level`, `energy_zone_id`.
- Autenticazione mutua TLS (mTLS) per le API interne, gestita dal service mesh con certificati X.509 e rotazione automatica.
- Autorizzazione centralizzata tramite RBAC, con policy versionate che associano ruoli a permessi granulari su risorse, endpoint e namespace, enforcement in tempo reale tramite middleware su gateway API e service mesh, e mapping dinamico degli scope OAuth su permessi applicativi.
- Meccanismi di rate limiting e depth limiting per prevenire attacchi brute-force e denial-of-service, configurabili tramite policy centralizzate.
- Logging distribuito basato su stack ELK (Elasticsearch, Logstash, Kibana), con tracciamento di ogni chiamata API tramite metadati obbligatori (timestamp, user_id/service_id, actor_id, endpoint, HTTP_method, status_code, resource_id, correlation_id, risk_level, error_code), anonimizzazione dei dati personali e retention stratificata per livello di rischio.
- Notarizzazione delle operazioni critiche tramite Bit-Energy Ledger, che garantisce immutabilità, timestamping e tracciabilità end-to-end.
- Accesso ai log protetto da RBAC e tracciato tramite audit trail.

Questi meccanismi, integrandosi, permettono ad AETERNA di garantire sicurezza multilivello, tracciabilità completa delle operazioni e compliance normativa (inclusi GDPR, Kyoto 2.0 e Bit-Energy) nelle sue architetture distribuite di micro-reti energetiche.",difficile,"Le principali componenti e meccanismi che integrano autenticazione federata, autorizzazione centralizzata, logging distribuito e notarizzazione tramite Bit-Energy Ledger nel framework AETERNA, e che consentono di garantire sicurezza, tracciabilità e compliance normativa nelle architetture di micro-reti energetiche sono:

### 1. Autenticazione Federata (IAM)
- **Sistema IAM avanzato**: Utilizzo di credenziali biometriche, token hardware FIDO2 e protocolli standardizzati come OAuth2, SAML 2.0 e OpenID Connect.
- **Federazione delle identità**: Permette la gestione delle identità e degli accessi tra domini eterogenei (Edge, Fog, Cloud), con bridge LDAP e assertion firmate/temporizzate.
- **Cifratura end-to-end delle assertion** e integrazione con una PKI proprietaria (Public Key Infrastructure) conforme ai requisiti post-quantum.

### 2. Autorizzazione Centralizzata
- **Policy RBAC granulari (Role-Based Access Control)**: Permettono una segregazione dei privilegi, controllando in maniera fine e centralizzata l’assegnazione e la revoca dei permessi.
- **Propagazione automatica delle policy**: Anche attraverso federazione, con supporto a scope limitati sulle API legacy.
- **Bridge con directory centralizzate LDAP**: Per sincronizzazione e propagazione delle autorizzazioni.

### 3. Logging Distribuito e Audit
- **Logging strutturato e geo-ridondato**: Log distribuiti, archiviati su storage redundato (es. S3), per garantire sopravvivenza all’attacco o fault locale.
- **Logging immutabile**: I log sono strutturati con Merkle Tree e sono referenziati (hashati) su blockchain Bit-Energy, assicurando integrità, immodificabilità e non ripudiabilità.
- **Audit trail certificato**: Tracciabilità e auditing di ogni operazione critica, anche per compliance forense e accountability end-to-end.

### 4. Notarizzazione con Bit-Energy Ledger
- **Notarizzazione immutabile degli eventi**: Ogni operazione critica e ogni log vengono certificati su Bit-Energy Ledger.
- **Gestione degli incidenti e audit forense**: La blockchain consente di ricostruire e certificare la sequenza degli eventi e integrità delle prove.
- **Conformità normativa**: L’archiviazione e la notarizzazione sono aderenti alle policy Kyoto 2.0 e ISO 9001, garantendo valore legale alle evidenze digitali.

### 5. Compliance e Standard Internazionali
- **Aderenza a standard**: Tra cui ISO/IEC 29115, specifiche SAML, OpenID Connect, linee guida ETSI e Kyoto 2.0.
- **Protezione post-quantum delle identità**: Per resilienza futura contro minacce avanzate.

---

#### Sintesi delle Garanzie conseguite:
- **Sicurezza**: Cifrature, autenticazione robusta, segregazione dei privilegi.
- **Tracciabilità**: Logging strutturato, audit distribuito, trail su blockchain.
- **Compliance**: Allineamento alle normative (es. Kyoto 2.0), framework legale per accountability e non ripudiabilità.

---

**In conclusione:** È la forte integrazione di questi meccanismi (autenticazione federata con gestione dinamica dei diritti, autorizzazione centralizzata, logging distribuito e immutabile, notarizzazione blockchain) che consente ad AETERNA di operare micro-reti energetiche distribuite garantendo sicurezza sistemica, trasparenza delle operazioni, tracciabilità forense e piena compliance alle normative di settore.","[1.0, 0.9, 0.8, 0.7, 0.7, 0.7, 0.7, 1.0, 1.0, 0.9, 0.8, 0.8, 0.8, 0.8]","[DOCUMENTO ID: synthetic_data_AETERNA\Volume_04_sicurezza_informatica_e_cyber-resilienza.md:0:42] (Rerank Score: 1.00)
L'adozione di un sistema IAM avanzato, basato su credenziali biometriche, token hardware FIDO2 e protocolli standardizzati (OAuth2, OpenID Connect), consente ad AETERNA di raggiungere un livello di sicurezza e resilienza senza precedenti nel dominio delle micro-reti energetiche urbane. La granularità dei permessi offerta dal modello RBAC, unita alla notarizzazione immutabile di ogni evento critico su Bit-Energy Ledger, garantisce la tracciabilità completa delle operazioni e la non ripudiabilità delle azioni. L'integrazione nativa con la PKI AETERNA e la compliance ai requisiti post-quantum assicurano la protezione delle identità anche in scenari futuri caratterizzati da minacce avanzate. Dal punto di vista operativo, la gestione

---

[DOCUMENTO ID: synthetic_data_AETERNA\Volume_13_interoperabilità_e_standardizzazione_internazionale.md:0:21] (Rerank Score: 0.90)
Audit e Logging: Ogni interazione tra AETERNA e sistemi legacy è tracciata tramite log strutturati, archiviati su storage geo-ridondato (S3) e referenziati tramite hash su blockchain Bit-Energy, a garanzia di integrità, non ripudiabilità e compliance Kyoto 2.0.

4. Sicurezza e Monitoraggio

Autenticazione e Autorizzazione: Tutte le chiamate verso i sistemi legacy sono autenticare tramite token OAuth 2.0 a scope limitati o assertion SAML firmate e temporizzate. L’accesso ai dati legacy è regolato da policy RBAC granulari, propagate tramite il bridge LDAP.

---

[DOCUMENTO ID: synthetic_data_AETERNA\Volume_13_interoperabilità_e_standardizzazione_internazionale.md:0:55] (Rerank Score: 0.80)
La gestione delle identità digitali e la federazione degli accessi rappresentano pilastri imprescindibili nell’architettura di AETERNA, in quanto abilitano la sicurezza, la tracciabilità e la compliance normativa nell’interazione tra le molteplici entità che popolano l’ecosistema (utenti, dispositivi H-Node, servizi Edge/Fog/Cloud, provider esterni). In un contesto di micro-reti energetiche decentralizzate, la necessità di garantire autenticazione, autorizzazione e accountability su scala multi-dominio impone l’adozione di paradigmi IAM (Identity and Access Management) federati, capaci di orchestrare in modo dinamico e verificabile i diritti di accesso, la segregazione dei privilegi e la revoca tempestiva degli stessi. La federazione, in particolare, consente

---

[DOCUMENTO ID: synthetic_data_AETERNA\Volume_04_sicurezza_informatica_e_cyber-resilienza.md:0:124] (Rerank Score: 0.70)
Nel contesto di una micro-rete energetica decentralizzata come AETERNA, la capacità di garantire la tracciabilità, l’immutabilità e la non ripudiabilità delle operazioni è un requisito imprescindibile per la sicurezza sistemica e la conformità normativa. In particolare, la gestione degli incidenti di sicurezza (ad esempio, accessi non autorizzati, anomalie nei flussi energetici, tentativi di manipolazione dei dati) richiede strumenti avanzati di audit forense, in grado di ricostruire in modo affidabile la sequenza degli eventi e di certificare l’integrità delle evidenze digitali raccolte. AETERNA implementa un sistema di logging immutabile basato su strutture Merkle Tree, integrato nativamente con il Bit-Energy Ledger. Questa

---

[DOCUMENTO ID: synthetic_data_AETERNA\Volume_14_monitoraggio,_telemetria_e_analisi_predittiva.md:0:12] (Rerank Score: 0.70)
L’architettura dei sistemi di monitoraggio implementata in AETERNA garantisce una raccolta dati affidabile, tempestiva e scalabile, abilitando la gestione ottimale di micro-reti energetiche decentralizzate. L’approccio modulare e l’adozione di tecnologie di orchestrazione avanzate (Kubernetes, code distribuite, motori di regole) consentono di adattare dinamicamente la pipeline a variazioni di carico e a nuove tipologie di dati, assicurando la continuità operativa anche in scenari di fault parziali o attacchi informatici. La stretta integrazione con i sistemi di audit e compliance – tramite blockchain privata, firma digitale e data lineage – rende il sistema trasparente e verificabile, facilitando la conformità agli standard Kyoto 2.0, Bit-Energy e alle normative internazionali di

---

[DOCUMENTO ID: synthetic_data_AETERNA\Volume_13_interoperabilità_e_standardizzazione_internazionale.md:0:32] (Rerank Score: 0.70)
Allineamento agli Standard e Best Practice

Autenticazione Federata

AETERNA adotta un modello di autenticazione federata multilivello, in linea con le raccomandazioni ISO/IEC 29115 e le specifiche SAML 2.0 e OpenID Connect, garantendo:

Scalabilità: Federazione delle identità tra domini eterogenei (Edge, Fog, Cloud) tramite bridge LDAP e assertion SAML/OAuth, con propagazione automatica delle policy RBAC.

Sicurezza: Cifratura end-to-end delle assertion, validazione tramite schema registry centralizzato e audit trail referenziato su blockchain Bit-Energy.

Interoperabilità e Integrazione Legacy

L’aderenza alle linee guida ETSI per la resilienza delle infrastrutture di rete si traduce nell’adozione di:

---

[DOCUMENTO ID: synthetic_data_AETERNA\Volume_07_smart_contract_e_tokenizzazione_energetica.md:0:13] (Rerank Score: 0.70)
L’architettura dei contratti intelligenti in AETERNA rappresenta un elemento abilitante per la realizzazione di una micro-rete energetica urbana realmente autarchica, resiliente e trasparente. La modularità e l’aggiornabilità dei contratti consentono una rapida risposta a evoluzioni normative e di mercato, mentre la sicurezza multilivello e la tracciabilità integrale garantiscono la fiducia degli attori e la compliance agli standard interni (Kyoto 2.0, Bit-Energy). L’integrazione nativa con i sistemi di logging e audit, unita alla possibilità di orchestrazione multi-layer (Edge, Fog, Cloud), permette di scalare il framework AETERNA a contesti urbani di qualsiasi dimensione, mantenendo elevati livelli di affidabilità, auditabilità e sostenibilità. In

===

[DOCUMENTO ID: synthetic_data_AETERNA\Volume_13_interoperabilità_e_standardizzazione_internazionale.md:0:21] (Rerank Score: 1.00)
Audit e Logging: Ogni interazione tra AETERNA e sistemi legacy è tracciata tramite log strutturati, archiviati su storage geo-ridondato (S3) e referenziati tramite hash su blockchain Bit-Energy, a garanzia di integrità, non ripudiabilità e compliance Kyoto 2.0.

4. Sicurezza e Monitoraggio

Autenticazione e Autorizzazione: Tutte le chiamate verso i sistemi legacy sono autenticare tramite token OAuth 2.0 a scope limitati o assertion SAML firmate e temporizzate. L’accesso ai dati legacy è regolato da policy RBAC granulari, propagate tramite il bridge LDAP.

---

[DOCUMENTO ID: synthetic_data_AETERNA\Volume_04_sicurezza_informatica_e_cyber-resilienza.md:0:42] (Rerank Score: 1.00)
L'adozione di un sistema IAM avanzato, basato su credenziali biometriche, token hardware FIDO2 e protocolli standardizzati (OAuth2, OpenID Connect), consente ad AETERNA di raggiungere un livello di sicurezza e resilienza senza precedenti nel dominio delle micro-reti energetiche urbane. La granularità dei permessi offerta dal modello RBAC, unita alla notarizzazione immutabile di ogni evento critico su Bit-Energy Ledger, garantisce la tracciabilità completa delle operazioni e la non ripudiabilità delle azioni. L'integrazione nativa con la PKI AETERNA e la compliance ai requisiti post-quantum assicurano la protezione delle identità anche in scenari futuri caratterizzati da minacce avanzate. Dal punto di vista operativo, la gestione

---

[DOCUMENTO ID: synthetic_data_AETERNA\Volume_03_specifiche_hardware_dell'h-node.md:0:126] (Rerank Score: 0.90)
f. Reporting e Audit

Tutte le operazioni sono registrate in un registro immutabile (Bit-Energy Ledger) e auditabili secondo ISO 9001 e Policy Kyoto 2.0: - Log di ogni fase (cancellazione dati, disassemblaggio, riciclo) - Certificati digitali di avvenuto riciclo/smaltimento - Report periodici per compliance e ottimizzazione del ciclo di vita

3. Integrazione con la Blockchain AETERNA

Tutte le fasi critiche (trigger EoL, cancellazione dati, avvenuto riciclo) sono notarizzate sulla blockchain interna AETERNA (Bit-Energy Ledger), garantendo trasparenza, tracciabilità e auditabilità end-to-end.

4. Policy di Sicurezza e Sostenibilità

---

[DOCUMENTO ID: synthetic_data_AETERNA\Volume_04_sicurezza_informatica_e_cyber-resilienza.md:0:124] (Rerank Score: 0.80)
Nel contesto di una micro-rete energetica decentralizzata come AETERNA, la capacità di garantire la tracciabilità, l’immutabilità e la non ripudiabilità delle operazioni è un requisito imprescindibile per la sicurezza sistemica e la conformità normativa. In particolare, la gestione degli incidenti di sicurezza (ad esempio, accessi non autorizzati, anomalie nei flussi energetici, tentativi di manipolazione dei dati) richiede strumenti avanzati di audit forense, in grado di ricostruire in modo affidabile la sequenza degli eventi e di certificare l’integrità delle evidenze digitali raccolte. AETERNA implementa un sistema di logging immutabile basato su strutture Merkle Tree, integrato nativamente con il Bit-Energy Ledger. Questa

---

[DOCUMENTO ID: synthetic_data_AETERNA\Volume_13_interoperabilità_e_standardizzazione_internazionale.md:0:32] (Rerank Score: 0.80)
Allineamento agli Standard e Best Practice

Autenticazione Federata

AETERNA adotta un modello di autenticazione federata multilivello, in linea con le raccomandazioni ISO/IEC 29115 e le specifiche SAML 2.0 e OpenID Connect, garantendo:

Scalabilità: Federazione delle identità tra domini eterogenei (Edge, Fog, Cloud) tramite bridge LDAP e assertion SAML/OAuth, con propagazione automatica delle policy RBAC.

Sicurezza: Cifratura end-to-end delle assertion, validazione tramite schema registry centralizzato e audit trail referenziato su blockchain Bit-Energy.

Interoperabilità e Integrazione Legacy

L’aderenza alle linee guida ETSI per la resilienza delle infrastrutture di rete si traduce nell’adozione di:

---

[DOCUMENTO ID: synthetic_data_AETERNA\Volume_11_integrazione_con_le_energie_rinnovabili.md:0:40] (Rerank Score: 0.80)
Dal punto di vista della sicurezza e della compliance, la cifratura end-to-end, la gestione hardware delle chiavi e la notarizzazione blockchain assicurano la protezione dei dati sensibili e la tracciabilità di ogni evento rilevante, in piena aderenza alle policy Kyoto 2.0 e agli standard Bit-Energy. La strutturazione multilivello dello storage riduce la dipendenza dal cloud centrale, favorendo la decentralizzazione e l’autonomia operativa dei micro-ecosistemi urbani, in linea con la missione di AETERNA.

---

[DOCUMENTO ID: synthetic_data_AETERNA\Volume_04_sicurezza_informatica_e_cyber-resilienza.md:0:136] (Rerank Score: 0.80)
Impatto

L’adozione di un sistema di logging immutabile basato su Merkle Tree, integrato con la notarizzazione su Bit-Energy Ledger, produce un impatto sostanziale su diversi livelli del framework AETERNA:

Sicurezza e Resilienza: Ogni tentativo di manomissione dei log o di cancellazione degli eventi viene immediatamente rilevato grazie alla struttura hash-based e alla catena di integrità. Questo rafforza la resilienza della micro-rete contro attacchi interni ed esterni.

Accountability e Non Ripudiabilità: Gli attori della rete (umani o software) non possono negare le proprie azioni, essendo ogni operazione tracciata e certificata crittograficamente, con valore legale.",2,0.75
Qual è il costo medio di implementazione di un modulo circuit breaker basato su Hystrix/Resilience4j all’interno dell’architettura AETERNA?,L'informazione non è disponibile nel testo,impossibile,L'informazione non è disponibile nel testo,"[0.3, 0.3, 0.2, 0.0, 0.0, 1.0, 0.6, 0.6, 0.6, 0.3, 0.6, 0.4, 0.3, 0.3, 0.3, 0.9, 0.7, 0.7, 0.6, 0.6, 0.6, 0.6, 0.6, 0.6, 0.6]","[DOCUMENTO ID: synthetic_data_AETERNA\Volume_05_protocolli_di_comunicazione_e_interfacce.md:0:56] (Rerank Score: 0.30)
L’adozione delle strategie multilivello di gestione degli errori e resilienza descritte in questo capitolo conferisce al framework AETERNA una robustezza architetturale in grado di sostenere scenari di fault complessi, tipici di ambienti distribuiti e mission critical come le micro-reti energetiche urbane. L’integrazione di retry intelligenti, circuit breaker adattivi, fallback controllati e sistemi di monitoraggio/logging avanzati riduce drasticamente il rischio di outage prolungati, garantendo la continuità dei servizi essenziali anche in presenza di failure parziali o temporanee. L’approccio proattivo e la tracciabilità completa degli errori, abilitata dalla notarizzazione su Bit-Energy Ledger, rafforzano la compliance normativa (Kyoto 2.0, GDPR) e la fiducia degli stakeholder. In

---

[DOCUMENTO ID: synthetic_data_AETERNA\Volume_10_gestione_delle_emergenze_e_continuità_operativa.md:0:37] (Rerank Score: 0.30)
Tabella: Specifiche Protocollo di Comunicazione d’Emergenza

Componente Tecnologia Sicurezza Affidabilità Note Operative Trasporto gRPC TLS 1.3 Retry esponenziale Supporto sincrono/asincrono, streaming bidirezionale Serializzazione Protocol Buffers HMAC-SHA256 Coda persistente locale Validazione schema automatica Autenticazione X.509 CA interna Certificati univoci Rotazione automatica Mutual TLS obbligatoria Rate Limiting Custom Middleware - Flood control Soglie dinamiche per scenario d’emergenza Audit/Notarizzazione Bit-Energy - Immutabilità eventi Audit trail su blockchain

Impatto

L’implementazione di un protocollo di comunicazione d’emergenza secondo le specifiche sopra descritte ha un impatto diretto e misurabile sulla resilienza e sulla robustezza del sistema AETERNA. In particolare:

---

[DOCUMENTO ID: synthetic_data_AETERNA\Volume_17_testing,_validazione_e_certificazione.md:0:81] (Rerank Score: 0.20)
Tabella — Metriche Chiave Monitorate

Metrica Layer Strumento Soglia di Attenzione Output/Report Latenza Media (ms) Edge/Fog/Cloud JMeter, Prometheus > 200 ms JUnit, Grafana Throughput (req/sec) Fog/Cloud Gatling, K6 < 90% baseline Allure, Grafana Utilizzo CPU (%) Tutti Prometheus > 80% Grafana, Prometheus Utilizzo RAM (%) Tutti Prometheus > 75% Grafana, Prometheus Error Rate (%) Tutti JMeter, K6 > 1% JUnit, Allure Badge Kyoto 2.0 Status Tutti Custom Non-compliant Report Compliance Hash Bit-Energy Tutti Blockchain N/A Audit Trail Memory Leak Detection Edge/Fog Soak Test, Prometheus Leak Identified Allure, Grafana

Impatto

L’implementazione rigorosa dei test di performance e scalabilità ha un impatto trasformativo sull’intero ciclo di vita della piattaforma AETERNA:

---

[DOCUMENTO ID: synthetic_data_AETERNA\Volume_03_specifiche_hardware_dell'h-node.md:0:76] (Rerank Score: 0.00)
Il modulo HSM (Hardware Security Module) rappresenta il fulcro della sicurezza fisica e logica degli H-Node all’interno dell’architettura AETERNA. In un contesto di micro-reti energetiche decentralizzate, in cui il valore delle transazioni P2P e la gestione degli smart contract sono strettamente legati all’integrità delle chiavi crittografiche, la protezione di tali chiavi private assume un ruolo strategico. Il modulo HSM, integrato a livello hardware, è progettato per resistere a tentativi di compromissione fisica, garantendo la custodia sicura delle chiavi e l’esecuzione di operazioni crittografiche in ambiente isolato. In caso di attacco fisico—come tentativi di apertura forzata, manipolazione elettronica o accesso non autorizzato—il

---

[DOCUMENTO ID: synthetic_data_AETERNA\Volume_05_protocolli_di_comunicazione_e_interfacce.md:0:14] (Rerank Score: 0.00)
Impatto sull’Architettura AETERNA

L’adozione di uno stack multi-protocollo IoT consente ad AETERNA di raggiungere un livello di flessibilità e resilienza superiore rispetto a soluzioni monolitiche. La capacità di selezionare dinamicamente il protocollo più adatto in base al contesto operativo (es. latenza, consumo energetico, criticità del dato) permette di ottimizzare le performance e di ridurre i costi operativi, soprattutto in ambienti urbani caratterizzati da elevata densità e variabilità di dispositivi.

===

[DOCUMENTO ID: synthetic_data_AETERNA\Volume_05_protocolli_di_comunicazione_e_interfacce.md:0:47] (Rerank Score: 1.00)
I timeout sono configurabili e distinti per categoria di servizio (critical, standard, low-priority), con fallback automatico su canali alternativi ove previsti.

I messaggi asincroni (eventi, comandi) sono affidati a message broker resilienti (RabbitMQ, Kafka), con persistenza dei messaggi e garanzia di at-least-once delivery.

Circuit Breaker Pattern Ogni microservizio critico integra un modulo circuit breaker (implementazione basata su Hystrix/Resilience4j), configurato secondo le seguenti policy:

Threshold dinamici di errore e timeout, adattivi in base al carico e alla criticalità del servizio.

Stati: Closed (normale), Open (errori persistenti, isolamento), Half-Open (test di ripristino).

---

[DOCUMENTO ID: synthetic_data_AETERNA\Volume_05_protocolli_di_comunicazione_e_interfacce.md:0:56] (Rerank Score: 0.60)
L’adozione delle strategie multilivello di gestione degli errori e resilienza descritte in questo capitolo conferisce al framework AETERNA una robustezza architetturale in grado di sostenere scenari di fault complessi, tipici di ambienti distribuiti e mission critical come le micro-reti energetiche urbane. L’integrazione di retry intelligenti, circuit breaker adattivi, fallback controllati e sistemi di monitoraggio/logging avanzati riduce drasticamente il rischio di outage prolungati, garantendo la continuità dei servizi essenziali anche in presenza di failure parziali o temporanee. L’approccio proattivo e la tracciabilità completa degli errori, abilitata dalla notarizzazione su Bit-Energy Ledger, rafforzano la compliance normativa (Kyoto 2.0, GDPR) e la fiducia degli stakeholder. In

---

[DOCUMENTO ID: synthetic_data_AETERNA\Volume_10_gestione_delle_emergenze_e_continuità_operativa.md:0:37] (Rerank Score: 0.60)
Tabella: Specifiche Protocollo di Comunicazione d’Emergenza

Componente Tecnologia Sicurezza Affidabilità Note Operative Trasporto gRPC TLS 1.3 Retry esponenziale Supporto sincrono/asincrono, streaming bidirezionale Serializzazione Protocol Buffers HMAC-SHA256 Coda persistente locale Validazione schema automatica Autenticazione X.509 CA interna Certificati univoci Rotazione automatica Mutual TLS obbligatoria Rate Limiting Custom Middleware - Flood control Soglie dinamiche per scenario d’emergenza Audit/Notarizzazione Bit-Energy - Immutabilità eventi Audit trail su blockchain

Impatto

L’implementazione di un protocollo di comunicazione d’emergenza secondo le specifiche sopra descritte ha un impatto diretto e misurabile sulla resilienza e sulla robustezza del sistema AETERNA. In particolare:

---

[DOCUMENTO ID: synthetic_data_AETERNA\Volume_10_gestione_delle_emergenze_e_continuità_operativa.md:0:69] (Rerank Score: 0.60)
La resilienza operativa del Progetto AETERNA, in quanto ecosistema energetico federato e distribuito, dipende in misura critica dalla gestione delle dipendenze esterne. Tali dipendenze includono fornitori di servizi cloud, API di terze parti, infrastrutture condivise e componenti di supporto non direttamente controllati dal dominio AETERNA. In scenari di emergenza – quali indisponibilità di provider, degradazione dei servizi, attacchi informatici o eventi infrastrutturali avversi – la capacità di isolare, sostituire o reindirizzare tali dipendenze rappresenta un elemento chiave per la continuità operativa e la prevenzione di single point of failure. L’approccio adottato da AETERNA si fonda su una strategia multi-vendor e multi-cloud, integrando meccanismi

---

[DOCUMENTO ID: synthetic_data_AETERNA\Volume_05_protocolli_di_comunicazione_e_interfacce.md:0:43] (Rerank Score: 0.30)
Resilienza e Continuità: L’integrazione con sistemi di logging e notarizzazione distribuiti assicura la persistenza e la recuperabilità delle informazioni anche in scenari di fault o attacco.

In sintesi, la sicurezza delle interfacce in AETERNA non è un mero requisito tecnico, ma un vero e proprio pilastro strategico per la sostenibilità, la fiducia e la competitività della piattaforma nel contesto delle micro-reti energetiche urbane.

Capitolo 4: Gestione degli Errori e Resilienza

Progetto AETERNA – Documentazione Tecnica

1. Introduzione Teorica

===

[DOCUMENTO ID: synthetic_data_AETERNA\Volume_10_gestione_delle_emergenze_e_continuità_operativa.md:0:37] (Rerank Score: 0.60)
Tabella: Specifiche Protocollo di Comunicazione d’Emergenza

Componente Tecnologia Sicurezza Affidabilità Note Operative Trasporto gRPC TLS 1.3 Retry esponenziale Supporto sincrono/asincrono, streaming bidirezionale Serializzazione Protocol Buffers HMAC-SHA256 Coda persistente locale Validazione schema automatica Autenticazione X.509 CA interna Certificati univoci Rotazione automatica Mutual TLS obbligatoria Rate Limiting Custom Middleware - Flood control Soglie dinamiche per scenario d’emergenza Audit/Notarizzazione Bit-Energy - Immutabilità eventi Audit trail su blockchain

Impatto

L’implementazione di un protocollo di comunicazione d’emergenza secondo le specifiche sopra descritte ha un impatto diretto e misurabile sulla resilienza e sulla robustezza del sistema AETERNA. In particolare:

---

[DOCUMENTO ID: synthetic_data_AETERNA\Volume_10_gestione_delle_emergenze_e_continuità_operativa.md:0:69] (Rerank Score: 0.40)
La resilienza operativa del Progetto AETERNA, in quanto ecosistema energetico federato e distribuito, dipende in misura critica dalla gestione delle dipendenze esterne. Tali dipendenze includono fornitori di servizi cloud, API di terze parti, infrastrutture condivise e componenti di supporto non direttamente controllati dal dominio AETERNA. In scenari di emergenza – quali indisponibilità di provider, degradazione dei servizi, attacchi informatici o eventi infrastrutturali avversi – la capacità di isolare, sostituire o reindirizzare tali dipendenze rappresenta un elemento chiave per la continuità operativa e la prevenzione di single point of failure. L’approccio adottato da AETERNA si fonda su una strategia multi-vendor e multi-cloud, integrando meccanismi

---

[DOCUMENTO ID: synthetic_data_AETERNA\Volume_02_architettura_di_sistema_a_tre_livelli.md:0:12] (Rerank Score: 0.30)
Impatto

L’adozione di uno stack tecnologico stratificato e modulare consente ad AETERNA di raggiungere un livello di adattabilità e resilienza senza precedenti nel contesto delle micro-reti energetiche urbane. La matrice di compatibilità tra sistemi operativi permette di integrare dispositivi legacy e di nuova generazione, riducendo drasticamente i costi di transizione e favorendo la scalabilità incrementale della rete. L’interoperabilità garantita da protocolli standardizzati (MQTT, CoAP, gRPC) e l’adozione di middleware custom (ALRM, FL-AETERNA, MetaGov-SC) assicurano la continuità operativa anche in presenza di guasti o aggiornamenti infrastrutturali.

---

[DOCUMENTO ID: synthetic_data_AETERNA\Volume_20_business_model,_scalabilità_e_sostenibilità_economica.md:0:17] (Rerank Score: 0.30)
adottato in AETERNA si fonda su una stratificazione modulare e su meccanismi di orchestrazione dinamica, che consentono di scalare in modo orizzontale e verticale ciascun componente della piattaforma, garantendo la continuità operativa e la resilienza anche in scenari di stress sistemico.

---

[DOCUMENTO ID: synthetic_data_AETERNA\Volume_05_protocolli_di_comunicazione_e_interfacce.md:0:56] (Rerank Score: 0.30)
L’adozione delle strategie multilivello di gestione degli errori e resilienza descritte in questo capitolo conferisce al framework AETERNA una robustezza architetturale in grado di sostenere scenari di fault complessi, tipici di ambienti distribuiti e mission critical come le micro-reti energetiche urbane. L’integrazione di retry intelligenti, circuit breaker adattivi, fallback controllati e sistemi di monitoraggio/logging avanzati riduce drasticamente il rischio di outage prolungati, garantendo la continuità dei servizi essenziali anche in presenza di failure parziali o temporanee. L’approccio proattivo e la tracciabilità completa degli errori, abilitata dalla notarizzazione su Bit-Energy Ledger, rafforzano la compliance normativa (Kyoto 2.0, GDPR) e la fiducia degli stakeholder. In

===

[DOCUMENTO ID: synthetic_data_AETERNA\Volume_05_protocolli_di_comunicazione_e_interfacce.md:0:47] (Rerank Score: 0.90)
I timeout sono configurabili e distinti per categoria di servizio (critical, standard, low-priority), con fallback automatico su canali alternativi ove previsti.

I messaggi asincroni (eventi, comandi) sono affidati a message broker resilienti (RabbitMQ, Kafka), con persistenza dei messaggi e garanzia di at-least-once delivery.

Circuit Breaker Pattern Ogni microservizio critico integra un modulo circuit breaker (implementazione basata su Hystrix/Resilience4j), configurato secondo le seguenti policy:

Threshold dinamici di errore e timeout, adattivi in base al carico e alla criticalità del servizio.

Stati: Closed (normale), Open (errori persistenti, isolamento), Half-Open (test di ripristino).

---

[DOCUMENTO ID: synthetic_data_AETERNA\Volume_04_sicurezza_informatica_e_cyber-resilienza.md:0:8] (Rerank Score: 0.70)
Whitelist di Sensori: Solo sensori registrati e autenticati tramite UUID hardware possono essere accettati dal sistema.

Firmware Signing: Ogni aggiornamento firmware deve essere firmato digitalmente e validato dal modulo HSM.

2.4 Resilienza contro DDoS ai Nodi Fog

Rate Limiting e Circuit Breaker: Implementazione di limiti dinamici alle richieste per ogni H-Node e isolamento automatico di nodi anomali.

Load Shedding: In caso di overload, i servizi non critici vengono sospesi, mantenendo attivi solo i processi essenziali.

Failover Distribuito: Replica dei servizi Fog su più istanze geograficamente separate, con sincronizzazione tramite Bit-Energy Ledger.

2.5 Logging, Audit e Notarizzazione

---

[DOCUMENTO ID: synthetic_data_AETERNA\Volume_05_protocolli_di_comunicazione_e_interfacce.md:0:51] (Rerank Score: 0.70)
2.3 Policy di Configurazione

Parametri di Retry:

max_attempts: 3-5 (in base a criticalità)

initial_delay: 500ms

max_delay: 5s

jitter: ±20%

Timeout:

critical: 2s

standard: 5s

low-priority: 10s

Threshold Circuit Breaker:

error_rate: >50% su 10 richieste

timeout_window: 30s

half-open_test: 1 richiesta ogni 10s

DLQ Retention: 48h, con notifica automatica se >100 messaggi pendenti.

3. Diagramma e Tabelle

3.1 Sequence Diagram: Gestione Errori su Microservizi Critici

---

[DOCUMENTO ID: synthetic_data_AETERNA\Volume_17_testing,_validazione_e_certificazione.md:0:119] (Rerank Score: 0.60)
4. Criteri di Successo e Metriche

Copertura dei Flussi Critici: Tutti i flussi di business e di sistema identificati come critici sono coperti da almeno un test di integrazione automatizzato.

Gestione degli Errori: Ogni microservizio deve dimostrare la capacità di gestire e propagare correttamente errori previsti e imprevisti, senza compromettere la stabilità del sistema.

Resilienza e Recovery: In presenza di failure simulate, il sistema deve mantenere la coerenza dei dati e garantire la ripresa automatica dei servizi una volta ripristinata la dipendenza.

Tempo di Esecuzione: I test di integrazione devono essere eseguiti in un tempo compatibile con i vincoli delle pipeline CI/CD (SLA < 10 minuti per ciclo completo).

---

[DOCUMENTO ID: synthetic_data_AETERNA\Volume_17_testing,_validazione_e_certificazione.md:0:115] (Rerank Score: 0.60)
Specifiche Tecniche e Protocolli

1. Strategie di Testing di Integrazione

L’approccio adottato nel progetto AETERNA per il testing di integrazione tra microservizi si articola secondo le seguenti direttrici:

Test di Interoperabilità: Validazione delle interfacce pubbliche (API REST, eventi su message broker) e verifica della coerenza semantica dei payload scambiati.

Test di Gestione degli Errori: Simulazione di condizioni di errore (HTTP 4xx/5xx, timeout, payload malformati) e verifica della propagazione controllata delle eccezioni.

Test di Resilienza: Iniezione di failure controllate (circuit breaker, service unavailability) per valutare il comportamento dei microservizi in scenari di partial failure e la capacità di recovery.

===

[DOCUMENTO ID: synthetic_data_AETERNA\Volume_06_algoritmi_di_ottimizzazione_energetica.md:0:81] (Rerank Score: 0.60)
Input: Segnalazione di fault, stato breaker, topologia aggiornata.

Output: Sequenza di switching per isolamento e ripristino servizio.

Interazione SCADA: Supervisione continua, override manuale in caso di rischio sicurezza.

2.3 Integrazione con Sistemi SCADA

Il sistema SCADA di AETERNA è stato esteso per supportare sia la supervisione centralizzata sia il controllo distribuito dei processi di trasmissione e distribuzione. Le modalità di interazione sono le seguenti:

Supervisione e Telecontrollo: Tutte le azioni suggerite dagli algoritmi di routing sono sottoposte a validazione SCADA tramite workflow di autorizzazione multilivello (Bit-Energy Ledger per audit trail).

---

[DOCUMENTO ID: synthetic_data_AETERNA\Volume_10_gestione_delle_emergenze_e_continuità_operativa.md:0:78] (Rerank Score: 0.60)
Impatto

L’implementazione rigorosa delle strategie di gestione delle dipendenze esterne in emergenza garantisce ad AETERNA una resilienza superiore rispetto agli standard di settore. La presenza di meccanismi di failover automatico, health-check proattivi e una documentazione tecnica sempre aggiornata consente di:

Minimizzare il downtime anche in caso di failure catastrofici di provider esterni, mantenendo la continuità dei servizi core (telemetria, trading Bit-Energy, orchestrazione AI).

Ridurre il rischio di lock-in grazie a un’architettura a basso accoppiamento e interfacce astratte, facilitando la sostituzione di fornitori senza impatti sulle operation.

---

[DOCUMENTO ID: synthetic_data_AETERNA\Volume_09_governance_e_modelli_di_partecipazione.md:0:136] (Rerank Score: 0.60)
Tabella – Esempio di Test Periodici di Continuità Operativa

Tipo di Test Frequenza Ambito Metriche di Successo Output Documentale Disaster Recovery Drill Trimestrale Fog/Cloud RTO < 15min, RPO < 5min Report DR, Audit_Reference Red Team Exercise Annuale Blockchain/Smart Contract Nessuna compromissione, tempo di detection < 2min Report PenTest, Feedback_ID Simulazione Blackout Semestrale Edge/Fog Failover automatico, zero perdita dati Log Failover, Meeting_ID Test Backup & Restore Mensile Tutti livelli Integrità backup, recupero dati completo Report Backup, Audit_Reference

Impatto

L’implementazione rigorosa di un piano di gestione delle emergenze e continuità operativa secondo le specifiche AETERNA produce impatti tangibili su più livelli:

---

[DOCUMENTO ID: synthetic_data_AETERNA\Volume_10_gestione_delle_emergenze_e_continuità_operativa.md:0:37] (Rerank Score: 0.60)
Tabella: Specifiche Protocollo di Comunicazione d’Emergenza

Componente Tecnologia Sicurezza Affidabilità Note Operative Trasporto gRPC TLS 1.3 Retry esponenziale Supporto sincrono/asincrono, streaming bidirezionale Serializzazione Protocol Buffers HMAC-SHA256 Coda persistente locale Validazione schema automatica Autenticazione X.509 CA interna Certificati univoci Rotazione automatica Mutual TLS obbligatoria Rate Limiting Custom Middleware - Flood control Soglie dinamiche per scenario d’emergenza Audit/Notarizzazione Bit-Energy - Immutabilità eventi Audit trail su blockchain

Impatto

L’implementazione di un protocollo di comunicazione d’emergenza secondo le specifiche sopra descritte ha un impatto diretto e misurabile sulla resilienza e sulla robustezza del sistema AETERNA. In particolare:

---

[DOCUMENTO ID: synthetic_data_AETERNA\Volume_10_gestione_delle_emergenze_e_continuità_operativa.md:0:24] (Rerank Score: 0.60)
L’adozione di un framework di simulazione catastrofica così strutturato ha prodotto impatti significativi sia in termini di robustezza architetturale che di maturità operativa del Progetto AETERNA. In primo luogo, la disponibilità di dati quantitativi, derivanti da scenari di fault realistici, ha consentito di individuare tempestivamente colli di bottiglia e vulnerabilità latenti, guidando le successive iterazioni di ottimizzazione infrastrutturale. L’integrazione della notarizzazione blockchain (Bit-Energy) per il tracciamento degli eventi di test e delle operazioni di recovery ha incrementato la trasparenza e l’auditabilità dei processi di resilienza, in linea con i requisiti di compliance e policy-as-code già definiti. Infine, la capacità di orchestrare drill di disaster recovery",5,1.0
Quale parametro deve essere impostato su un valore maggiore o uguale a 3 per garantire fault tolerance e high availability nei topic o nelle code?,Repliche topic/coda,facile,"Il parametro che deve essere impostato su un valore maggiore o uguale a 3 per garantire fault tolerance e high availability nei topic o nelle code è il numero di repliche (replica factor).* 

Impostare il numero di repliche ≥ 3 assicura che, anche in caso di guasti su uno o due nodi, i messaggi rimangano disponibili e il sistema possa continuare a funzionare senza perdita di dati.

Riepilogo riferimento:
- ""Parametro: Repliche topic/coda, Valore raccomandato: ≥ 3, Note: Fault tolerance, high availability""

Questa pratica si applica sia nei broker come Kafka (replica dei topic/partizioni) sia nei sistemi di messaggistica come RabbitMQ (mirrored queues).","[1.0, 1.0, 1.0]","[DOCUMENTO ID: synthetic_data_AETERNA\Volume_05_protocolli_di_comunicazione_e_interfacce.md:0:63] (Rerank Score: 1.00)
Implementazione:

Chaining di topic/eventi, con correlazione tramite correlation_id.

Gestione di saghe distribuite tramite orchestratori dedicati (es. Temporal, Camunda) integrati via broker.

Vantaggi: resilienza a failure parziali, auditabilità, supporto a rollback compensativi.

2.3. Best Practice di Configurazione

Replica e partizionamento: impostare il numero di repliche ≥ 3, partizionare per dominio funzionale e zona energetica (energy_zone_id).

DLQ e retry policy: ogni coda/topic critico deve avere una DLQ associata, con policy di retry parametrica (max_attempts, initial_delay, jitter).

Persistenza e retention: configurare la retention dei messaggi in base alla criticità del flusso; per audit trail, retention ≥ 30 giorni.

---

[DOCUMENTO ID: synthetic_data_AETERNA\Volume_05_protocolli_di_comunicazione_e_interfacce.md:0:67] (Rerank Score: 1.00)
3.3. Tabella Best Practice di Configurazione

Parametro Valore Raccomandato Note Repliche topic/coda ≥ 3 Fault tolerance, high availability Partizioni per topic ≥ 6 (per energy_zone_id) Parallelismo, sharding geografico DLQ retention 48h (critical), 24h (standard) Alert se >100 messaggi pendenti Retry policy max_attempts: 5, jitter 20% Parametrizzabile per servizio Persistenza messaggi Abilitata per tutti i flussi Durabilità, compliance Sicurezza mTLS/TLS + ACL Obbligatoria su tutti i canali Monitoring Prometheus, alerting su lag Integrazione con sistema centralizzato

4. Impatto sull’Architettura AETERNA

L’adozione rigorosa di message broker configurati secondo le best practice sopra descritte determina un impatto strutturale positivo sull’intera architettura AETERNA. In particolare:

---

[DOCUMENTO ID: synthetic_data_AETERNA\Volume_05_protocolli_di_comunicazione_e_interfacce.md:0:60] (Rerank Score: 1.00)
Configurazione consumer: consumer group per microservizio, offset commit esplicito, supporto per replay/idempotenza.

Sicurezza: autenticazione SASL/SCRAM, cifratura TLS end-to-end, ACL granulari per topic.

Monitoring: integrazione con Prometheus JMX Exporter, alert su lag, tasso di errore, throughput.

2.1.2 RabbitMQ

Topologie: cluster in modalità mirrored queues per code critiche, classic queues per traffico non critico.

Exchange types: utilizzo combinato di direct, topic, fanout per pattern diversi (vedi §2.2).

Persistenza: messaggi persistenti su disco, replica sincrona per code ad alta affidabilità.

DLQ (Dead Letter Queue): configurazione per ogni coda, con parametri di retention e alerting automatico.",2,1.0
In che modo la gestione centralizzata delle chiavi tramite HSM contribuisce sia alla sicurezza delle comunicazioni tra i diversi livelli dell’architettura AETERNA sia alla notarizzazione delle transazioni energetiche su Bit-Energy Ledger?,"La gestione centralizzata delle chiavi tramite HSM garantisce la custodia sicura delle chiavi master, la generazione e rotazione automatica delle chiavi operative e la revoca immediata in caso di compromissione, assicurando così la riservatezza e l’integrità delle comunicazioni tra i diversi livelli dell’architettura AETERNA. Inoltre, l’HSM integra il logging dettagliato di tutte le operazioni di key management con Bit-Energy Ledger, fornendo auditabilità e non ripudiabilità delle transazioni energetiche, elementi fondamentali per la notarizzazione su Bit-Energy Ledger.",media,"La gestione centralizzata delle chiavi tramite HSM (Hardware Security Module) nell’architettura AETERNA contribuisce alla sicurezza e alla notarizzazione delle transazioni energetiche su Bit-Energy Ledger in due modi principali:

1. Sicurezza delle comunicazioni tra i diversi livelli (Edge, Fog, Cloud):

- Gli HSM custodiscono e generano le chiavi private in modo isolato e sicuro all’interno degli H-Node, riducendo drasticamente la superficie di attacco e prevenendo la compromissione delle chiavi (anche tramite autodistruzione in caso di accesso fisico non autorizzato).
- I processi di autenticazione, cifratura e integrità (come TLS 1.3/mTLS, X.509, firma digitale) si basano sulle chiavi custodite negli HSM. Questo assicura che solo nodi autenticati possano instaurare comunicazioni protette, prevenendo spoofing e replay.
- La rotazione e la revoca delle chiavi sono automatizzate dalla PKI centrale di AETERNA: ogni nuova chiave generata negli H-Node viene autenticata, propagata in modo sicuro su tutta la rete e, in caso di revoca, la CRL viene pubblicata/notarizzata su Bit-Energy Ledger.

2. Notarizzazione delle transazioni energetiche su Bit-Energy Ledger:

- Ogni transazione energetica o evento critico (rotazione chiavi, autenticazioni, modifiche di policy) è sottoscritto digitalmente tramite le chiavi custodite in HSM e registrato (hash, timestamp, dati chiave) in modo immutabile su Bit-Energy Ledger.
- La generazione hardware-side di nonce univoci per ogni transazione, firmati dal modulo HSM, impedisce attacchi di replay e garantisce che ogni evento sia tracciabile e non ripudiabile.
- Tutte le operazioni IAM e di sicurezza (registrazione, autenticazione, revoca, audit trail) vengono immediatamente notarizzate sul ledger, assicurando trasparenza, auditabilità e compliance end-to-end.

In sintesi, la gestione centralizzata e hardware-based delle chiavi tramite HSM è il fondamento sia della sicurezza delle comunicazioni interne all’architettura AETERNA, sia della garanzia di integrità, non ripudiabilità e fiducia nelle transazioni energetiche notarizzate su Bit-Energy Ledger.","[1.0, 1.0, 1.0, 0.9, 0.8, 1.0, 0.9, 0.8, 0.8, 0.8]","[DOCUMENTO ID: synthetic_data_AETERNA\Volume_03_specifiche_hardware_dell'h-node.md:0:89] (Rerank Score: 1.00)
L’adozione del modulo HSM come standard per la custodia delle chiavi private negli H-Node di AETERNA eleva il livello di sicurezza fisica e logica dei dispositivi IoT critici, riducendo drasticamente la superficie di attacco legata alla compromissione delle chiavi. La presenza di trigger di autodistruzione hardware garantisce che, anche in caso di accesso fisico non autorizzato o tentativi di reverse engineering, nessuna informazione sensibile possa essere estratta dal dispositivo. Questo approccio, conforme alle policy Kyoto 2.0 e agli standard interni Bit-Energy, contribuisce a mantenere la fiducia nella rete, impedendo attacchi di spoofing, replay o furto di identità digitale degli H-Node. Inoltre, la propagazione tempestiva degli eventi di sicurezza verso i livelli Fog e Cloud

---

[DOCUMENTO ID: synthetic_data_AETERNA\Volume_05_protocolli_di_comunicazione_e_interfacce.md:0:81] (Rerank Score: 1.00)
4. Impatto

L’adozione rigorosa dei protocolli di cifratura e delle pratiche di gestione delle chiavi descritte assicura che l’intero ecosistema AETERNA sia protetto da una vasta gamma di minacce, sia a livello di attacco esterno che di compromissione interna. L’utilizzo di TLS 1.3 e DTLS 1.2/1.3, unito alla gestione centralizzata tramite HSM, garantisce non solo la riservatezza e l’integrità dei dati in transito, ma anche la non ripudiabilità delle transazioni energetiche, elemento fondamentale per la notarizzazione su Bit-Energy Ledger e la compliance agli standard Kyoto 2.0.

---

[DOCUMENTO ID: synthetic_data_AETERNA\Volume_12_interfacciamento_con_la_mobilità_elettrica.md:0:45] (Rerank Score: 1.00)
3.2 Tabella – Riepilogo Meccanismi di Sicurezza

Livello Meccanismo di Sicurezza Algoritmi/Standard Funzione Principale Edge HSM, mTLS, X.509, AES-256 RSA-4096, ECC, AES-256 Cifratura, autenticazione, integrità Fog Proxy sicuro, validazione nonce mTLS, NTP, OCSP Aggregazione, validazione temporale Cloud PKI, Blockchain, Smart Contract X.509, Hyperledger, Kyoto 2.0 Gestione certificati, tracciabilità, compliance V2I/V2V Firma digitale, ZKP ECC, ZKP Non ripudiabilità, privacy, auditabilità

4. Impatto

L’implementazione rigorosa di questi meccanismi di sicurezza ha un impatto determinante su diversi assi strategici del progetto AETERNA:

---

[DOCUMENTO ID: synthetic_data_AETERNA\Volume_04_sicurezza_informatica_e_cyber-resilienza.md:0:21] (Rerank Score: 0.90)
La gestione delle chiavi è automatizzata e orchestrata dalla PKI AETERNA, con policy di rotazione proattiva e reattiva: - Rotazione periodica: Ogni chiave privata (Edge, Fog) ha una validità massima di 30 giorni o 10.000 sessioni, whichever comes first. - Trigger di rotazione immediata: Compromissione, anomalie AI, revoca/quarantena nodo. - Meccanismo: L’H-Node genera una nuova coppia chiave (PQ + ECDSA), la invia in modo autenticato alla PKI che aggiorna il certificato X.509 e pubblica la revoca della vecchia chiave su Bit-Energy Ledger (CRL notarizzata). - Distribuzione: La nuova chiave pubblica è propagata tramite canale TLS autenticato e firmata dalla CA AETERNA.

---

[DOCUMENTO ID: synthetic_data_AETERNA\Volume_03_specifiche_hardware_dell'h-node.md:0:76] (Rerank Score: 0.80)
Il modulo HSM (Hardware Security Module) rappresenta il fulcro della sicurezza fisica e logica degli H-Node all’interno dell’architettura AETERNA. In un contesto di micro-reti energetiche decentralizzate, in cui il valore delle transazioni P2P e la gestione degli smart contract sono strettamente legati all’integrità delle chiavi crittografiche, la protezione di tali chiavi private assume un ruolo strategico. Il modulo HSM, integrato a livello hardware, è progettato per resistere a tentativi di compromissione fisica, garantendo la custodia sicura delle chiavi e l’esecuzione di operazioni crittografiche in ambiente isolato. In caso di attacco fisico—come tentativi di apertura forzata, manipolazione elettronica o accesso non autorizzato—il

===

[DOCUMENTO ID: synthetic_data_AETERNA\Volume_04_sicurezza_informatica_e_cyber-resilienza.md:0:22] (Rerank Score: 1.00)
5. Prevenzione Manipolazione e Replay

Nonce univoci per ogni transazione: Generati hardware-side, notarizzati su blockchain.

Challenge-Response per ogni sessione: Il Fog invia challenge randomica, l’H-Node risponde firmando la challenge.

Replay detection: Ogni pacchetto è associato a un identificatore e timestamp; pacchetti duplicati o fuori finestra temporale sono scartati e loggati.

6. Auditabilità e Logging Immutabile

Tutti gli eventi di rotazione chiavi, autenticazioni, fallimenti di verifica firma e anomalie di integrità sono notarizzati in tempo reale su Bit-Energy Ledger, garantendo auditabilità e tracciabilità end-to-end.

Diagramma e Tabelle

Diagramma: Flusso crittografico end-to-end

---

[DOCUMENTO ID: synthetic_data_AETERNA\Volume_04_sicurezza_informatica_e_cyber-resilienza.md:0:9] (Rerank Score: 0.90)
2.5 Logging, Audit e Notarizzazione

Immutable Logging: Tutti gli eventi di sicurezza sono registrati su Bit-Energy Ledger, garantendo non ripudiabilità e auditabilità.

Alerting Real-Time: Sistema di notifica automatica verso amministratori e centri di controllo in caso di anomalie rilevate.

3. Protocolli di Sicurezza

Protocollo di Enrollment H-Node: Prevede autenticazione hardware, provisioning sicuro delle chiavi e registrazione sulla blockchain.

Protocollo di Validazione Sensori: Challenge-response periodico tra Fog e H-Node per verificare l’integrità dei dati sensoriali.

Protocollo di Quarantena: Isolamento automatico di nodi compromessi, con revoca delle chiavi e trigger di procedure EoL se necessario.

Diagramma e Tabelle

---

[DOCUMENTO ID: synthetic_data_AETERNA\Volume_04_sicurezza_informatica_e_cyber-resilienza.md:0:37] (Rerank Score: 0.80)
3. Logging, Audit e Notarizzazione

Eventi IAM critici (registrazione, autenticazione, revoca, rotazione) sono immediatamente notarizzati su Bit-Energy Ledger, con hash SHA-3 e timestamp Kyoto 2.0.

Audit trail: Tutte le operazioni IAM sono tracciate e consultabili in modalità read-only dagli operatori autorizzati, garantendo trasparenza e compliance.

Diagramma e Tabelle

Diagramma Mermaid: Flusso di Autenticazione di un nuovo H-Node

sequenceDiagram
    participant HNode as ""H-Node""
    participant Fog as ""Fog Node""
    participant AuthServer as ""Authorization Server""
    participant Ledger as ""Bit-Energy Ledger""

---

[DOCUMENTO ID: synthetic_data_AETERNA\Volume_05_protocolli_di_comunicazione_e_interfacce.md:0:39] (Rerank Score: 0.80)
2.3.3 Integrazione con Bit-Energy Ledger

Le operazioni classificate come critiche (es. transazioni energetiche, modifiche di policy, accessi privilegiati) sono notarizzate tramite il modulo Bit-Energy Ledger, che garantisce immutabilità, timestamping e tracciabilità end-to-end.

3. Diagramma e Tabelle

3.1 Sequence Diagram: Flusso Sicurezza Chiamata API

sequenceDiagram
    participant C as ""Client""
    participant IdP as ""Identity Provider""
    participant GW as ""API Gateway""
    participant MS as ""Microservizio""
    participant ELK as ""ELK Stack""
    participant BEL as ""Bit-Energy Ledger""

---

[DOCUMENTO ID: synthetic_data_AETERNA\Volume_04_sicurezza_informatica_e_cyber-resilienza.md:0:128] (Rerank Score: 0.80)
sul Bit-Energy Ledger, garantendo così l’immutabilità e la non ripudiabilità dei log.",3,1.0
"Quali sono le principali fasi e componenti coinvolte nel flusso di raccolta, aggregazione, analisi e remediation automatica delle metriche di telemetria nella micro-rete energetica urbana decentralizzata del progetto AETERNA, e come queste garantiscono affidabilità, sicurezza e compliance secondo gli standard Kyoto 2.0 e Bit-Energy?","Le principali fasi e componenti coinvolte nel flusso di raccolta, aggregazione, analisi e remediation automatica delle metriche di telemetria nella micro-rete energetica urbana decentralizzata del progetto AETERNA sono:

1. Raccolta delle metriche: Ogni microservizio a livello Fog e Cloud espone endpoint `/metrics` compatibili con Prometheus tramite exporter nativi o sidecar. Gli H-Node Edge utilizzano agenti lightweight che trasmettono le metriche in modalità push verso un gateway Fog, che aggrega e normalizza i dati prima dell’inoltro al backend centrale.

2. Aggregazione e normalizzazione: Il Fog Gateway Aggregator riceve le metriche dagli Edge, le aggrega e le inoltra al Prometheus Scraper a livello Fog, che a sua volta le invia al Prometheus Cluster centrale in Cloud.

3. Persistenza e retention: I dati di telemetria sono persistiti in un cluster Prometheus federato, con retention configurabile (90 giorni per metriche di dettaglio, 1 anno per aggregati). I dati critici sono duplicati e notarizzati tramite Bit-Energy Ledger per garantire auditabilità e immutabilità.

4. Analisi e visualizzazione: Grafana è utilizzato per la costruzione di dashboard custom segmentate per dominio, energy_zone_id, ruolo dispositivo e tipologia di servizio. Le dashboard sono integrate con sistemi di Single Sign-On (SSO) e RBAC.

5. Alerting: Il sistema di alerting si basa su Prometheus Alertmanager, con regole granulari per soglie statiche e dinamiche. Gli alert sono instradati verso canali dedicati e, in caso di alert critici, attivano playbook di auto-remediation.

6. Remediation automatica: Alcuni alert critici attivano playbook di auto-remediation, come riavvio selettivo dei servizi, rotazione automatica dei certificati, failover verso nodi di backup. L’Orchestrator aggiorna lo stato e le metriche dopo la remediation.

Queste componenti e fasi garantiscono affidabilità tramite visibilità in tempo reale e interventi proattivi, sicurezza attraverso la notarizzazione degli alert critici su Bit-Energy Ledger e compliance agli standard Kyoto 2.0 e Bit-Energy grazie all’auditabilità, alla segregazione dei ruoli e alla tracciabilità end-to-end delle operazioni.",difficile,"Ecco una sintesi delle principali fasi, componenti e meccanismi che caratterizzano il flusso di raccolta, aggregazione, analisi e remediation automatica delle metriche di telemetria nella micro-rete energetica urbana decentralizzata del progetto AETERNA, con focus su affidabilità, sicurezza e compliance (Kyoto 2.0, Bit-Energy):

## Fasi del Flusso di Telemetria

1. **Raccolta Dati (Edge)**
   - H-Node Edge raccolgono metriche granulari su hardware, stato IoT, produzione/consumo energetico e sicurezza.
   - Utilizzo di agenti lightweight e protocolli sicuri per garantire basso footprint e sicurezza locale.
2. **Aggregazione e Normalizzazione (Fog)**
   - Gateway di quartiere aggregano le telemetrie provenienti dai nodi Edge.
   - Dati normalizzati e correlati per identificare pattern anomali.
   - Gestione locale delle soglie di allerta e dei primi interventi/remediation automatizzati.
3. **Analisi Avanzata (Cloud)**
   - Macro-analisi predittiva, orchestrazione centralizzata delle risposte e processi di audit.
   - Utilizzo di machine learning e motori di regole per ottimizzazione e identificazione anomalie su scala cittadina.
   - Reporting e audit automatizzati.

## Componenti Principali

- **Bus di eventi distribuito**: per la federazione tra Edge, Fog e Cloud.
- **Agenti di monitoraggio (Edge/Fog/Cloud)**: raccolta, push/pull di metriche, modularità per nuove fonti dati.
- **Storage multi-livello e Data Lake**: raccolta, storicizzazione, normalizzazione, flessibilità per analisi regolatorie.
- **Motori di regole/Orchestrazione (Kubernetes, Workflow Engines)**: per la gestione dinamica di carico, remediation/adattamento in caso di eventi anomali.
- **Smart contract e Ledger (Bit-Energy)**: notarizzazione eventi, tracciabilità transazioni e compliance machine-driven.
- **Sistemi di sicurezza multilivello**: cifratura end-to-end, gestione hardware delle chiavi, IDS distribuito, notarizzazione eventi.

## Meccanismi di Affidabilità, Sicurezza e Compliance

- **Fault Tolerance e resilienza**: isolamento/ripristino automatico dei nodi compromessi (<60s), minimizza impatto su erogazione.
- **Audit e reporting**: verifica ciclica multilivello (Edge, Fog, Cloud), check-list derivate da standard ISO, Kyoto 2.0.
- **Blockchain privata/Bit-Energy Ledger**: firma digitale, tracciabilità immutabile, data lineage, auditabilità trasparente.
- **Sicurezza by-design**:
  - Cifratura E2E e gestione HW chiavi.
  - IDS per detection intrusione distribuita.
  - Notarizzazione di ogni fase/processo.
- **Adattamento normativo**: modularità dei contratti intelligenti consente reazione rapida a nuove normative, e facile integrazione con dispositivi/sistemi terzi tramite protocolli open e interoperabili.
- **Sostenibilità e indicatori ambientali**:
  - Indicatori di performance ambientale e bilanciamento (=Kyoto 2.0).
  - Tokenizzazione e tracciamento di comportamenti virtuosi (=Bit-Energy).

## Allineamento con Kyoto 2.0 e Bit-Energy

- **Kyoto 2.0**: framework proprietario di performance ambientale, indicatori per riduzione emissioni, efficienza, audit periodico.
- **Bit-Energy**: suite di smart contract e policy digitali, tracciabilità P2P, tokenizzazione energia, compliance by-code, notarizzazione ogni evento rilevante.

### In sintesi
L’architettura multilivello e modulare di AETERNA, insieme a data lake, orchestrazione automatica, blockchain privata e smart contract, garantisce affidabilità, sicurezza e un livello di compliance “by design” agli standard Kyoto 2.0 e Bit-Energy, facilitando la governance trasparente e l’auditabilità delle micro-reti urbane di nuova generazione.","[1.0, 0.8, 0.7, 0.7, 0.7, 0.7, 0.7, 1.0, 0.9, 0.8, 0.8, 0.8, 0.8, 0.8, 1.0, 1.0, 1.0, 0.9, 0.9]","[DOCUMENTO ID: synthetic_data_AETERNA\Volume_10_gestione_delle_emergenze_e_continuità_operativa.md:0:57] (Rerank Score: 1.00)
Specifiche Tecniche e Protocolli

Architettura del Sistema di Monitoraggio

Il sistema di monitoraggio proattivo di AETERNA è strutturato su tre livelli, ciascuno dotato di agenti di telemetria e moduli di analisi locale, federati tramite un bus di eventi distribuito:

Edge (H-Node): Raccolta di metriche granulari su risorse hardware, produzione/consumo energetico, stato dei dispositivi IoT, sicurezza locale.

Fog (Quartiere): Aggregazione, normalizzazione e correlazione eventi provenienti dagli Edge, analisi di trend e pattern anomali, gestione delle soglie di allerta.

Cloud (Macro-analisi): Analisi predittiva su larga scala, orchestrazione delle risposte automatizzate, audit e reporting centralizzato.

---

[DOCUMENTO ID: synthetic_data_AETERNA\Volume_14_monitoraggio,_telemetria_e_analisi_predittiva.md:0:15] (Rerank Score: 0.80)
Nel contesto del Progetto AETERNA, la telemetria avanzata rappresenta un elemento cardine per la gestione proattiva e predittiva delle micro-reti energetiche decentralizzate. La capacità di acquisire, trasmettere e analizzare in tempo reale lo stato della rete costituisce la base per la resilienza operativa, l’ottimizzazione delle risorse e la garanzia di compliance rispetto agli standard interni (Kyoto 2.0, Bit-Energy). L’approccio adottato privilegia la distribuzione intelligente degli agenti di monitoraggio, la segmentazione logica delle informazioni e l’adozione di protocolli di trasporto e sicurezza allineati con le più stringenti esigenze di affidabilità e latenza ridotta. L’obiettivo è fornire una visibilità granulare e tempestiva su ogni

---

[DOCUMENTO ID: synthetic_data_AETERNA\Volume_05_protocolli_di_comunicazione_e_interfacce.md:0:84] (Rerank Score: 0.70)
Nel contesto di una micro-rete energetica urbana decentralizzata come AETERNA, la visibilità operativa in tempo reale rappresenta un prerequisito imprescindibile per garantire affidabilità, scalabilità e resilienza del sistema. Il monitoraggio delle interfacce di comunicazione e la raccolta sistematica di dati di telemetria consentono di rilevare tempestivamente anomalie, colli di bottiglia e degradazioni prestazionali, abilitando interventi proattivi e automatizzati. In particolare, la natura distribuita e stratificata di AETERNA—che si articola su livelli Edge, Fog e Cloud—impone una strategia di osservabilità multi-livello, in grado di correlare eventi a livello di microservizio, infrastruttura e dominio energetico. L’adozione di strumenti open-source

---

[DOCUMENTO ID: synthetic_data_AETERNA\Volume_12_interfacciamento_con_la_mobilità_elettrica.md:0:48] (Rerank Score: 0.70)
Nel contesto della transizione verso sistemi energetici urbani autarchici e resilienti, il monitoraggio e l’analisi dei flussi di mobilità elettrica assumono una rilevanza strategica. All’interno del framework AETERNA, la raccolta sistematica e l’analisi avanzata dei dati relativi ai veicoli elettrici (EV) e alle infrastrutture di ricarica costituiscono la base per un’ottimizzazione dinamica delle risorse, una pianificazione urbana data-driven e la mitigazione dei rischi di congestione o sottoutilizzo degli asset energetici. L’approccio adottato in AETERNA si fonda su una visione integrata e multilivello, in cui la telemetria proveniente da dispositivi eterogenei viene aggregata, normalizzata e analizzata tramite pipeline

---

[DOCUMENTO ID: synthetic_data_AETERNA\Volume_14_monitoraggio,_telemetria_e_analisi_predittiva.md:0:68] (Rerank Score: 0.70)
La gestione della telemetria in contesti di micro-reti energetiche decentralizzate, come nel Progetto AETERNA, richiede una piattaforma di storage in grado di sostenere la varietà, la velocità e il volume dei dati generati da dispositivi eterogenei distribuiti su più livelli (Edge, Fog, Cloud). La persistenza efficace di questi dati è cruciale per garantire la tracciabilità degli eventi, la storicizzazione a fini regolatori e di audit, nonché per abilitare analisi avanzate e processi di machine learning predittivo. Il paradigma del data lake si impone come soluzione architetturale centrale, consentendo la raccolta, la normalizzazione e la successiva elaborazione di dati grezzi e processati, in un ambiente che privilegia la scalabilità, la flessibilità e la sicurezza.

---

[DOCUMENTO ID: synthetic_data_AETERNA\Volume_05_protocolli_di_comunicazione_e_interfacce.md:0:86] (Rerank Score: 0.70)
Specifiche Tecniche e Protocolli

Architettura del Sistema di Monitoraggio

Il sistema di monitoraggio e telemetria di AETERNA si articola secondo i seguenti principi architetturali:

Raccolta delle Metriche: Ogni microservizio (sia a livello Fog che Cloud) espone endpoint /metrics compatibili con Prometheus, implementando exporter nativi o sidecar. Gli H-Node Edge, per ragioni di footprint e sicurezza, utilizzano agenti lightweight (es. Prometheus Node Exporter customizzato) che trasmettono le metriche in modalità push verso un gateway Fog, il quale aggrega e normalizza i dati prima dell’inoltro al backend centrale.

Categorizzazione delle Metriche: Le metriche sono classificate secondo tre macro-categorie:

---

[DOCUMENTO ID: synthetic_data_AETERNA\Volume_12_interfacciamento_con_la_mobilità_elettrica.md:0:49] (Rerank Score: 0.70)
telemetria proveniente da dispositivi eterogenei viene aggregata, normalizzata e analizzata tramite pipeline distribuite, con l’obiettivo di garantire una governance predittiva e adattiva dei flussi di energia e mobilità.

===

[DOCUMENTO ID: synthetic_data_AETERNA\Volume_14_monitoraggio,_telemetria_e_analisi_predittiva.md:0:12] (Rerank Score: 1.00)
L’architettura dei sistemi di monitoraggio implementata in AETERNA garantisce una raccolta dati affidabile, tempestiva e scalabile, abilitando la gestione ottimale di micro-reti energetiche decentralizzate. L’approccio modulare e l’adozione di tecnologie di orchestrazione avanzate (Kubernetes, code distribuite, motori di regole) consentono di adattare dinamicamente la pipeline a variazioni di carico e a nuove tipologie di dati, assicurando la continuità operativa anche in scenari di fault parziali o attacchi informatici. La stretta integrazione con i sistemi di audit e compliance – tramite blockchain privata, firma digitale e data lineage – rende il sistema trasparente e verificabile, facilitando la conformità agli standard Kyoto 2.0, Bit-Energy e alle normative internazionali di

---

[DOCUMENTO ID: synthetic_data_AETERNA\Volume_04_sicurezza_informatica_e_cyber-resilienza.md:0:68] (Rerank Score: 0.90)
L’implementazione di un framework di Incident Response e Recovery Orchestration automatizzato e multilivello consente ad AETERNA di raggiungere livelli di resilienza e continuità operativa senza precedenti nel dominio delle micro-reti energetiche urbane. La capacità di isolare e ripristinare nodi compromessi in meno di 60 secondi, con una perdita massima di un singolo Pulse notarizzato (RPO), minimizza drasticamente l’impatto su forniture energetiche critiche e garantisce la coerenza della catena di sincronizzazione. L’integrazione con il Bit-Energy Ledger e la notarizzazione di ogni fase assicurano trasparenza, auditabilità e compliance agli standard interni (Kyoto 2.0), rafforzando la fiducia degli stakeholder e abilitando scenari di autarchia energetica urbana robusta e verificabile.

---

[DOCUMENTO ID: synthetic_data_AETERNA\Volume_06_algoritmi_di_ottimizzazione_energetica.md:0:143] (Rerank Score: 0.80)
Inoltre, la disponibilità di indicatori di performance granulari e la tracciabilità completa tramite Bit-Energy Ledger e compliance Kyoto 2.0 assicurano trasparenza, auditabilità e conformità normativa, elementi imprescindibili per l’integrazione in contesti urbani regolamentati. L’approccio simulativo accelera il ciclo di sviluppo, favorisce la scalabilità orizzontale e verticale delle soluzioni e costituisce un benchmark affidabile per la replicabilità del modello AETERNA in città e quartieri eterogenei.

In sintesi, la metodologia di simulazione e testing adottata rappresenta un pilastro fondante per la robustezza, la sicurezza e la sostenibilità delle micro-reti energetiche decentralizzate promosse dal Progetto AETERNA.

---

[DOCUMENTO ID: synthetic_data_AETERNA\Volume_02_architettura_di_sistema_a_tre_livelli.md:0:53] (Rerank Score: 0.80)
L’introduzione del livello Cloud, con la centralizzazione e l’analisi avanzata dei metadati energetici tramite database vettoriali, trasforma radicalmente la capacità del sistema AETERNA di rispondere alle sfide dell’autarchia energetica urbana. La possibilità di individuare pattern di consumo emergenti, anticipare anomalie e ottimizzare la distribuzione delle risorse su scala nazionale consente una gestione proattiva e resiliente delle micro-reti. L’approccio data-driven, abilitato dalla ricerca semantica sui vettori, permette di adattare dinamicamente le strategie di bilanciamento e pricing, massimizzando l’efficienza e la sostenibilità del sistema. Inoltre, la rigorosa governance e la compliance garantite dagli standard Kyoto 2.0 e dalla blockchain Bit-Energy

---

[DOCUMENTO ID: synthetic_data_AETERNA\Volume_07_smart_contract_e_tokenizzazione_energetica.md:0:13] (Rerank Score: 0.80)
L’architettura dei contratti intelligenti in AETERNA rappresenta un elemento abilitante per la realizzazione di una micro-rete energetica urbana realmente autarchica, resiliente e trasparente. La modularità e l’aggiornabilità dei contratti consentono una rapida risposta a evoluzioni normative e di mercato, mentre la sicurezza multilivello e la tracciabilità integrale garantiscono la fiducia degli attori e la compliance agli standard interni (Kyoto 2.0, Bit-Energy). L’integrazione nativa con i sistemi di logging e audit, unita alla possibilità di orchestrazione multi-layer (Edge, Fog, Cloud), permette di scalare il framework AETERNA a contesti urbani di qualsiasi dimensione, mantenendo elevati livelli di affidabilità, auditabilità e sostenibilità. In

---

[DOCUMENTO ID: synthetic_data_AETERNA\Volume_04_sicurezza_informatica_e_cyber-resilienza.md:0:109] (Rerank Score: 0.80)
del sistema, limitando l’impatto sugli utenti legittimi e facilitando il ripristino automatico. La notarizzazione degli eventi sul Bit-Energy Ledger assicura la piena tracciabilità e accountability, elementi essenziali per la compliance agli standard Kyoto 2.0 e per la fiducia degli stakeholder. In sintesi, il framework IDS distribuito di AETERNA costituisce un pilastro fondamentale per la sicurezza, la resilienza e la sostenibilità delle micro-reti energetiche urbane di nuova generazione.

---

[DOCUMENTO ID: synthetic_data_AETERNA\Volume_16_sostenibilità_ambientale_e_impatto_sociale.md:0:132] (Rerank Score: 0.80)
Kyoto 2.0 (Standard Interno AETERNA):

Framework proprietario per la valutazione e la certificazione delle performance ambientali delle micro-reti, con indicatori specifici per il bilanciamento energetico, la riduzione delle emissioni e l’efficienza dei processi di trading P2P.

Bit-Energy Compliance Suite:

Insieme di smart contract e policy digitali per la tracciabilità delle transazioni, la gestione delle credenziali formative e il monitoraggio dei comportamenti virtuosi (es. autoconsumo, partecipazione a campagne di sostenibilità).

3. Procedure di Audit e Reporting

Audit Interno Multilivello:

Programmazione di audit periodici su tutti i livelli (Edge, Fog, Cloud), con check-list derivate dagli standard ISO 14001, SA8000 e Kyoto 2.0.

===

[DOCUMENTO ID: synthetic_data_AETERNA\Volume_05_protocolli_di_comunicazione_e_interfacce.md:0:10] (Rerank Score: 1.00)
3. Compliance e Interoperabilità

Tutti i protocolli selezionati sono conformi agli standard Kyoto 2.0 e alle specifiche interne di Bit-Energy, garantendo la tracciabilità crittografica delle operazioni e la compatibilità con sistemi di audit e compliance. La scelta di protocolli open e ampiamente supportati assicura inoltre la possibilità di integrare dispositivi di terze parti e di adattare rapidamente l’architettura a nuovi requisiti normativi o tecnologici.

Diagramma e Tabelle

Diagramma di Flusso della Comunicazione IoT in AETERNA

---

[DOCUMENTO ID: synthetic_data_AETERNA\Volume_14_monitoraggio,_telemetria_e_analisi_predittiva.md:0:12] (Rerank Score: 1.00)
L’architettura dei sistemi di monitoraggio implementata in AETERNA garantisce una raccolta dati affidabile, tempestiva e scalabile, abilitando la gestione ottimale di micro-reti energetiche decentralizzate. L’approccio modulare e l’adozione di tecnologie di orchestrazione avanzate (Kubernetes, code distribuite, motori di regole) consentono di adattare dinamicamente la pipeline a variazioni di carico e a nuove tipologie di dati, assicurando la continuità operativa anche in scenari di fault parziali o attacchi informatici. La stretta integrazione con i sistemi di audit e compliance – tramite blockchain privata, firma digitale e data lineage – rende il sistema trasparente e verificabile, facilitando la conformità agli standard Kyoto 2.0, Bit-Energy e alle normative internazionali di

---

[DOCUMENTO ID: synthetic_data_AETERNA\Volume_11_integrazione_con_le_energie_rinnovabili.md:0:40] (Rerank Score: 1.00)
Dal punto di vista della sicurezza e della compliance, la cifratura end-to-end, la gestione hardware delle chiavi e la notarizzazione blockchain assicurano la protezione dei dati sensibili e la tracciabilità di ogni evento rilevante, in piena aderenza alle policy Kyoto 2.0 e agli standard Bit-Energy. La strutturazione multilivello dello storage riduce la dipendenza dal cloud centrale, favorendo la decentralizzazione e l’autonomia operativa dei micro-ecosistemi urbani, in linea con la missione di AETERNA.

---

[DOCUMENTO ID: synthetic_data_AETERNA\Volume_06_algoritmi_di_ottimizzazione_energetica.md:0:87] (Rerank Score: 0.90)
Supporto alla Crescita delle Rinnovabili: L’ottimizzazione dinamica dei flussi energetici permette di integrare quote crescenti di generazione distribuita senza compromettere la stabilità della rete, abilitando scenari di autarchia urbana e micro-grid isole.

Riduzione dei Costi Operativi: L’automazione dei processi di instradamento e la manutenzione predittiva diminuiscono la necessità di interventi manuali e riducono i costi di esercizio e ripristino.

Compliance e Auditabilità: Il logging immutabile tramite Bit-Energy Ledger e la correlazione con Kyoto 2.0 garantiscono la piena tracciabilità e conformità agli standard interni di AETERNA, facilitando audit e certificazioni future.

---

[DOCUMENTO ID: synthetic_data_AETERNA\Volume_01_visione_globale_e_filosofia_di_aeterna.md:0:11] (Rerank Score: 0.90)
L’adozione del paradigma AETERNA segna una discontinuità storica nella progettazione delle infrastrutture energetiche urbane. L’implementazione delle micro-grid autonome, in conformità agli standard Kyoto 2.0, consente di superare le criticità delle reti centralizzate, garantendo una resilienza sistemica senza precedenti. La trasparenza operativa, assicurata dal protocollo Bit-Energy e dalla registrazione distribuita su blockchain, permette una governance energetica partecipata e verificabile. L’integrazione di algoritmi AI per il bilanciamento predittivo trasforma la gestione energetica da reattiva a proattiva, minimizzando sprechi e ottimizzando le risorse. In sintesi, AETERNA si configura come risposta strutturale e visionaria alle sfide della",3,0.75
Qual è il costo medio annuale per la notarizzazione delle OpenAPI Specification su Bit-Energy Ledger per ogni versione major delle API AETERNA?,L'informazione non è disponibile nel testo,impossibile,L'informazione non è disponibile nel testo,"[0.6, 0.6, 0.6, 0.6, 0.6, 0.7, 0.7, 0.6, 0.6, 0.6, 0.7, 0.6, 0.3, 0.3, 0.3, 0.7, 0.7, 0.7, 0.7, 0.7, 0.8, 0.7, 0.7, 0.7, 0.7]","[DOCUMENTO ID: synthetic_data_AETERNA\Volume_05_protocolli_di_comunicazione_e_interfacce.md:0:107] (Rerank Score: 0.60)
Audit e Notarizzazione: Tutte le fasi sono tracciate e notarizzate su Bit-Energy Ledger, a garanzia di compliance e auditabilità.

6. Governance Centralizzata delle API

La governance delle API è affidata a un Comitato Tecnico AETERNA API, responsabile di:

Approvazione delle modifiche breaking.

Validazione delle OpenAPI Specification.

Gestione del ciclo di vita delle versioni.

Coordinamento con i team di sviluppo Edge, Fog e Cloud.

Supervisione sulla compliance Kyoto 2.0 e sulle policy Bit-Energy.

Tutte le decisioni sono documentate e versionate tramite repository Git centralizzato e notarizzazione periodica.

Diagramma e Tabelle

Diagramma Mermaid: Flusso di Versionamento e Deprecazione

---

[DOCUMENTO ID: synthetic_data_AETERNA\Volume_18_evoluzione_tecnologica_e_roadmap_di_ricerca.md:0:23] (Rerank Score: 0.60)
2.3.2 Sistema di Notarizzazione Blockchain

Partner: Startup Blockchain

Descrizione: Sperimentazione di un sistema di notarizzazione distribuita dei dati energetici tramite smart contract su Bit-Energy (Ethereum-like).

Integrazione:

Smart contract custom deployato su canale privato Bit-Energy.

API gRPC per la trasmissione degli hash dei dati notarizzati.

Isolamento tramite enclave Intel SGX per le funzioni critiche di firma.

Audit trail on-chain e off-chain, con supporto a zk-SNARKs per privacy avanzata.

Validazione: Test di resilienza, verifica della latenza di notarizzazione, audit di sicurezza.

2.4 Ambienti di Sperimentazione

---

[DOCUMENTO ID: synthetic_data_AETERNA\Volume_20_business_model,_scalabilità_e_sostenibilità_economica.md:0:32] (Rerank Score: 0.60)
OPEX: Include la manutenzione periodica delle componenti hardware e software, gli aggiornamenti delle policy di compliance Kyoto 2.0, il supporto tecnico di secondo e terzo livello, i consumi energetici delle infrastrutture (monitorati e ottimizzati tramite AI predittiva), i costi di scaling automatico (on-demand) e le fee di gestione dei ledger Bit-Energy.

Per ciascuna voce di spesa, sono stati definiti KPI quantitativi (es. costo medio per nodo, costo di aggiornamento per release, costo per transazione gestita, costo di compliance per segmento normativo), che alimentano il modello di calcolo TCO e consentono una valutazione comparativa tra diverse opzioni architetturali (es. monolitico vs containerizzato, scaling verticale vs orizzontale, single vs multi-cluster).

Modelli di Ricavo e Monetizzazione

---

[DOCUMENTO ID: synthetic_data_AETERNA\Volume_15_formazione,_supporto_e_community.md:0:82] (Rerank Score: 0.60)
Archiviazione e versionamento dei materiali prodotti, con indicizzazione semantica e tagging tematico.

Audit trail su Bit-Energy per tutte le operazioni critiche (creazione, modifica, accesso, eliminazione).

Attivazione e Gestione Percorsi di Mentoring:

Candidatura mentor/mentee tramite form autenticato, con compilazione di skill matrix e obiettivi formativi.

Matching automatizzato e validazione manuale da parte di un facilitatore.

Definizione del percorso: obiettivi, milestones, deliverable attesi, periodicità incontri.

Logging automatico delle sessioni (data, durata, argomenti trattati, feedback).

Notarizzazione milestone e feedback su Bit-Energy per garantire trasparenza e integrità.

---

[DOCUMENTO ID: synthetic_data_AETERNA\Volume_04_sicurezza_informatica_e_cyber-resilienza.md:0:22] (Rerank Score: 0.60)
5. Prevenzione Manipolazione e Replay

Nonce univoci per ogni transazione: Generati hardware-side, notarizzati su blockchain.

Challenge-Response per ogni sessione: Il Fog invia challenge randomica, l’H-Node risponde firmando la challenge.

Replay detection: Ogni pacchetto è associato a un identificatore e timestamp; pacchetti duplicati o fuori finestra temporale sono scartati e loggati.

6. Auditabilità e Logging Immutabile

Tutti gli eventi di rotazione chiavi, autenticazioni, fallimenti di verifica firma e anomalie di integrità sono notarizzati in tempo reale su Bit-Energy Ledger, garantendo auditabilità e tracciabilità end-to-end.

Diagramma e Tabelle

Diagramma: Flusso crittografico end-to-end

===

[DOCUMENTO ID: synthetic_data_AETERNA\Volume_05_protocolli_di_comunicazione_e_interfacce.md:0:107] (Rerank Score: 0.70)
Audit e Notarizzazione: Tutte le fasi sono tracciate e notarizzate su Bit-Energy Ledger, a garanzia di compliance e auditabilità.

6. Governance Centralizzata delle API

La governance delle API è affidata a un Comitato Tecnico AETERNA API, responsabile di:

Approvazione delle modifiche breaking.

Validazione delle OpenAPI Specification.

Gestione del ciclo di vita delle versioni.

Coordinamento con i team di sviluppo Edge, Fog e Cloud.

Supervisione sulla compliance Kyoto 2.0 e sulle policy Bit-Energy.

Tutte le decisioni sono documentate e versionate tramite repository Git centralizzato e notarizzazione periodica.

Diagramma e Tabelle

Diagramma Mermaid: Flusso di Versionamento e Deprecazione

---

[DOCUMENTO ID: synthetic_data_AETERNA\Volume_05_protocolli_di_comunicazione_e_interfacce.md:0:109] (Rerank Score: 0.70)
Tabella: Policy di Versionamento e Deprecazione

Evento Azione Versioning Notifica Integratori Coesistenza Header/Metadata Audit/Notarizzazione Policy Compliance Breaking Change Incremento MAJOR Sì Min. 6 mesi Deprecation, Sunset Sì Kyoto 2.0, Bit-Energy Feature compatibile Incremento MINOR Opzionale N/A N/A Sì Sì Bugfix non breaking Incremento PATCH No N/A N/A Sì Sì Deprecazione API Annuncio + Header Sì Min. 6 mesi Deprecation, Sunset Sì Sì Rimozione API Disabilitazione progressiva Sì N/A Error 410 Gone Sì Sì

Impatto

L’adozione di un modello strutturato di versionamento e gestione della compatibilità delle API in AETERNA garantisce una serie di benefici strategici e operativi:

---

[DOCUMENTO ID: synthetic_data_AETERNA\Volume_05_protocolli_di_comunicazione_e_interfacce.md:0:110] (Rerank Score: 0.60)
Continuità Operativa: La coesistenza di versioni e la deprecazione progressiva evitano interruzioni di servizio per client legacy, consentendo upgrade graduali e pianificati.

Auditabilità e Compliance: La notarizzazione delle specifiche e delle transizioni su Bit-Energy Ledger assicura la tracciabilità e la compliance agli standard Kyoto 2.0, fondamentale in scenari regolamentati.

Riduzione del Rischio di Regressioni: L’integrazione di test di regressione e compatibilità retroattiva automatizzati minimizza il rischio di errori introdotti da evoluzioni delle API.

Governance Trasparente: La centralizzazione delle decisioni e la pubblicazione delle specifiche OpenAPI garantiscono trasparenza, responsabilità e allineamento tra i team Edge, Fog e Cloud.

---

[DOCUMENTO ID: synthetic_data_AETERNA\Volume_05_protocolli_di_comunicazione_e_interfacce.md:0:27] (Rerank Score: 0.60)
Caratteristica API Pubbliche API Private Accessibilità Esterni (partner, terze parti) Solo intra-VPC (microservizi AETERNA) Protocollo HTTPS (TLS 1.3), REST HTTPS (TLS 1.3) + mTLS, REST/Kafka Autenticazione OAuth 2.0, JWT Certificati X.509, mTLS Documentazione OpenAPI (Swagger) Interna, accesso tramite service mesh Rate Limiting Gateway API, per client/scope Service mesh, per servizio/metodo Audit e Tracciabilità Logging centralizzato, Bit-Energy Logging, notarizzazione, Bit-Energy Ledger Esempio Endpoint /api/v1/partner/orders /internal/v1/inventory/update Policy di Accesso Scope OAuth, policy RBAC Istio RBAC, namespace/service/method Supporto GraphQL Limitato (solo dashboard/report) Esteso (aggregazione dati interna)

Impatto

---

[DOCUMENTO ID: synthetic_data_AETERNA\Volume_13_interoperabilità_e_standardizzazione_internazionale.md:0:33] (Rerank Score: 0.60)
Protocolli RESTful documentati OpenAPI 3.0 e conversione trasparente di payload legacy (SOAP/XML, CSV) in formati JSON/Avro standardizzati.

Adapter Layer containerizzati e versionabili, conformi ai requisiti di rollback transazionale e atomicità delle operazioni (Transactional Outbox Pattern).

Gestione della Privacy e Compliance

Per la gestione della privacy e la conformità normativa (es. GDPR e Kyoto 2.0), AETERNA implementa:

Audit trail strutturati su storage geo-ridondato, con hash referenziati sulla blockchain Bit-Energy per garantire integrità e non ripudiabilità.

Data minimization e pseudonimizzazione dei dati personali secondo le best practice ISO/IEC 20889.

Meccanismi di data retention e diritto all’oblio, integrati nei workflow ETL orchestrati da Apache Airflow.

===

[DOCUMENTO ID: synthetic_data_AETERNA\Volume_18_evoluzione_tecnologica_e_roadmap_di_ricerca.md:0:23] (Rerank Score: 0.70)
2.3.2 Sistema di Notarizzazione Blockchain

Partner: Startup Blockchain

Descrizione: Sperimentazione di un sistema di notarizzazione distribuita dei dati energetici tramite smart contract su Bit-Energy (Ethereum-like).

Integrazione:

Smart contract custom deployato su canale privato Bit-Energy.

API gRPC per la trasmissione degli hash dei dati notarizzati.

Isolamento tramite enclave Intel SGX per le funzioni critiche di firma.

Audit trail on-chain e off-chain, con supporto a zk-SNARKs per privacy avanzata.

Validazione: Test di resilienza, verifica della latenza di notarizzazione, audit di sicurezza.

2.4 Ambienti di Sperimentazione

---

[DOCUMENTO ID: synthetic_data_AETERNA\Volume_05_protocolli_di_comunicazione_e_interfacce.md:0:27] (Rerank Score: 0.60)
Caratteristica API Pubbliche API Private Accessibilità Esterni (partner, terze parti) Solo intra-VPC (microservizi AETERNA) Protocollo HTTPS (TLS 1.3), REST HTTPS (TLS 1.3) + mTLS, REST/Kafka Autenticazione OAuth 2.0, JWT Certificati X.509, mTLS Documentazione OpenAPI (Swagger) Interna, accesso tramite service mesh Rate Limiting Gateway API, per client/scope Service mesh, per servizio/metodo Audit e Tracciabilità Logging centralizzato, Bit-Energy Logging, notarizzazione, Bit-Energy Ledger Esempio Endpoint /api/v1/partner/orders /internal/v1/inventory/update Policy di Accesso Scope OAuth, policy RBAC Istio RBAC, namespace/service/method Supporto GraphQL Limitato (solo dashboard/report) Esteso (aggregazione dati interna)

Impatto

---

[DOCUMENTO ID: synthetic_data_AETERNA\Volume_05_protocolli_di_comunicazione_e_interfacce.md:0:107] (Rerank Score: 0.30)
Audit e Notarizzazione: Tutte le fasi sono tracciate e notarizzate su Bit-Energy Ledger, a garanzia di compliance e auditabilità.

6. Governance Centralizzata delle API

La governance delle API è affidata a un Comitato Tecnico AETERNA API, responsabile di:

Approvazione delle modifiche breaking.

Validazione delle OpenAPI Specification.

Gestione del ciclo di vita delle versioni.

Coordinamento con i team di sviluppo Edge, Fog e Cloud.

Supervisione sulla compliance Kyoto 2.0 e sulle policy Bit-Energy.

Tutte le decisioni sono documentate e versionate tramite repository Git centralizzato e notarizzazione periodica.

Diagramma e Tabelle

Diagramma Mermaid: Flusso di Versionamento e Deprecazione

---

[DOCUMENTO ID: synthetic_data_AETERNA\Volume_12_interfacciamento_con_la_mobilità_elettrica.md:0:105] (Rerank Score: 0.30)
Tabella: Mappatura Standard e Funzionalità

Funzionalità OCPI OICP OCPP AETERNA Specifica Autenticazione utente Sì (Token) Sì (Token) No SSO via IdP, OAuth2 Disponibilità punti ricarica Sì Sì Parziale Aggregazione multi-operatore Tariffe dinamiche Sì Sì No Sincronizzazione AI/Fog Avvio/chiusura sessione Sì Sì Sì Ledgerizzazione Smart Contract Clearing finanziario Sì Sì No Motore multilaterale Reporting centralizzato Parziale Parziale No Dashboard AETERNA Compliance Kyoto 2.0/Bit-Energy No No No Tagging, incentivi, audit

Impatto

---

[DOCUMENTO ID: synthetic_data_AETERNA\Volume_20_business_model,_scalabilità_e_sostenibilità_economica.md:0:93] (Rerank Score: 0.30)
Blockchain Notarization: Utilizzo della blockchain AETERNA per la notarizzazione di policy critiche e log di audit, garantendo immutabilità e trasparenza.

Diagrammi e Tabelle

Diagramma Mermaid: Flusso di Adattamento Normativo

graph TD
    A[""Legal Intelligence Team""] --> B[""Normative Watchdog""]
    B --> C[""Policy Adapter Layer""]
    C --> D[""Compliance Orchestrator""]
    D --> E[""CI/CD Pipeline""]
    E --> F[""Edge Fog Cloud Deployment""]
    D --> G[""Audit Trail Engine""]
    G --> H[""Blockchain Notarization""]
    F --> I[""Data Residency Control""]
    F --> J[""Regulatory Sandbox""]
    J --> K[""Stakeholder Engagement Platform""]

Tabella: Moduli FMC e Relative Funzionalità

===

[DOCUMENTO ID: synthetic_data_AETERNA\Volume_05_protocolli_di_comunicazione_e_interfacce.md:0:107] (Rerank Score: 0.70)
Audit e Notarizzazione: Tutte le fasi sono tracciate e notarizzate su Bit-Energy Ledger, a garanzia di compliance e auditabilità.

6. Governance Centralizzata delle API

La governance delle API è affidata a un Comitato Tecnico AETERNA API, responsabile di:

Approvazione delle modifiche breaking.

Validazione delle OpenAPI Specification.

Gestione del ciclo di vita delle versioni.

Coordinamento con i team di sviluppo Edge, Fog e Cloud.

Supervisione sulla compliance Kyoto 2.0 e sulle policy Bit-Energy.

Tutte le decisioni sono documentate e versionate tramite repository Git centralizzato e notarizzazione periodica.

Diagramma e Tabelle

Diagramma Mermaid: Flusso di Versionamento e Deprecazione

---

[DOCUMENTO ID: synthetic_data_AETERNA\Volume_13_interoperabilità_e_standardizzazione_internazionale.md:0:33] (Rerank Score: 0.70)
Protocolli RESTful documentati OpenAPI 3.0 e conversione trasparente di payload legacy (SOAP/XML, CSV) in formati JSON/Avro standardizzati.

Adapter Layer containerizzati e versionabili, conformi ai requisiti di rollback transazionale e atomicità delle operazioni (Transactional Outbox Pattern).

Gestione della Privacy e Compliance

Per la gestione della privacy e la conformità normativa (es. GDPR e Kyoto 2.0), AETERNA implementa:

Audit trail strutturati su storage geo-ridondato, con hash referenziati sulla blockchain Bit-Energy per garantire integrità e non ripudiabilità.

Data minimization e pseudonimizzazione dei dati personali secondo le best practice ISO/IEC 20889.

Meccanismi di data retention e diritto all’oblio, integrati nei workflow ETL orchestrati da Apache Airflow.

---

[DOCUMENTO ID: synthetic_data_AETERNA\Volume_05_protocolli_di_comunicazione_e_interfacce.md:0:110] (Rerank Score: 0.70)
Continuità Operativa: La coesistenza di versioni e la deprecazione progressiva evitano interruzioni di servizio per client legacy, consentendo upgrade graduali e pianificati.

Auditabilità e Compliance: La notarizzazione delle specifiche e delle transizioni su Bit-Energy Ledger assicura la tracciabilità e la compliance agli standard Kyoto 2.0, fondamentale in scenari regolamentati.

Riduzione del Rischio di Regressioni: L’integrazione di test di regressione e compatibilità retroattiva automatizzati minimizza il rischio di errori introdotti da evoluzioni delle API.

Governance Trasparente: La centralizzazione delle decisioni e la pubblicazione delle specifiche OpenAPI garantiscono trasparenza, responsabilità e allineamento tra i team Edge, Fog e Cloud.

---

[DOCUMENTO ID: synthetic_data_AETERNA\Volume_05_protocolli_di_comunicazione_e_interfacce.md:0:27] (Rerank Score: 0.70)
Caratteristica API Pubbliche API Private Accessibilità Esterni (partner, terze parti) Solo intra-VPC (microservizi AETERNA) Protocollo HTTPS (TLS 1.3), REST HTTPS (TLS 1.3) + mTLS, REST/Kafka Autenticazione OAuth 2.0, JWT Certificati X.509, mTLS Documentazione OpenAPI (Swagger) Interna, accesso tramite service mesh Rate Limiting Gateway API, per client/scope Service mesh, per servizio/metodo Audit e Tracciabilità Logging centralizzato, Bit-Energy Logging, notarizzazione, Bit-Energy Ledger Esempio Endpoint /api/v1/partner/orders /internal/v1/inventory/update Policy di Accesso Scope OAuth, policy RBAC Istio RBAC, namespace/service/method Supporto GraphQL Limitato (solo dashboard/report) Esteso (aggregazione dati interna)

Impatto

---

[DOCUMENTO ID: synthetic_data_AETERNA\Volume_15_formazione,_supporto_e_community.md:0:84] (Rerank Score: 0.70)
3. Piattaforme Utilizzate

Funzionalità Piattaforma/Tool Protocollo/API Integrazione AETERNA Community Management Docusaurus/MkDocs REST API, OAuth2.0/SAML2.0 Estensioni custom, RBAC Forum/Chat Matrix/Element Matrix API, WebRTC Embedded, RBAC Videoconferenza Jitsi Meet custom, Zoom API WebRTC, RTMP, REST API Containerizzato, bridge API Mentoring Workflow Custom Mentoring Suite REST API, Bit-Energy, CalDAV Dashboard, matching engine Documentazione Collaborativa GitHub/GitLab, S3 Storage Git API, S3 API Versionamento, CDN Whiteboard Excalidraw/Draw.io Embed API Embedded, RBAC Badge/Gamification Custom Badge Engine REST API, Bit-Energy Dashboard, audit trail Calendario Google Calendar, CalDAV Calendar API, Webhooks Sincronizzazione eventi Audit/Compliance Bit-Energy Blockchain REST API, SHA-256 notarization Audit trail, Kyoto 2.0

===

[DOCUMENTO ID: synthetic_data_AETERNA\Volume_13_interoperabilità_e_standardizzazione_internazionale.md:0:33] (Rerank Score: 0.80)
Protocolli RESTful documentati OpenAPI 3.0 e conversione trasparente di payload legacy (SOAP/XML, CSV) in formati JSON/Avro standardizzati.

Adapter Layer containerizzati e versionabili, conformi ai requisiti di rollback transazionale e atomicità delle operazioni (Transactional Outbox Pattern).

Gestione della Privacy e Compliance

Per la gestione della privacy e la conformità normativa (es. GDPR e Kyoto 2.0), AETERNA implementa:

Audit trail strutturati su storage geo-ridondato, con hash referenziati sulla blockchain Bit-Energy per garantire integrità e non ripudiabilità.

Data minimization e pseudonimizzazione dei dati personali secondo le best practice ISO/IEC 20889.

Meccanismi di data retention e diritto all’oblio, integrati nei workflow ETL orchestrati da Apache Airflow.

---

[DOCUMENTO ID: synthetic_data_AETERNA\Volume_05_protocolli_di_comunicazione_e_interfacce.md:0:107] (Rerank Score: 0.70)
Audit e Notarizzazione: Tutte le fasi sono tracciate e notarizzate su Bit-Energy Ledger, a garanzia di compliance e auditabilità.

6. Governance Centralizzata delle API

La governance delle API è affidata a un Comitato Tecnico AETERNA API, responsabile di:

Approvazione delle modifiche breaking.

Validazione delle OpenAPI Specification.

Gestione del ciclo di vita delle versioni.

Coordinamento con i team di sviluppo Edge, Fog e Cloud.

Supervisione sulla compliance Kyoto 2.0 e sulle policy Bit-Energy.

Tutte le decisioni sono documentate e versionate tramite repository Git centralizzato e notarizzazione periodica.

Diagramma e Tabelle

Diagramma Mermaid: Flusso di Versionamento e Deprecazione

---

[DOCUMENTO ID: synthetic_data_AETERNA\Volume_05_protocolli_di_comunicazione_e_interfacce.md:0:110] (Rerank Score: 0.70)
Continuità Operativa: La coesistenza di versioni e la deprecazione progressiva evitano interruzioni di servizio per client legacy, consentendo upgrade graduali e pianificati.

Auditabilità e Compliance: La notarizzazione delle specifiche e delle transizioni su Bit-Energy Ledger assicura la tracciabilità e la compliance agli standard Kyoto 2.0, fondamentale in scenari regolamentati.

Riduzione del Rischio di Regressioni: L’integrazione di test di regressione e compatibilità retroattiva automatizzati minimizza il rischio di errori introdotti da evoluzioni delle API.

Governance Trasparente: La centralizzazione delle decisioni e la pubblicazione delle specifiche OpenAPI garantiscono trasparenza, responsabilità e allineamento tra i team Edge, Fog e Cloud.

---

[DOCUMENTO ID: synthetic_data_AETERNA\Volume_05_protocolli_di_comunicazione_e_interfacce.md:0:39] (Rerank Score: 0.70)
2.3.3 Integrazione con Bit-Energy Ledger

Le operazioni classificate come critiche (es. transazioni energetiche, modifiche di policy, accessi privilegiati) sono notarizzate tramite il modulo Bit-Energy Ledger, che garantisce immutabilità, timestamping e tracciabilità end-to-end.

3. Diagramma e Tabelle

3.1 Sequence Diagram: Flusso Sicurezza Chiamata API

sequenceDiagram
    participant C as ""Client""
    participant IdP as ""Identity Provider""
    participant GW as ""API Gateway""
    participant MS as ""Microservizio""
    participant ELK as ""ELK Stack""
    participant BEL as ""Bit-Energy Ledger""

---

[DOCUMENTO ID: synthetic_data_AETERNA\Volume_15_formazione,_supporto_e_community.md:0:36] (Rerank Score: 0.70)
Backend Node.js/Python, orchestrazione workflow tramite BPMN (Camunda).

Storage proposte su database relazionale (PostgreSQL) e notarizzazione hash SHA-256 su Bit-Energy Blockchain.

Fasi: Submission → Discussione Pubblica → Votazione Elettronica → Prioritizzazione.

Tracciamento tramite variabili: proposal_id, user_id, discussion_id, vote_id, bitenergy_hash.

Issue Tracking e Bug Reporting:

Basato su repository Git pubblici (GitLab/GitHub Enterprise), con issue template customizzati per AETERNA.

Integrazione webhook con CI/CD (Jenkins, GitHub Actions) per trigger automatici su nuove issue/pull request.

Stato issue sincronizzato con dashboard utente via WebSocket; supporto a label e milestone.

Variabili chiave: issue_id, user_id, status, bitenergy_hash.",5,1.0
Quale annotazione viene utilizzata per limitare il numero di connessioni simultanee in una risorsa Ingress?,nginx.ingress.kubernetes.io/limit-connections,facile,"L’annotazione utilizzata per limitare il numero di connessioni simultanee in una risorsa Ingress è limit-connections. 

Questa annotazione può essere configurata su risorse Ingress (o tramite specifici ingress controller che la supportano) per definire il limite massimo di connessioni concorrenti consentite verso un backend o un gruppo di backend.","[1.0, 0.3, 0.0, 0.0, 0.0]","[DOCUMENTO ID: synthetic_data_AETERNA\Volume_05_protocolli_di_comunicazione_e_interfacce.md:0:121] (Rerank Score: 1.00)
Policy Descrizione Livello di Applicazione Strumenti/Annotazioni Autenticazione OAuth2 Validazione token JWT, refresh token, scope-based access API Gateway, Ingress auth-url , middleware custom mTLS Autenticazione reciproca client-server API Gateway, Ingress Certificati X.509, SNI Rate Limiting Limite richieste/minuto, burst control, ban IP API Gateway, Ingress limit-connections , limit-rpm WAF Protezione da SQLi/XSS/DoS, regole OWASP top 10 Ingress Controller ModSecurity, CRS Restrizione IP/CIDR Accesso consentito solo da subnet autorizzate Ingress Controller whitelist-source-range Header Sicurezza HSTS, CSP, X-Frame-Options, X-Content-Type-Options Ingress Controller add-headers Audit e Notarizzazione Logging eventi critici, notarizzazione su Bit-Energy Ledger API Gateway, Ingress Logging centralizzato, webhook, Ledger API

---

[DOCUMENTO ID: synthetic_data_AETERNA\Volume_06_algoritmi_di_ottimizzazione_energetica.md:0:19] (Rerank Score: 0.30)
1.2. Algoritmi Utilizzati

Round-Robin Ponderato: Utilizzato come baseline per la distribuzione iniziale, assegna le richieste in modo uniforme, ma con pesi proporzionali alla capacità hardware dichiarata (CPU, RAM, acceleratori).

Weighted Least Connection (WLC): Ogni nodo riceve un punteggio calcolato come rapporto tra connessioni attive e capacità hardware. Le nuove richieste sono indirizzate ai nodi con il punteggio più basso.

Threshold-Based Dynamic Rebalancing: Soglie configurabili (es. CPU > 75%, RAM < 20%) attivano il ribilanciamento automatico, deviando le nuove richieste e, se necessario, migrando workload attivi.

---

[DOCUMENTO ID: synthetic_data_AETERNA\Volume_04_sicurezza_informatica_e_cyber-resilienza.md:0:93] (Rerank Score: 0.00)
Tabella: Policy di Isolamento Risorse Smart Contract

Risorsa Policy di Isolamento Enforcement Azione su Violazione CPU Quota massima per container cgroups/microVM Throttling/Sospensione RAM Quota massima per container cgroups/microVM Swap/Terminazione Filesystem Directory virtuale isolata (tmpfs) mount namespace Accesso Negato/Log Anomalia Networking Solo API trading interne net namespace Blocco Firewall/Quarantena Syscall Whitelist syscall minima seccomp Terminazione/Quarantena Tempo (Pulse) Contesto temporale virtuale time namespace Desincronizzazione/Log API H-Node Accesso mediato da IAM e ACL IAM Engine Revoca Chiavi/Quarantena

Impatto

---

[DOCUMENTO ID: synthetic_data_AETERNA\Volume_06_algoritmi_di_ottimizzazione_energetica.md:0:25] (Rerank Score: 0.00)
Parametro Descrizione Range/Default Livello Applicazione cpu_threshold Soglia di utilizzo CPU per trigger ribilanciamento 0.5 – 0.9 (0.75) Edge, Fog, Cloud ram_threshold Soglia di utilizzo RAM per trigger ribilanciamento 0.5 – 0.95 (0.80) Edge, Fog, Cloud conn_weight Peso delle connessioni attive nel calcolo WLC 0.1 – 1.0 (0.5) Fog, Cloud health_check_interval Intervallo tra probe di health check 5s – 60s (15s) Edge, Fog, Cloud failover_timeout Timeout massimo per dichiarare un nodo non disponibile 10s – 120s (30s) Edge, Fog, Cloud aggregation_window Durata della finestra mobile per aggregazione metriche 10s – 120s (60s) Edge, Fog, Cloud rebalance_cooldown Tempo minimo tra due ribilanciamenti consecutivi 30s – 300s (60s) Fog, Cloud

---

[DOCUMENTO ID: synthetic_data_AETERNA\Volume_17_testing,_validazione_e_certificazione.md:0:120] (Rerank Score: 0.00)
Non Regressione: Ogni regressione rilevata rispetto alle versioni precedenti genera automaticamente una issue tracciata e, se critico, blocca la pipeline di rilascio.

Diagramma e Tabelle

Diagramma di Sequenza: Flusso Tipico di Testing di Integrazione

sequenceDiagram
    participant DevOps as ""Pipeline_CI_CD""
    participant Postman as ""Postman_Collection""
    participant Newman as ""Newman_Executor""
    participant WireMock as ""WireMock_Mock""
    participant MicroserviceA as ""Microservice_A""
    participant MicroserviceB as ""Microservice_B""
    participant Dashboard as ""Grafana_Dashboard""",2,0.75
In che modo la pipeline CI/CD di AETERNA garantisce sia la validazione della sicurezza delle API sia la tracciabilità dei risultati rispetto agli standard Kyoto 2.0 e Bit-Energy?,"La pipeline CI/CD di AETERNA garantisce la validazione della sicurezza delle API tramite l’esecuzione automatizzata di test di sicurezza (scanner OWASP ZAP, fuzzing) che identificano e mitigano vulnerabilità, verificano l’enforcement delle security headers, la robustezza delle policy WAF, la gestione di sessioni e certificati, e l’audit tramite Bit-Energy Ledger. La tracciabilità dei risultati rispetto agli standard Kyoto 2.0 e Bit-Energy è assicurata dall’aggregazione e analisi dei report di test, dalla notarizzazione degli esiti critici nel Bit-Energy Ledger, dall’integrazione dei risultati nei dashboard centralizzati e dalla verifica della compliance tramite policy as code e audit trail.",media,"La pipeline CI/CD di AETERNA garantisce sia la validazione della sicurezza delle API sia la tracciabilità rispetto agli standard Kyoto 2.0 e Bit-Energy attraverso un insieme di tecniche integrate e metodologie automatizzate:

1. Validazione sicurezza API:
- Testing automatizzato: La pipeline CI/CD orchestra test di integrazione, carico e sicurezza sulle API esposte ai diversi livelli (Edge, Fog, Cloud) (Volume_05_protocolli_di_comunicazione_e_interfacce).
- Security scan e fuzzing: Sono inclusi step specifici nelle pipeline per security scan, scanner di vulnerabilità di ultima generazione, automation di penetration test (Dredd, Postman, conformità OpenAPI, fuzzing) secondo standard ISO/IEC 27035 (Volume_13_interoperabilità, Volume_05 e Volume_17_testing).
- Continuous validation: Ogni modifica al codice e alle interfacce viene testata in modo esaustivo prima della promozione in produzione, assicurando una postura di sicurezza proattiva e continua.

2. Tracciabilità e compliance Kyoto 2.0/Bit-Energy:
- Audit e blockchain: La pipeline CI/CD integra un sistema di audit e compliance tramite blockchain privata Bit-Energy e tecniche di data lineage che garantiscono trasparenza, immutabilità e verificabilità dei risultati (Volume_14_monitoraggio e Volume_17_testing).
- Notarizzazione e tagging: Ogni evento rilevante (es. transazione, sessione di ricarica) è ledgerizzato e associato a tag Kyoto 2.0 e identificativi Bit-Energy, favorendo la tracciabilità e la compliance (Volume_12_mobilità_elettrica e Volume_11_integrazione_rinnovabili).
- Logging e reporting automatizzati: Tutte le fasi rilevanti della pipeline (build, test, promotion, deploy) sono tracciate e loggate secondo policy Kyoto 2.0, facilitando successivi audit e garantendo trasparenza metodologica (Volume_18_evoluzione_tecnologica).

In sintesi: la pipeline CI/CD di AETERNA unisce validazione automatizzata della sicurezza (con test e scanner dedicati) e tracciabilità certificata dei risultati tramite blockchain e audit trail, garantendo conformità e trasparenza sia agli standard Kyoto 2.0 che Bit-Energy.","[1.0, 1.0, 0.8, 0.8, 0.7, 1.0, 1.0, 1.0, 1.0, 1.0]","[DOCUMENTO ID: synthetic_data_AETERNA\Volume_05_protocolli_di_comunicazione_e_interfacce.md:0:128] (Rerank Score: 1.00)
Nel contesto dell’architettura multilivello di AETERNA, la robustezza e la sicurezza delle interfacce di comunicazione rappresentano requisiti imprescindibili per garantire la continuità operativa, la compliance agli standard interni (es. Kyoto 2.0, Bit-Energy) e la resilienza delle micro-reti energetiche. Il testing delle interfacce, in particolare delle API esposte a Edge, Fog e Cloud, viene sistematicamente automatizzato attraverso pipeline CI/CD integrate, che orchestrano test di integrazione, carico e sicurezza, assicurando un controllo di qualità continuo e riducendo drasticamente il rischio di regressioni funzionali e vulnerabilità. L’automazione del ciclo di validazione, supportata da strumenti di test e scanner di sicurezza di ultima generazione, costituisce un pilastro fondamentale

---

[DOCUMENTO ID: synthetic_data_AETERNA\Volume_13_interoperabilità_e_standardizzazione_internazionale.md:0:7] (Rerank Score: 1.00)
Federazione e Integrazione Esterna - SAML 2.0: Federazione Single Sign-On (SSO) tra AETERNA e Identity Provider di terze parti, con assertion firmate e scadenza temporale stretta. - OAuth 2.0: Delegazione sicura degli accessi API per integrazione con servizi esterni (es. dashboard municipali, piattaforme Kyoto 2.0). - PKI: Gestione dei certificati digitali tramite PKI interna conforme a ISO/IEC 9594-8 (X.509), con CRL e OCSP per revoca in tempo reale.

Conformità e Testing Automatizzato - Test di conformità: Suite automatizzate (es. Dredd, Postman) per la verifica continua della conformità OpenAPI e della validità degli schemi XSD. - Penetration test: Esecuzione periodica di penetration test secondo ISO/IEC 27035, con reportistica automatizzata e remediation tracking.

---

[DOCUMENTO ID: synthetic_data_AETERNA\Volume_05_protocolli_di_comunicazione_e_interfacce.md:0:139] (Rerank Score: 0.80)
Impatto

L’adozione di un framework di testing delle interfacce completamente automatizzato e integrato nelle pipeline CI/CD di AETERNA comporta una serie di impatti strategici e operativi di rilievo:

Riduzione del rischio di regressioni: La validazione continua delle interfacce assicura che ogni modifica sia testata in modo esaustivo prima della promozione in produzione, prevenendo l’introduzione di errori e incompatibilità.

Miglioramento della sicurezza: L’integrazione di scanner di vulnerabilità e fuzzing automatizzato riduce drasticamente la finestra di esposizione a minacce note e sconosciute, garantendo una postura di sicurezza proattiva e conforme alle policy AETERNA.

---

[DOCUMENTO ID: synthetic_data_AETERNA\Volume_17_testing,_validazione_e_certificazione.md:0:85] (Rerank Score: 0.80)
La sicurezza applicativa, nell’ambito del Progetto AETERNA, rappresenta un pilastro fondamentale per garantire la resilienza, la privacy e l’integrità delle micro-reti energetiche decentralizzate. Il modello di threat landscape di AETERNA è particolarmente articolato, in ragione della distribuzione su tre livelli (Edge, Fog, Cloud), della presenza di asset critici (es. smart contract per il trading P2P, motori AI predittivi, ledger Bit-Energy, badge Kyoto 2.0) e della necessità di assicurare la continuità operativa in ambienti ostili o compromessi. In tale contesto, il testing della sicurezza applicativa non è un’attività isolata, bensì un processo continuo, integrato nelle pipeline CI/CD e nella governance del ciclo di vita del software, con l’obiettivo di

---

[DOCUMENTO ID: synthetic_data_AETERNA\Volume_18_evoluzione_tecnologica_e_roadmap_di_ricerca.md:0:128] (Rerank Score: 0.70)
2. Pipeline CI/CD: Architettura e Flussi

Le pipeline CI/CD di AETERNA sono progettate per supportare la multi-tenancy, la segmentazione per ambiente (dev, test, staging, prod) e la compliance con le policy Kyoto 2.0. Ogni pipeline è composta da step modulari e parametrizzabili, con gestione delle seguenti fasi:

Checkout e Validazione Branch

Build e Static Analysis

Unit/Integration/E2E Test

Package & Container Build

Security Scan

Artifact Promotion

Deploy su ambiente target

Smoke Test post-deploy

Rollback automatico in caso di failure

Notifica e logging degli eventi

Esempio di flusso CI/CD (Mermaid):

===

[DOCUMENTO ID: synthetic_data_AETERNA\Volume_14_monitoraggio,_telemetria_e_analisi_predittiva.md:0:12] (Rerank Score: 1.00)
L’architettura dei sistemi di monitoraggio implementata in AETERNA garantisce una raccolta dati affidabile, tempestiva e scalabile, abilitando la gestione ottimale di micro-reti energetiche decentralizzate. L’approccio modulare e l’adozione di tecnologie di orchestrazione avanzate (Kubernetes, code distribuite, motori di regole) consentono di adattare dinamicamente la pipeline a variazioni di carico e a nuove tipologie di dati, assicurando la continuità operativa anche in scenari di fault parziali o attacchi informatici. La stretta integrazione con i sistemi di audit e compliance – tramite blockchain privata, firma digitale e data lineage – rende il sistema trasparente e verificabile, facilitando la conformità agli standard Kyoto 2.0, Bit-Energy e alle normative internazionali di

---

[DOCUMENTO ID: synthetic_data_AETERNA\Volume_17_testing,_validazione_e_certificazione.md:0:27] (Rerank Score: 1.00)
La tracciabilità garantita dalla registrazione su blockchain Bit-Energy, unita alla granularità delle metriche raccolte e alla ripetibilità dei test tramite pipeline CI/CD, ha elevato lo standard di auditabilità e compliance, rendendo il sistema conforme agli standard interni Kyoto 2.0 e alle best practice di sicurezza e sostenibilità. In ultima analisi, questa impostazione metodologica ha ridotto drasticamente il rischio di failure in esercizio e ha fornito una base solida per l’evoluzione futura della piattaforma, favorendo l’adozione di AETERNA in contesti urbani complessi e dinamici.

Capitolo 3: Certificazione di Sicurezza e Qualità

Introduzione Teorica

---

[DOCUMENTO ID: synthetic_data_AETERNA\Volume_12_interfacciamento_con_la_mobilità_elettrica.md:0:93] (Rerank Score: 1.00)
Trasparenza e Auditabilità: La ledgerizzazione di ogni evento tariffario e sessione di ricarica, con correlazione ai tag Kyoto 2.0 e identificativi Bit-Energy, garantisce tracciabilità, trasparenza e compliance agli standard interni, riducendo il rischio di dispute e frodi.

Scalabilità e Replicabilità: L’architettura modulare e l’adozione di protocolli standard consentono la scalabilità del sistema AETERNA e la sua replicabilità in contesti urbani eterogenei, adattando dinamicamente i parametri di pricing alle specificità locali.

---

[DOCUMENTO ID: synthetic_data_AETERNA\Volume_11_integrazione_con_le_energie_rinnovabili.md:0:40] (Rerank Score: 1.00)
Dal punto di vista della sicurezza e della compliance, la cifratura end-to-end, la gestione hardware delle chiavi e la notarizzazione blockchain assicurano la protezione dei dati sensibili e la tracciabilità di ogni evento rilevante, in piena aderenza alle policy Kyoto 2.0 e agli standard Bit-Energy. La strutturazione multilivello dello storage riduce la dipendenza dal cloud centrale, favorendo la decentralizzazione e l’autonomia operativa dei micro-ecosistemi urbani, in linea con la missione di AETERNA.

---

[DOCUMENTO ID: synthetic_data_AETERNA\Volume_06_algoritmi_di_ottimizzazione_energetica.md:0:87] (Rerank Score: 1.00)
Supporto alla Crescita delle Rinnovabili: L’ottimizzazione dinamica dei flussi energetici permette di integrare quote crescenti di generazione distribuita senza compromettere la stabilità della rete, abilitando scenari di autarchia urbana e micro-grid isole.

Riduzione dei Costi Operativi: L’automazione dei processi di instradamento e la manutenzione predittiva diminuiscono la necessità di interventi manuali e riducono i costi di esercizio e ripristino.

Compliance e Auditabilità: Il logging immutabile tramite Bit-Energy Ledger e la correlazione con Kyoto 2.0 garantiscono la piena tracciabilità e conformità agli standard interni di AETERNA, facilitando audit e certificazioni future.",2,0.75
